peek_1,peek_2,peek_3,peek_4
2023-10-24 11:01:39.474999808,,,
,2023-10-24 11:01:41.321000192,,
,2023-10-24 11:01:42.180999936,,
,2023-10-24 11:01:42.946000128,,
,2023-10-24 11:01:43.584999936,,
,2023-10-24 11:01:44.362999808,,
,2023-10-24 11:01:45.127000064,,
,,2023-10-24 11:01:52.908000000,
,,2023-10-24 11:01:53.712999936,
,,2023-10-24 11:01:54.448999936,
,,2023-10-24 11:01:55.130000128,
,,2023-10-24 11:01:55.865999872,
,,2023-10-24 11:01:56.491000064,
,,2023-10-24 11:01:57.227000064,
,,,2023-10-24 11:02:04.114000128
,,,2023-10-24 11:02:04.767000064
,,,2023-10-24 11:02:05.504000000
,,,2023-10-24 11:02:06.256000000
,,,2023-10-24 11:02:06.920000000
,,,2023-10-24 11:02:07.601000192
,,,2023-10-24 11:02:08.323000064
,,,2023-10-24 11:02:09.045000192
