time,position_x,position_y,position_z
1698907573506,0.008360768,2.138895,-0.4787738
1698907573517,0.01082175,0.7436685,-0.4791283
1698907573532,0.01107685,0.7437044,-0.4791452
1698907573552,0.01130437,0.7438362,-0.4790595
1698907573570,0.01153964,0.7439467,-0.4789571
1698907573591,0.01177625,0.7439775,-0.4789871
1698907573608,0.0119897,0.7439811,-0.4790517
1698907573625,0.01223586,0.7439682,-0.4791355
1698907573642,0.01246334,0.7439255,-0.4792593
1698907573658,0.01263125,0.7438331,-0.4794535
1698907573673,0.01275456,0.7437966,-0.4796918
1698907573689,0.01278106,0.7437998,-0.4799128
1698907573703,0.01277067,0.743777,-0.4801239
1698907573718,0.01280365,0.7436724,-0.4803669
1698907573733,0.01281287,0.7435176,-0.480566
1698907573749,0.01281134,0.7432832,-0.4807104
1698907573764,0.01279626,0.7430266,-0.480818
1698907573779,0.01278392,0.7427591,-0.4808576
1698907573794,0.01277019,0.7425579,-0.4808807
1698907573808,0.01274212,0.7424524,-0.4808581
1698907573823,0.01269143,0.7424639,-0.4807884
1698907573838,0.01265438,0.7424732,-0.4806795
1698907573851,0.01266374,0.742411,-0.4805594
1698907573865,0.01268608,0.7423358,-0.4804138
1698907573880,0.01271835,0.7422806,-0.4802749
1698907573894,0.01275566,0.7422535,-0.4801501
1698907573908,0.01274959,0.7422319,-0.480066
1698907573922,0.01271909,0.7422222,-0.4800116
1698907573936,0.01269004,0.742127,-0.4799503
1698907573950,0.01267461,0.7419991,-0.4798242
1698907573964,0.01268896,0.7417999,-0.4796639
1698907573979,0.01273071,0.7415936,-0.4795388
1698907573993,0.01279963,0.7413856,-0.4794225
1698907574007,0.01292559,0.7411857,-0.4792494
1698907574021,0.01313496,0.7409004,-0.4790643
1698907574034,0.0133643,0.7406452,-0.4788738
1698907574049,0.01357297,0.7403756,-0.4786484
1698907574062,0.01376995,0.7401651,-0.4784121
1698907574077,0.01398483,0.7399521,-0.4781393
1698907574090,0.01421375,0.7398468,-0.4778368
1698907574103,0.01443058,0.7397588,-0.4775266
1698907574116,0.01462691,0.7397131,-0.4772329
1698907574130,0.01484469,0.7396253,-0.4769923
1698907574144,0.01499085,0.739546,-0.4767619
1698907574158,0.01516736,0.7394559,-0.4765709
1698907574173,0.01533115,0.7393157,-0.4763719
1698907574187,0.01549615,0.7391842,-0.476123
1698907574200,0.01563711,0.7390844,-0.4758817
1698907574214,0.01571976,0.738951,-0.4756786
1698907574227,0.01583203,0.7388722,-0.4754379
1698907574241,0.01583392,0.738828,-0.4752836
1698907574255,0.01581521,0.7387302,-0.4751311
1698907574269,0.01579892,0.7385215,-0.4749259
1698907574283,0.01582921,0.7381425,-0.4745027
1698907574296,0.01586083,0.7379648,-0.4741501
1698907574309,0.0158772,0.7379121,-0.4737887
1698907574323,0.01582089,0.7379613,-0.4734055
1698907574337,0.0157588,0.7379763,-0.473016
1698907574351,0.01564319,0.7380217,-0.4725261
1698907574366,0.01550704,0.7380347,-0.4720131
1698907574380,0.01538513,0.738047,-0.4715353
1698907574394,0.01524664,0.7380223,-0.4710599
1698907574407,0.0151076,0.7379351,-0.4706331
1698907574422,0.0149666,0.7377966,-0.4702083
1698907574436,0.01485075,0.7374903,-0.4697432
1698907574451,0.01479084,0.7371939,-0.4692954
1698907574463,0.0146575,0.7369428,-0.4688626
1698907574476,0.01448699,0.7368021,-0.468495
1698907574492,0.01433115,0.7366646,-0.4681713
1698907574506,0.01421144,0.7364228,-0.4678206
1698907574520,0.01412909,0.7362157,-0.4674893
1698907574531,0.01400283,0.7360525,-0.4672146
1698907574544,0.01383677,0.7360321,-0.4670008
1698907574557,0.01361754,0.7359669,-0.46673
1698907574572,0.01344513,0.735863,-0.4664728
1698907574586,0.01336263,0.7357096,-0.4661828
1698907574599,0.01322272,0.7356757,-0.4659141
1698907574614,0.01306844,0.7356875,-0.4656716
1698907574628,0.01287934,0.7357111,-0.4654351
1698907574640,0.01272723,0.7356861,-0.4651541
1698907574655,0.01253076,0.7357914,-0.4649859
1698907574670,0.01232022,0.7358804,-0.4648243
1698907574682,0.01210949,0.7359126,-0.4646788
1698907574696,0.01188608,0.7359148,-0.4645527
1698907574710,0.01167852,0.7359037,-0.4644256
1698907574724,0.01147988,0.7359182,-0.4642862
1698907574737,0.01127589,0.7359424,-0.4641674
1698907574752,0.01107259,0.7358931,-0.4640335
1698907574766,0.0108763,0.7357669,-0.4638934
1698907574780,0.01067815,0.7356254,-0.4637534
1698907574794,0.01047889,0.7354737,-0.4636176
1698907574807,0.01026346,0.735334,-0.4634695
1698907574820,0.0100621,0.7351448,-0.46332
1698907574834,0.009816533,0.7349902,-0.463154
1698907574849,0.009609396,0.7348248,-0.4629998
1698907574864,0.009382099,0.734699,-0.4628288
1698907574876,0.009158267,0.7345923,-0.4626707
1698907574890,0.009079149,0.7346818,-0.4625435
1698907574904,0.008856259,0.7345126,-0.4623145
1698907574917,0.008785158,0.7344954,-0.4621667
1698907574932,0.008732174,0.7344431,-0.4619899
1698907574945,0.008698102,0.7343643,-0.4618222
1698907574959,0.008668222,0.7343183,-0.4616969
1698907574973,0.008634297,0.7342594,-0.4615747
1698907574987,0.008600179,0.7341647,-0.4613934
1698907575002,0.008568762,0.7340477,-0.4612243
1698907575014,0.008531881,0.7339222,-0.4610386
1698907575028,0.00846367,0.7338374,-0.4608426
1698907575042,0.008363793,0.7337444,-0.4606515
1698907575058,0.008195987,0.7336006,-0.4603862
1698907575071,0.00804046,0.7334884,-0.4601764
1698907575085,0.007925317,0.7334185,-0.4599857
1698907575098,0.007748242,0.7332708,-0.4597665
1698907575113,0.007542916,0.7331892,-0.4595944
1698907575126,0.007384352,0.7331086,-0.4593578
1698907575140,0.007331692,0.733079,-0.4591724
1698907575155,0.007150399,0.7330262,-0.4589662
1698907575169,0.007042486,0.7328843,-0.4586853
1698907575182,0.007004566,0.7328823,-0.4585203
1698907575196,0.007063713,0.7328818,-0.4583915
1698907575210,0.007171365,0.7328275,-0.4582657
1698907575224,0.007289043,0.7327364,-0.4581605
1698907575237,0.007415373,0.7326202,-0.4580576
1698907575251,0.007523376,0.7325339,-0.4579438
1698907575266,0.007619917,0.7324339,-0.4578239
1698907575279,0.007706141,0.7323082,-0.4577076
1698907575294,0.007765118,0.7321649,-0.4575599
1698907575307,0.007822225,0.7320598,-0.4574254
1698907575321,0.00787979,0.7320229,-0.4573103
1698907575334,0.007952301,0.7319886,-0.4571859
1698907575348,0.008072736,0.7319549,-0.4570232
1698907575362,0.008209718,0.7318917,-0.4568402
1698907575377,0.008332334,0.7318299,-0.4566545
1698907575392,0.008446334,0.731775,-0.456467
1698907575404,0.008542232,0.7317294,-0.4562875
1698907575420,0.008608336,0.7317074,-0.4560956
1698907575433,0.008669648,0.7317002,-0.455879
1698907575446,0.008732291,0.7317155,-0.4556659
1698907575461,0.008820487,0.7317332,-0.4554437
1698907575474,0.008904934,0.7317559,-0.4552232
1698907575489,0.008999422,0.7317285,-0.4550043
1698907575501,0.009102438,0.7316883,-0.4548049
1698907575516,0.009230049,0.7316621,-0.4545858
1698907575529,0.00937612,0.7316367,-0.454402
1698907575543,0.009536315,0.7315861,-0.4542201
1698907575557,0.009722585,0.7314651,-0.4540201
1698907575571,0.009922519,0.7313713,-0.4538306
1698907575586,0.01008983,0.731365,-0.4536833
1698907575599,0.01029185,0.7314172,-0.45358
1698907575614,0.01053638,0.7314219,-0.4534534
1698907575628,0.01076673,0.7313808,-0.4533327
1698907575641,0.01100247,0.7313447,-0.4532277
1698907575655,0.01127376,0.7314042,-0.4531161
1698907575668,0.01152128,0.7315156,-0.4530268
1698907575683,0.01176694,0.731666,-0.4529253
1698907575697,0.01199256,0.7317968,-0.4527884
1698907575711,0.01219972,0.7319196,-0.4526403
1698907575725,0.01237844,0.732042,-0.4524788
1698907575738,0.01257229,0.7321852,-0.4523029
1698907575752,0.0127418,0.7323091,-0.4520943
1698907575765,0.0129031,0.7324623,-0.4518846
1698907575779,0.01297689,0.7327408,-0.4516713
1698907575794,0.01308184,0.7330614,-0.4515096
1698907575807,0.01326103,0.7333121,-0.4513159
1698907575822,0.01342855,0.7335595,-0.4510738
1698907575835,0.01365485,0.7338584,-0.4508822
1698907575849,0.01385809,0.7341772,-0.4507168
1698907575863,0.01401012,0.7344881,-0.4505233
1698907575877,0.01416668,0.7348705,-0.4504153
1698907575890,0.01433661,0.7352727,-0.4502924
1698907575904,0.01446527,0.7356594,-0.4501814
1698907575919,0.01455514,0.7360154,-0.4500645
1698907575932,0.01468192,0.7363728,-0.4499459
1698907575947,0.01481687,0.7366835,-0.4498895
1698907575961,0.01492145,0.7369754,-0.4498446
1698907575973,0.01501065,0.7373667,-0.4498188
1698907575988,0.01502959,0.7377355,-0.449809
1698907576002,0.01504898,0.7381897,-0.4498193
1698907576017,0.01511462,0.7385812,-0.4498483
1698907576031,0.01512319,0.7389262,-0.4498472
1698907576045,0.01515766,0.7392657,-0.4498866
1698907576059,0.01510997,0.739648,-0.4499557
1698907576071,0.01505199,0.7400475,-0.4500485
1698907576085,0.01497734,0.7404162,-0.4502319
1698907576099,0.01479058,0.7408152,-0.4504191
1698907576114,0.01464807,0.7412229,-0.4506044
1698907576128,0.01446739,0.7415758,-0.4507501
1698907576142,0.01428468,0.7418856,-0.4509021
1698907576155,0.01409985,0.7421293,-0.4510556
1698907576169,0.0139092,0.7423208,-0.4512175
1698907576183,0.01376418,0.7424588,-0.4513642
1698907576197,0.01362578,0.7425743,-0.4515105
1698907576211,0.01347353,0.7427517,-0.4516143
1698907576226,0.01338733,0.7427768,-0.4517175
1698907576238,0.01332282,0.7427678,-0.4517827
1698907576253,0.01327874,0.7427561,-0.4517887
1698907576267,0.01323814,0.7427448,-0.4517848
1698907576281,0.01320794,0.7427789,-0.4517849
1698907576294,0.01316946,0.7428843,-0.4517763
1698907576309,0.01306997,0.7430332,-0.4518186
1698907576323,0.01289438,0.7432138,-0.4519055
1698907576337,0.01268957,0.7434169,-0.4520223
1698907576351,0.01242586,0.7435791,-0.4521257
1698907576364,0.0121786,0.743707,-0.4522256
1698907576379,0.0119686,0.7438172,-0.4523138
1698907576392,0.01181845,0.7438689,-0.4523818
1698907576405,0.01165351,0.7438751,-0.452457
1698907576421,0.01151676,0.7438647,-0.4524902
1698907576433,0.01137665,0.7438442,-0.4525232
1698907576447,0.01122754,0.7437557,-0.4525778
1698907576461,0.01107755,0.7436361,-0.4526209
1698907576476,0.01095368,0.7434336,-0.4526425
1698907576490,0.01083575,0.7432359,-0.4526863
1698907576504,0.01073155,0.7429967,-0.4527428
1698907576518,0.01064147,0.7427973,-0.4528356
1698907576533,0.01054599,0.7426731,-0.4530179
1698907576545,0.01041614,0.7426548,-0.4533156
1698907576559,0.01006014,0.7431027,-0.4539962
1698907576574,0.009695791,0.7434962,-0.4545878
1698907576588,0.009299167,0.743834,-0.4552654
1698907576601,0.008869555,0.7440742,-0.4559686
1698907576615,0.008347789,0.7441521,-0.4567193
1698907576629,0.007807367,0.7441562,-0.4574662
1698907576643,0.007248566,0.7440315,-0.4581745
1698907576657,0.006788801,0.7438453,-0.4588978
1698907576671,0.006336072,0.7436074,-0.4595737
1698907576685,0.005874446,0.7432152,-0.4601503
1698907576699,0.005540324,0.7427761,-0.4607232
1698907576713,0.00523356,0.7423611,-0.461237
1698907576727,0.00497704,0.7418967,-0.4616926
1698907576740,0.004785068,0.7415317,-0.462101
1698907576754,0.004650464,0.7412454,-0.4624597
1698907576768,0.004661061,0.740971,-0.4627929
1698907576783,0.004688449,0.7407926,-0.4629912
1698907576796,0.004822941,0.7406223,-0.4631821
1698907576810,0.005058788,0.7405432,-0.4633328
1698907576824,0.005153261,0.740373,-0.4635101
1698907576837,0.005473072,0.7404935,-0.4635423
1698907576851,0.005811471,0.7406577,-0.4635472
1698907576866,0.006288491,0.7409303,-0.4633603
1698907576879,0.006687025,0.7410682,-0.4632632
1698907576892,0.007075977,0.7412049,-0.4631578
1698907576907,0.007486483,0.741338,-0.4630335
1698907576921,0.007910095,0.7415352,-0.4629002
1698907576934,0.008315347,0.74171,-0.4626918
1698907576948,0.008756986,0.7417849,-0.4625103
1698907576962,0.009207096,0.7418692,-0.4623345
1698907576976,0.009643655,0.7419311,-0.4621416
1698907576991,0.01016255,0.7419936,-0.4619492
1698907577004,0.01058935,0.7419896,-0.4616739
1698907577018,0.01111375,0.7420651,-0.4615004
1698907577031,0.01159552,0.7421055,-0.461242
1698907577045,0.01211177,0.7421736,-0.461057
1698907577059,0.01263747,0.7422174,-0.4608288
1698907577073,0.01315554,0.742249,-0.4605833
1698907577087,0.01368646,0.7422915,-0.4604088
1698907577101,0.01421793,0.7423549,-0.4602217
1698907577115,0.01474007,0.7424433,-0.460024
1698907577130,0.01525399,0.7425407,-0.4598472
1698907577143,0.0157229,0.7426658,-0.4596443
1698907577157,0.01620262,0.7427671,-0.4594585
1698907577171,0.01660374,0.7428897,-0.4592636
1698907577185,0.0170398,0.7430539,-0.4591259
1698907577199,0.01742857,0.7431662,-0.4589699
1698907577214,0.01782196,0.7433092,-0.4588443
1698907577227,0.01820443,0.7434505,-0.4587279
1698907577240,0.01854669,0.7435413,-0.4586304
1698907577255,0.01879827,0.7436829,-0.4585383
1698907577268,0.01902349,0.7438079,-0.4584617
1698907577281,0.01915377,0.7439166,-0.4583998
1698907577296,0.01942021,0.7440379,-0.4583709
1698907577311,0.01952161,0.7441157,-0.4583634
1698907577325,0.01958547,0.7441908,-0.4583801
1698907577338,0.01961903,0.7442684,-0.4584144
1698907577351,0.01964181,0.7443592,-0.4585367
1698907577365,0.01964023,0.7444464,-0.4586973
1698907577379,0.01959184,0.7445133,-0.4588409
1698907577393,0.01949353,0.744561,-0.4589787
1698907577407,0.01938098,0.744573,-0.4591233
1698907577422,0.01923696,0.7445871,-0.459331
1698907577436,0.0190577,0.7445899,-0.4595594
1698907577449,0.0188699,0.7445848,-0.4597895
1698907577463,0.01866645,0.7445702,-0.4600233
1698907577476,0.01842971,0.7444991,-0.4603667
1698907577490,0.01824184,0.7445491,-0.4606944
1698907577505,0.01807957,0.7445605,-0.4610443
1698907577519,0.01786683,0.7445352,-0.4612947
1698907577532,0.01763082,0.744512,-0.4615445
1698907577547,0.01738203,0.7444317,-0.4617753
1698907577561,0.01715267,0.7443817,-0.4620541
1698907577574,0.01687759,0.7442775,-0.4622745
1698907577588,0.01656156,0.7441685,-0.4624665
1698907577601,0.01623844,0.7441378,-0.4626865
1698907577617,0.015868,0.7441599,-0.4629016
1698907577630,0.01549784,0.7441831,-0.4631121
1698907577644,0.01510551,0.7441964,-0.4632933
1698907577658,0.01466655,0.7441681,-0.4634061
1698907577671,0.01419647,0.7441449,-0.463552
1698907577685,0.01371779,0.7441848,-0.463751
1698907577700,0.013242,0.7442362,-0.4639641
1698907577714,0.01269203,0.7442554,-0.4641296
1698907577728,0.01219568,0.744276,-0.4642862
1698907577740,0.01169533,0.7442822,-0.4644364
1698907577755,0.01117809,0.7443116,-0.4646775
1698907577768,0.01070963,0.7443643,-0.4649227
1698907577782,0.01021224,0.7443506,-0.4650822
1698907577796,0.00974993,0.7443199,-0.4652382
1698907577810,0.009294627,0.7442406,-0.4654197
1698907577825,0.008841192,0.7442428,-0.4656214
1698907577838,0.008390239,0.7441713,-0.465808
1698907577853,0.008027377,0.7440776,-0.4659837
1698907577867,0.007648727,0.7440082,-0.4661531
1698907577880,0.007353248,0.7438785,-0.4662983
1698907577893,0.007010302,0.7437516,-0.4664367
1698907577907,0.006748507,0.7436534,-0.466604
1698907577922,0.006529711,0.743567,-0.4667174
1698907577935,0.006333988,0.7434824,-0.466849
1698907577951,0.00612192,0.7434472,-0.4669854
1698907577962,0.005873626,0.7433739,-0.4671303
1698907577977,0.005731003,0.7433422,-0.4672592
1698907577991,0.005632693,0.7432926,-0.4673651
1698907578005,0.00555647,0.7432417,-0.4674708
1698907578019,0.005528064,0.7432449,-0.4675847
1698907578033,0.005522568,0.7432862,-0.4676921
1698907578047,0.005513147,0.7433051,-0.4677769
1698907578061,0.005512843,0.7432866,-0.4678514
1698907578074,0.005518414,0.7432864,-0.467923
1698907578089,0.005491398,0.7433397,-0.4679993
1698907578103,0.005446464,0.7433971,-0.4680728
1698907578117,0.005422475,0.7434215,-0.4681189
1698907578130,0.005406084,0.7434527,-0.4681799
1698907578144,0.005385621,0.7434933,-0.4682255
1698907578157,0.005335117,0.7435465,-0.4682574
1698907578171,0.005276881,0.7435949,-0.4682648
1698907578186,0.005208148,0.7436475,-0.4682683
1698907578200,0.005138984,0.743668,-0.4682671
1698907578214,0.005039103,0.7437119,-0.4682841
1698907578227,0.004935144,0.7437804,-0.4683223
1698907578241,0.004809394,0.7438406,-0.4683639
1698907578254,0.00470241,0.7438641,-0.4683669
1698907578269,0.004601955,0.7438878,-0.4683618
1698907578283,0.004536424,0.7439285,-0.4683873
1698907578296,0.004477495,0.7439638,-0.468446
1698907578310,0.00440307,0.7439988,-0.4684811
1698907578324,0.004337236,0.7439994,-0.4685065
1698907578338,0.00428208,0.7439752,-0.4685292
1698907578352,0.004225815,0.743988,-0.4685978
1698907578365,0.004170591,0.7439867,-0.4686726
1698907578380,0.004124761,0.7439955,-0.4687495
1698907578394,0.004087737,0.7440182,-0.4688148
1698907578407,0.004063539,0.7440461,-0.4688753
1698907578422,0.004060423,0.7440926,-0.4689675
1698907578435,0.004069421,0.7441365,-0.4690666
1698907578450,0.004070736,0.7441651,-0.4691269
1698907578464,0.004074855,0.7441683,-0.4691564
1698907578478,0.004064713,0.7442004,-0.4691978
1698907578492,0.004066851,0.744265,-0.4692411
1698907578506,0.004069762,0.7443208,-0.4692826
1698907578520,0.004080035,0.7443575,-0.4693012
1698907578534,0.004090026,0.7443725,-0.4693002
1698907578547,0.004134396,0.7443724,-0.4693084
1698907578561,0.004207639,0.7443717,-0.4693078
1698907578576,0.004277259,0.7443671,-0.469319
1698907578590,0.004295401,0.7443528,-0.4693196
1698907578602,0.004309814,0.7443476,-0.4693226
1698907578617,0.004302785,0.7443456,-0.4693331
1698907578631,0.004292473,0.7443386,-0.469348
1698907578644,0.004335746,0.7442933,-0.4693376
1698907578658,0.004382191,0.7442322,-0.4693328
1698907578672,0.00443059,0.7442042,-0.469341
1698907578686,0.004467014,0.7441882,-0.469348
1698907578700,0.004506007,0.7441699,-0.4693545
1698907578714,0.004538519,0.7441325,-0.4693323
1698907578728,0.004575917,0.744085,-0.4693104
1698907578740,0.004653495,0.7440896,-0.4693078
1698907578755,0.004757851,0.7441174,-0.469324
1698907578769,0.004825156,0.7441366,-0.4693287
1698907578783,0.004843656,0.7440919,-0.4692729
1698907578797,0.004853781,0.7440814,-0.4692176
1698907578811,0.004866334,0.7441109,-0.4691831
1698907578825,0.004873944,0.7441491,-0.4691505
1698907578839,0.004864438,0.744164,-0.469095
1698907578853,0.004861373,0.7441571,-0.4690409
1698907578866,0.00485537,0.7441437,-0.4689746
1698907578881,0.004865492,0.7441378,-0.4689139
1698907578894,0.004902495,0.7441557,-0.4688577
1698907578909,0.00492323,0.7441884,-0.4687959
1698907578923,0.004938504,0.7441955,-0.468726
1698907578936,0.004947294,0.7442244,-0.4686517
1698907578950,0.004960449,0.7442431,-0.4685643
1698907578963,0.00497447,0.7442354,-0.4684739
1698907578977,0.005008982,0.7442111,-0.4683746
1698907578991,0.005047375,0.7441878,-0.468271
1698907579005,0.005081709,0.7441593,-0.4681645
1698907579019,0.005156834,0.7441908,-0.4680567
1698907579033,0.00522561,0.7442407,-0.4679328
1698907579046,0.005284809,0.7442783,-0.4678198
1698907579060,0.005317856,0.7442987,-0.4677062
1698907579074,0.005356539,0.7443002,-0.4675817
1698907579088,0.005357752,0.7443674,-0.4674603
1698907579103,0.005373161,0.7444446,-0.4673283
1698907579116,0.005396275,0.7444771,-0.4671955
1698907579130,0.00542617,0.7445143,-0.4670489
1698907579144,0.005443454,0.7445886,-0.4669104
1698907579157,0.005465446,0.7447041,-0.4667771
1698907579172,0.005474241,0.7448112,-0.4666384
1698907579186,0.005471671,0.744847,-0.4664998
1698907579200,0.005461166,0.7448943,-0.4663722
1698907579214,0.005415613,0.7449168,-0.4662464
1698907579227,0.005373346,0.7449668,-0.4661309
1698907579242,0.005315671,0.744995,-0.4660164
1698907579256,0.005278308,0.7449936,-0.4659027
1698907579270,0.005226893,0.7450035,-0.4657965
1698907579283,0.00522987,0.7450448,-0.4657135
1698907579297,0.005226802,0.7450997,-0.4656319
1698907579311,0.005199751,0.7451277,-0.4655578
1698907579325,0.005127119,0.745134,-0.4654789
1698907579338,0.005046377,0.7451454,-0.4654054
1698907579352,0.004926674,0.7451787,-0.4653454
1698907579366,0.004803937,0.7452054,-0.4652981
1698907579380,0.004699003,0.7452202,-0.4652346
1698907579393,0.004602248,0.7452243,-0.4651815
1698907579407,0.004509872,0.7451971,-0.4651255
1698907579421,0.004442802,0.745196,-0.4650836
1698907579435,0.004370537,0.7452193,-0.4650496
1698907579450,0.004284251,0.7452198,-0.4650214
1698907579464,0.004188702,0.7452036,-0.4649887
1698907579477,0.004097218,0.7451858,-0.4649595
1698907579490,0.004009688,0.7451788,-0.4649481
1698907579505,0.003925709,0.7451528,-0.464939
1698907579520,0.003829567,0.7451364,-0.4649346
1698907579532,0.003754228,0.7451049,-0.464935
1698907579547,0.003716845,0.7451015,-0.464928
1698907579561,0.003692776,0.7451094,-0.4649374
1698907579575,0.003679218,0.7451121,-0.4649433
1698907579589,0.003659651,0.7450912,-0.4649494
1698907579602,0.003639884,0.7450821,-0.4649597
1698907579617,0.003648939,0.7450725,-0.4649376
1698907579629,0.003673302,0.7450566,-0.464911
1698907579644,0.003685873,0.7450521,-0.4649063
1698907579657,0.003691366,0.7450356,-0.4649239
1698907579671,0.003697986,0.7450098,-0.464948
1698907579685,0.003733333,0.7450332,-0.4649687
1698907579700,0.003765747,0.7450638,-0.4649853
1698907579714,0.003785327,0.7450708,-0.465015
1698907579727,0.003793504,0.7450618,-0.4650599
1698907579741,0.003802098,0.7450505,-0.4651053
1698907579755,0.003811136,0.7450377,-0.4651394
1698907579769,0.003831228,0.7450386,-0.465183
1698907579782,0.003852379,0.745042,-0.4652319
1698907579796,0.003869202,0.7450508,-0.465283
1698907579810,0.003892515,0.745067,-0.4653346
1698907579825,0.003928926,0.7451151,-0.4653917
1698907579839,0.003969885,0.7451438,-0.4654534
1698907579854,0.003984122,0.7451458,-0.4655179
1698907579867,0.003992807,0.7451336,-0.4655816
1698907579880,0.003975768,0.7451467,-0.4656841
1698907579894,0.003932577,0.7451788,-0.4658024
1698907579908,0.003907373,0.7451856,-0.4659117
1698907579922,0.003913663,0.7451853,-0.4659853
1698907579936,0.00392678,0.7451829,-0.4660628
1698907579950,0.003953498,0.745236,-0.4661642
1698907579964,0.00398308,0.7452953,-0.4662601
1698907579978,0.004022401,0.7453348,-0.4663533
1698907579992,0.004053695,0.7453199,-0.4664083
1698907580005,0.00408655,0.7453165,-0.4664715
1698907580019,0.004099201,0.7453132,-0.4665833
1698907580032,0.004102413,0.7453167,-0.4666943
1698907580047,0.00412746,0.7453228,-0.466784
1698907580061,0.004155034,0.745334,-0.4668373
1698907580075,0.004189029,0.7453431,-0.4668854
1698907580089,0.0042462,0.7453465,-0.4669352
1698907580102,0.004295208,0.745368,-0.4669768
1698907580116,0.004329627,0.7453834,-0.4670203
1698907580130,0.004350455,0.745395,-0.4670554
1698907580145,0.004365515,0.7453985,-0.4670885
1698907580158,0.004384661,0.7454044,-0.4671471
1698907580172,0.004401004,0.745405,-0.4672012
1698907580186,0.004411887,0.7453961,-0.4672348
1698907580199,0.004442358,0.7453941,-0.4672751
1698907580213,0.004467214,0.7454355,-0.4673278
1698907580227,0.004497172,0.745481,-0.4673906
1698907580241,0.004524196,0.7455185,-0.4674474
1698907580254,0.004537875,0.7455227,-0.4674898
1698907580268,0.004554719,0.7455081,-0.4675195
1698907580283,0.004598737,0.7454679,-0.4675513
1698907580297,0.004648361,0.7454149,-0.4675734
1698907580311,0.004685175,0.745377,-0.4676054
1698907580325,0.004693761,0.7453579,-0.4676383
1698907580337,0.004704874,0.7453397,-0.467676
1698907580352,0.004742714,0.745307,-0.4676984
1698907580366,0.004789714,0.7452701,-0.4677172
1698907580381,0.004821628,0.745234,-0.4677293
1698907580395,0.004845718,0.7452054,-0.4677546
1698907580409,0.004846402,0.7451795,-0.4677729
1698907580422,0.004825857,0.7451834,-0.4678355
1698907580436,0.004781716,0.7452013,-0.4678798
1698907580449,0.004781425,0.7452151,-0.4679063
1698907580464,0.004775679,0.7452464,-0.467927
1698907580477,0.00475768,0.7452801,-0.467932
1698907580491,0.004747212,0.7453295,-0.4679645
1698907580505,0.004733136,0.7453806,-0.4679907
1698907580519,0.004715066,0.7454096,-0.4679912
1698907580533,0.00468724,0.7454379,-0.4679914
1698907580547,0.004628293,0.7454657,-0.468008
1698907580561,0.004548689,0.7454921,-0.4680414
1698907580574,0.004457751,0.7455232,-0.4680738
1698907580588,0.004400376,0.7455369,-0.4680864
1698907580603,0.004327582,0.74553,-0.4680932
1698907580617,0.004271565,0.7455298,-0.4680988
1698907580630,0.004206941,0.7455231,-0.4680891
1698907580644,0.004161377,0.7454846,-0.46809
1698907580657,0.004108574,0.745463,-0.4681083
1698907580671,0.004062666,0.7454333,-0.4681206
1698907580685,0.003979689,0.7453744,-0.4681603
1698907580699,0.00388799,0.7453355,-0.4681949
1698907580713,0.003849095,0.7453002,-0.4682316
1698907580727,0.003837232,0.7452757,-0.4682442
1698907580741,0.003833558,0.7452546,-0.46827
1698907580754,0.0038327,0.745275,-0.4683064
1698907580769,0.003834035,0.7452868,-0.4683353
1698907580783,0.003850359,0.7452899,-0.468353
1698907580797,0.003872573,0.7452828,-0.4683709
1698907580811,0.003891053,0.7452938,-0.4683859
1698907580825,0.003916267,0.7453076,-0.4684233
1698907580838,0.003943264,0.7453308,-0.4684593
1698907580852,0.003981551,0.7453546,-0.468469
1698907580867,0.004023194,0.74536,-0.4684761
1698907580881,0.004070412,0.7453934,-0.4684771
1698907580894,0.004115025,0.7454268,-0.4684898
1698907580908,0.00415425,0.7454624,-0.4684911
1698907580922,0.004181806,0.7454535,-0.468492
1698907580936,0.004218653,0.7454422,-0.4685051
1698907580950,0.004236791,0.7454448,-0.4685422
1698907580963,0.004249178,0.7454346,-0.4685821
1698907580977,0.004255224,0.7454271,-0.4686069
1698907580991,0.004279386,0.7453945,-0.46861
1698907581005,0.004310317,0.7453666,-0.4686177
1698907581020,0.004331246,0.7453575,-0.4686264
1698907581034,0.004361192,0.7453468,-0.468642
1698907581046,0.004380625,0.7453414,-0.4686441
1698907581060,0.00440052,0.7453402,-0.4686447
1698907581075,0.004424891,0.7453226,-0.46864
1698907581090,0.004447054,0.7453158,-0.4686553
1698907581104,0.004468076,0.7453145,-0.4686696
1698907581117,0.004464231,0.7453172,-0.4686547
1698907581131,0.004470155,0.7453039,-0.468641
1698907581144,0.004465673,0.7452848,-0.4686197
1698907581158,0.004445177,0.7453064,-0.4685879
1698907581172,0.0044233,0.7453203,-0.46857
1698907581186,0.004385257,0.7453505,-0.4685345
1698907581200,0.004334621,0.7453815,-0.4685027
1698907581214,0.004300142,0.7454197,-0.468456
1698907581228,0.004273452,0.7454468,-0.4684082
1698907581243,0.004237054,0.7454716,-0.4683557
1698907581257,0.0041722,0.7454767,-0.468301
1698907581271,0.004102767,0.7454966,-0.4682543
1698907581283,0.004020499,0.7455367,-0.4682231
1698907581297,0.00392518,0.7455861,-0.4681918
1698907581312,0.003841873,0.7456005,-0.4681576
1698907581325,0.00376704,0.7455944,-0.4681191
1698907581339,0.003687041,0.7455903,-0.4680774
1698907581352,0.00361447,0.7455719,-0.4680448
1698907581366,0.003547987,0.745567,-0.4680135
1698907581380,0.003491811,0.7455577,-0.4679719
1698907581394,0.003431432,0.7455547,-0.4679245
1698907581408,0.003390344,0.7455357,-0.4678872
1698907581421,0.003364466,0.7455699,-0.4678276
1698907581436,0.003362952,0.7455723,-0.4677694
1698907581450,0.003358677,0.7455841,-0.4677252
1698907581464,0.003358817,0.7455762,-0.4676818
1698907581477,0.003360832,0.7455805,-0.4676446
1698907581490,0.003354656,0.7456108,-0.4676317
1698907581504,0.003348334,0.7456443,-0.4676113
1698907581520,0.003374439,0.7456751,-0.4675802
1698907581534,0.003397474,0.7456924,-0.4675393
1698907581548,0.003412455,0.7457211,-0.4674891
1698907581561,0.003424698,0.7457528,-0.467442
1698907581575,0.003439475,0.7457721,-0.46739
1698907581589,0.003475722,0.7457923,-0.4673595
1698907581602,0.003516573,0.7458007,-0.4673287
1698907581616,0.003538689,0.7458074,-0.4672928
1698907581631,0.003571933,0.745802,-0.4672712
1698907581644,0.003598593,0.7458025,-0.4672503
1698907581658,0.003641177,0.7457759,-0.4672389
1698907581671,0.003683612,0.7457567,-0.467238
1698907581685,0.003708526,0.7457602,-0.467245
1698907581698,0.003721844,0.7457712,-0.4672562
1698907581713,0.003754063,0.7457865,-0.467266
1698907581726,0.00380335,0.7458033,-0.4672707
1698907581740,0.003853807,0.7458159,-0.4672761
1698907581755,0.003919184,0.7458044,-0.4672841
1698907581770,0.003978251,0.7457938,-0.4672937
1698907581784,0.004040351,0.7457912,-0.46731
1698907581797,0.004098317,0.7457948,-0.4673265
1698907581811,0.004162906,0.745793,-0.4673309
1698907581824,0.004229717,0.745797,-0.4673086
1698907581839,0.004288539,0.7457832,-0.4672782
1698907581853,0.004350189,0.745761,-0.4672833
1698907581866,0.004411642,0.7457408,-0.4672981
1698907581880,0.004472259,0.745719,-0.4673151
1698907581894,0.004524006,0.7457128,-0.4673173
1698907581907,0.004565353,0.745717,-0.4673287
1698907581922,0.004617833,0.7457168,-0.4673564
1698907581935,0.004660608,0.7457343,-0.467388
1698907581950,0.004689014,0.7457857,-0.4674662
1698907581963,0.004719287,0.7458327,-0.4675581
1698907581977,0.004744707,0.7458735,-0.4676331
1698907581991,0.004765438,0.7458775,-0.4676918
1698907582005,0.004772915,0.7459128,-0.4677515
1698907582019,0.004781932,0.7459316,-0.4678503
1698907582033,0.00478413,0.7459837,-0.4679632
1698907582048,0.00477924,0.7460217,-0.4680734
1698907582062,0.004759999,0.7460543,-0.4681952
1698907582075,0.004746521,0.746074,-0.4683472
1698907582089,0.004710287,0.7460948,-0.4685613
1698907582103,0.004673755,0.7460791,-0.4687979
1698907582117,0.004654465,0.7460464,-0.4690164
1698907582130,0.004652798,0.746,-0.4692348
1698907582144,0.004676314,0.7459506,-0.469494
1698907582158,0.004741058,0.7458783,-0.4697769
1698907582172,0.004817795,0.7458127,-0.4700914
1698907582185,0.004851786,0.745789,-0.4703799
1698907582200,0.004898475,0.745748,-0.4706859
1698907582214,0.004932482,0.745724,-0.4710124
1698907582228,0.004968433,0.7456999,-0.4713152
1698907582241,0.005074581,0.7457204,-0.4716735
1698907582256,0.005108953,0.7456634,-0.4720321
1698907582268,0.005164037,0.7456416,-0.4723979
1698907582283,0.005194865,0.7456073,-0.4728353
1698907582297,0.005264184,0.7455575,-0.4733061
1698907582310,0.005306125,0.7455294,-0.4737796
1698907582325,0.005365415,0.745491,-0.4742484
1698907582338,0.005428588,0.7454539,-0.474757
1698907582353,0.005473239,0.7454351,-0.4753016
1698907582366,0.00549618,0.7454415,-0.4758989
1698907582381,0.005567841,0.7454024,-0.4765147
1698907582394,0.005614506,0.7453569,-0.4771357
1698907582407,0.00567659,0.7453259,-0.4778121
1698907582421,0.005694596,0.7452803,-0.4785661
1698907582435,0.005764969,0.7451981,-0.4793586
1698907582450,0.005744586,0.7451528,-0.4801179
1698907582464,0.005796788,0.7450682,-0.4809345
1698907582478,0.005853731,0.7450439,-0.4818239
1698907582492,0.005848954,0.7450001,-0.4827625
1698907582506,0.005831599,0.7449846,-0.4837472
1698907582519,0.005916296,0.7449136,-0.4847376
1698907582533,0.005959246,0.7448568,-0.4857565
1698907582547,0.006003466,0.7447577,-0.4868198
1698907582560,0.006020611,0.7446973,-0.487942
1698907582574,0.006090969,0.7446116,-0.4891179
1698907582589,0.00612683,0.7445524,-0.4902886
1698907582602,0.006188903,0.7445078,-0.4915043
1698907582617,0.006227836,0.7444642,-0.49276
1698907582630,0.006229958,0.7444339,-0.4940668
1698907582645,0.006246781,0.7443823,-0.4953983
1698907582658,0.006279808,0.7443524,-0.4967113
1698907582671,0.006320719,0.7442943,-0.4980678
1698907582684,0.006373595,0.7443262,-0.4995175
1698907582699,0.00640068,0.7442964,-0.5009261
1698907582714,0.006440256,0.7442411,-0.5023452
1698907582728,0.006445691,0.7442272,-0.5037693
1698907582741,0.006489327,0.7442506,-0.5052291
1698907582755,0.006494801,0.7442626,-0.506692
1698907582768,0.006475346,0.7442588,-0.5081339
1698907582784,0.006457707,0.744321,-0.5096146
1698907582797,0.006428752,0.7443282,-0.5110663
1698907582811,0.006314801,0.7443269,-0.5124639
1698907582825,0.006202523,0.7443284,-0.5139118
1698907582838,0.006051803,0.7443027,-0.5153436
1698907582851,0.005940983,0.7442896,-0.5167677
1698907582866,0.005771711,0.7442474,-0.5181522
1698907582880,0.005590323,0.7441192,-0.5194718
1698907582894,0.005350202,0.7440144,-0.5207946
1698907582908,0.005100058,0.7438402,-0.5220698
1698907582922,0.004820863,0.7436897,-0.523385
1698907582935,0.004546028,0.7435496,-0.524689
1698907582948,0.004144901,0.7433866,-0.5259479
1698907582963,0.003724039,0.7432328,-0.5271695
1698907582977,0.003276996,0.7430721,-0.5283775
1698907582990,0.002820274,0.7429278,-0.5295205
1698907583004,0.002331164,0.7427921,-0.5306543
1698907583018,0.001768492,0.7425968,-0.5316925
1698907583032,0.001157299,0.7424337,-0.5327063
1698907583046,0.0005243476,0.7423211,-0.533719
1698907583061,-0.0001343265,0.742264,-0.5347584
1698907583075,-0.0008588117,0.7421956,-0.5357617
1698907583089,-0.001585484,0.7420881,-0.5368183
1698907583101,-0.002386479,0.7420329,-0.5378749
1698907583116,-0.003235735,0.7419848,-0.5389085
1698907583130,-0.004164424,0.7419432,-0.539941
1698907583143,-0.005182348,0.7420077,-0.541021
1698907583158,-0.006307278,0.7421575,-0.5421442
1698907583170,-0.007499281,0.7422116,-0.5432453
1698907583185,-0.008734275,0.7422535,-0.5443928
1698907583199,-0.01011501,0.7423831,-0.5455222
1698907583214,-0.01154263,0.7426069,-0.5467809
1698907583227,-0.0130871,0.7428287,-0.5480639
1698907583242,-0.01470429,0.7430523,-0.5494031
1698907583256,-0.01641166,0.7432402,-0.5507938
1698907583269,-0.01819874,0.7434018,-0.5522957
1698907583282,-0.0200524,0.7435181,-0.553859
1698907583297,-0.02200153,0.7436109,-0.5555061
1698907583311,-0.0239911,0.7436667,-0.5572946
1698907583324,-0.02618444,0.7435772,-0.5590717
1698907583338,-0.02842767,0.7434437,-0.5609974
1698907583352,-0.03069264,0.7432806,-0.5630639
1698907583366,-0.03303934,0.7430762,-0.5651821
1698907583380,-0.03547635,0.7428403,-0.5673757
1698907583393,-0.03803156,0.7425177,-0.5696148
1698907583406,-0.04069403,0.7420846,-0.5718482
1698907583421,-0.04334229,0.7416258,-0.5742111
1698907583435,-0.04609807,0.7412255,-0.5766355
1698907583448,-0.04893844,0.7407972,-0.5790703
1698907583463,-0.05187587,0.7403685,-0.5815387
1698907583476,-0.05488219,0.7398815,-0.5840343
1698907583490,-0.0580241,0.739555,-0.5866565
1698907583505,-0.06124089,0.7391544,-0.5893038
1698907583519,-0.06459926,0.7388331,-0.5919139
1698907583532,-0.06802706,0.7383783,-0.5945458
1698907583547,-0.07160481,0.7380625,-0.5972444
1698907583560,-0.07529905,0.7377253,-0.5999996
1698907583573,-0.07911941,0.7374281,-0.6027752
1698907583587,-0.08313522,0.737105,-0.6055427
1698907583602,-0.08723715,0.736775,-0.6083848
1698907583617,-0.09154089,0.7365387,-0.6113106
1698907583630,-0.09597952,0.7363512,-0.6143154
1698907583645,-0.1005557,0.7361129,-0.6173171
1698907583658,-0.1052912,0.7359438,-0.620349
1698907583672,-0.1101386,0.7357075,-0.6234232
1698907583685,-0.1151304,0.7354921,-0.6265247
1698907583699,-0.1202496,0.7353068,-0.6296502
1698907583713,-0.1255042,0.7351876,-0.6328797
1698907583726,-0.1308842,0.7349752,-0.6360894
1698907583740,-0.1364737,0.734794,-0.6393302
1698907583754,-0.1420735,0.7344768,-0.642671
1698907583768,-0.1478125,0.7341438,-0.6460596
1698907583781,-0.1537011,0.7342084,-0.6495025
1698907583796,-0.1600008,0.7353869,-0.6532477
1698907583808,-0.1665067,0.7376543,-0.6571516
1698907583823,-0.1728821,0.7385157,-0.6608073
1698907583837,-0.179189,0.7392275,-0.6645747
1698907583851,-0.1855678,0.7400476,-0.668451
1698907583866,-0.1920376,0.7412125,-0.6724158
1698907583879,-0.1985811,0.7426305,-0.6764889
1698907583892,-0.2049478,0.7438602,-0.6806121
1698907583907,-0.2112076,0.7448803,-0.6846685
1698907583922,-0.2174188,0.7457354,-0.6886545
1698907583936,-0.2235479,0.7464828,-0.6926738
1698907583949,-0.229603,0.747324,-0.696849
1698907583963,-0.2356952,0.7481868,-0.7010198
1698907583976,-0.2416585,0.7487406,-0.7050434
1698907583990,-0.2474732,0.7490023,-0.7089881
1698907584003,-0.2531206,0.7489368,-0.7129225
1698907584017,-0.2586984,0.7487583,-0.7168518
1698907584032,-0.2641178,0.7485192,-0.7207972
1698907584046,-0.2694086,0.748233,-0.7247276
1698907584060,-0.2746352,0.747976,-0.728663
1698907584074,-0.279781,0.7478147,-0.7325679
1698907584088,-0.2847712,0.7476566,-0.736456
1698907584102,-0.2896397,0.7475139,-0.7403332
1698907584115,-0.2943417,0.747403,-0.744165
1698907584129,-0.2988515,0.7473625,-0.747921
1698907584142,-0.3033548,0.7473622,-0.7516112
1698907584157,-0.3076479,0.7475452,-0.7552432
1698907584170,-0.3119313,0.7478946,-0.7589685
1698907584184,-0.3161302,0.7482641,-0.7626182
1698907584199,-0.3202667,0.7485773,-0.7662921
1698907584213,-0.324338,0.7487912,-0.7699319
1698907584226,-0.3284496,0.748937,-0.7735682
1698907584239,-0.3324215,0.7490171,-0.7772364
1698907584254,-0.3364236,0.7489198,-0.7809569
1698907584267,-0.3403589,0.7486739,-0.7847366
1698907584281,-0.3443467,0.7485437,-0.7885823
1698907584295,-0.3483515,0.7482243,-0.7924206
1698907584309,-0.352281,0.7479287,-0.796316
1698907584324,-0.3562023,0.7475607,-0.8003513
1698907584337,-0.3600271,0.747196,-0.8044726
1698907584352,-0.3637681,0.7467348,-0.8087392
1698907584366,-0.3674428,0.7463554,-0.8131391
1698907584380,-0.371096,0.7458142,-0.8175605
1698907584393,-0.3748261,0.7451864,-0.8220288
1698907584408,-0.3785094,0.7445533,-0.8266006
1698907584421,-0.3821989,0.7439093,-0.8311969
1698907584433,-0.3858283,0.7432423,-0.8358491
1698907584447,-0.3894911,0.7425861,-0.8407108
1698907584462,-0.3931379,0.7418376,-0.8457336
1698907584476,-0.3968109,0.7412364,-0.8509263
1698907584490,-0.4003985,0.7404578,-0.8562312
1698907584504,-0.4039942,0.7395437,-0.8616002
1698907584518,-0.4076405,0.7387425,-0.8671883
1698907584532,-0.4113546,0.7380278,-0.8729162
1698907584546,-0.4150405,0.7374065,-0.8788508
1698907584561,-0.4186764,0.7367503,-0.8849195
1698907584574,-0.4223549,0.7361454,-0.8911502
1698907584588,-0.4260031,0.7354755,-0.8975173
1698907584601,-0.4297093,0.7347536,-0.903939
1698907584614,-0.4333798,0.7340876,-0.9105625
1698907584628,-0.4369572,0.7334069,-0.9173973
1698907584642,-0.4406103,0.7327807,-0.9243062
1698907584657,-0.4443865,0.7320772,-0.9311967
1698907584671,-0.4481722,0.7312752,-0.9381793
1698907584685,-0.4519109,0.730413,-0.9451677
1698907584699,-0.4557056,0.7294205,-0.9521611
1698907584713,-0.4595225,0.7286664,-0.9593334
1698907584727,-0.4635656,0.7286356,-0.966784
1698907584740,-0.4679081,0.7300167,-0.9745884
1698907584753,-0.4722525,0.7316658,-0.9823704
1698907584768,-0.4766011,0.7330108,-0.9901668
1698907584782,-0.480873,0.7336709,-0.9977844
1698907584795,-0.4852365,0.7342622,-1.005345
1698907584810,-0.489625,0.735257,-1.013016
1698907584824,-0.4939728,0.7362838,-1.020694
1698907584837,-0.4982352,0.7369329,-1.028126
1698907584850,-0.5025069,0.7373772,-1.035294
1698907584864,-0.5068513,0.7377611,-1.042241
1698907584880,-0.5112148,0.7381171,-1.049062
1698907584895,-0.5157772,0.738591,-1.05577
1698907584908,-0.5203192,0.7390082,-1.062343
1698907584922,-0.524749,0.7391338,-1.068721
1698907584935,-0.5291548,0.7391068,-1.074892
1698907584949,-0.5334744,0.7390835,-1.080984
1698907584962,-0.5376767,0.7389227,-1.086979
1698907584977,-0.5418009,0.7387381,-1.092686
1698907584991,-0.5458561,0.7386966,-1.098149
1698907585005,-0.5497491,0.738878,-1.103428
1698907585017,-0.5537364,0.7391914,-1.108578
1698907585030,-0.55768,0.7397178,-1.113559
1698907585045,-0.5613871,0.7404032,-1.118441
1698907585060,-0.564829,0.7411092,-1.123185
1698907585074,-0.5682113,0.7417233,-1.127804
1698907585087,-0.5715466,0.7423723,-1.132429
1698907585100,-0.5748249,0.7428723,-1.137037
1698907585114,-0.5780233,0.7432426,-1.14152
1698907585128,-0.5812089,0.743543,-1.146014
1698907585141,-0.5844054,0.7437459,-1.150533
1698907585157,-0.5877086,0.7437934,-1.155049
1698907585170,-0.5910382,0.7437478,-1.159532
1698907585184,-0.594305,0.7435392,-1.164029
1698907585198,-0.5976297,0.7434626,-1.168551
1698907585212,-0.6009652,0.7433705,-1.173108
1698907585225,-0.604291,0.7430564,-1.177598
1698907585238,-0.607576,0.7426134,-1.18206
1698907585252,-0.6109853,0.7422912,-1.186529
1698907585267,-0.6144503,0.7419936,-1.191016
1698907585281,-0.6179678,0.7415944,-1.19548
1698907585296,-0.6215036,0.7410895,-1.199959
1698907585311,-0.625094,0.7406014,-1.204431
1698907585324,-0.6287379,0.7402081,-1.208905
1698907585337,-0.6324177,0.7398658,-1.213404
1698907585352,-0.6363533,0.7394539,-1.217744
1698907585365,-0.6402739,0.7389696,-1.222156
1698907585377,-0.6443207,0.7385165,-1.226604
1698907585392,-0.6484364,0.7382353,-1.231184
1698907585406,-0.6526998,0.7378584,-1.235768
1698907585420,-0.6570934,0.7372837,-1.240399
1698907585434,-0.661612,0.7366893,-1.245057
1698907585447,-0.6661237,0.7361752,-1.249845
1698907585461,-0.670782,0.735738,-1.254607
1698907585476,-0.6755813,0.7352952,-1.259411
1698907585488,-0.6805906,0.7348321,-1.264203
1698907585502,-0.6856976,0.7343851,-1.269067
1698907585517,-0.6908461,0.7340268,-1.274018
1698907585531,-0.6960384,0.7336104,-1.279005
1698907585545,-0.7012975,0.7332268,-1.284037
1698907585559,-0.7066679,0.7328519,-1.289021
1698907585572,-0.7121409,0.7324581,-1.294002
1698907585587,-0.7176456,0.7321879,-1.299204
1698907585601,-0.7232136,0.7319168,-1.304469
1698907585615,-0.728878,0.7314701,-1.309685
1698907585630,-0.7346983,0.7312403,-1.314979
1698907585643,-0.7406905,0.7314805,-1.320441
1698907585656,-0.7471737,0.7337856,-1.326596
1698907585671,-0.7535388,0.7357263,-1.332358
1698907585685,-0.7599675,0.7370015,-1.338439
1698907585698,-0.7663105,0.7380554,-1.344288
1698907585712,-0.7727703,0.7389016,-1.350264
1698907585726,-0.7792966,0.7400471,-1.356273
1698907585739,-0.7859808,0.7414058,-1.362228
1698907585753,-0.7925746,0.742489,-1.367895
1698907585767,-0.7989438,0.7433563,-1.373393
1698907585780,-0.8050681,0.743961,-1.379101
1698907585794,-0.8110479,0.7445698,-1.384896
1698907585808,-0.8169291,0.7452953,-1.39068
1698907585823,-0.8227496,0.7461051,-1.396414
1698907585837,-0.8283582,0.7464225,-1.40197
1698907585850,-0.8336161,0.7464788,-1.407408
1698907585864,-0.8386732,0.7462896,-1.412769
1698907585877,-0.8436203,0.7461776,-1.418078
1698907585892,-0.8484694,0.7460302,-1.423261
1698907585906,-0.8531995,0.7459034,-1.428307
1698907585922,-0.8575965,0.7458959,-1.433391
1698907585934,-0.861847,0.7459572,-1.438332
1698907585948,-0.8659492,0.7462081,-1.443062
1698907585962,-0.8699271,0.7467068,-1.447649
1698907585977,-0.8737269,0.7471771,-1.452184
1698907585991,-0.8774529,0.7477152,-1.456814
1698907586004,-0.8810827,0.7483276,-1.461439
1698907586018,-0.8846495,0.7488266,-1.465898
1698907586032,-0.8881285,0.7492414,-1.470419
1698907586047,-0.8916175,0.7495848,-1.475069
1698907586060,-0.895052,0.7499608,-1.47984
1698907586073,-0.8984511,0.7502162,-1.484715
1698907586086,-0.9018627,0.7504246,-1.489678
1698907586100,-0.9052793,0.7505435,-1.494787
1698907586116,-0.9087221,0.7505445,-1.500009
1698907586130,-0.9121468,0.7503155,-1.505412
1698907586143,-0.9155344,0.7500022,-1.510887
1698907586158,-0.9188415,0.7495441,-1.51638
1698907586171,-0.9221751,0.74905,-1.522011
1698907586185,-0.9256391,0.7484497,-1.527749
1698907586199,-0.9290816,0.7477396,-1.53361
1698907586213,-0.9324551,0.7468791,-1.539539
1698907586226,-0.935737,0.7460036,-1.545479
1698907586240,-0.9389563,0.7451074,-1.55148
1698907586254,-0.9423661,0.7442666,-1.55762
1698907586267,-0.9457744,0.7433481,-1.563764
1698907586282,-0.9492269,0.7423525,-1.569921
1698907586296,-0.9527109,0.7414696,-1.576178
1698907586308,-0.9562944,0.7406574,-1.582473
1698907586322,-0.9597279,0.7399056,-1.588971
1698907586336,-0.9631599,0.7391627,-1.595561
1698907586352,-0.9664319,0.7384614,-1.602237
1698907586366,-0.9696871,0.7378029,-1.608997
1698907586379,-0.973045,0.7371745,-1.615847
1698907586393,-0.9763609,0.7364861,-1.622807
1698907586407,-0.9797349,0.7358881,-1.629843
1698907586422,-0.9831848,0.7354164,-1.636989
1698907586434,-0.9865994,0.7349346,-1.64425
1698907586446,-0.9899425,0.7343445,-1.651541
1698907586461,-0.9932816,0.7337962,-1.658923
1698907586476,-0.9965856,0.7332093,-1.666311
1698907586490,-0.9997026,0.7325779,-1.673694
1698907586504,-1.00283,0.7319516,-1.681067
1698907586518,-1.006197,0.7317572,-1.68866
1698907586531,-1.009695,0.7323833,-1.696465
1698907586544,-1.013565,0.7343042,-1.704668
1698907586558,-1.017323,0.7362483,-1.712847
1698907586573,-1.020815,0.7373542,-1.720975
1698907586587,-1.024423,0.7385184,-1.729002
1698907586601,-1.028102,0.7399145,-1.737042
1698907586614,-1.031666,0.7412779,-1.744987
1698907586627,-1.03519,0.7425508,-1.752832
1698907586641,-1.038623,0.7435505,-1.760576
1698907586656,-1.042135,0.7443177,-1.768059
1698907586670,-1.04557,0.7449841,-1.775502
1698907586685,-1.049033,0.7455963,-1.782728
1698907586698,-1.052465,0.7460809,-1.78985
1698907586712,-1.05592,0.7464741,-1.7968
1698907586726,-1.059362,0.7465998,-1.803541
1698907586740,-1.062719,0.7465503,-1.810157
1698907586753,-1.066083,0.7464644,-1.816356
1698907586768,-1.069389,0.7464482,-1.822385
1698907586783,-1.072668,0.746562,-1.828339
1698907586796,-1.075833,0.7465852,-1.834077
1698907586810,-1.078954,0.7465351,-1.83964
1698907586823,-1.081964,0.7466523,-1.844935
1698907586837,-1.084932,0.747017,-1.850076
1698907586851,-1.087811,0.7474359,-1.855119
1698907586866,-1.090691,0.7479054,-1.860028
1698907586879,-1.093444,0.7481889,-1.8647
1698907586893,-1.09624,0.7485372,-1.869165
1698907586906,-1.099022,0.7488164,-1.873505
1698907586921,-1.101725,0.7489902,-1.877915
1698907586935,-1.104408,0.7490822,-1.882272
1698907586948,-1.107079,0.7490611,-1.886526
1698907586962,-1.109684,0.7489325,-1.890756
1698907586975,-1.112276,0.7487215,-1.894898
1698907586989,-1.114984,0.7484839,-1.898995
1698907587003,-1.117639,0.7483041,-1.903034
1698907587018,-1.120317,0.7480361,-1.906781
1698907587033,-1.122927,0.7477882,-1.910501
1698907587046,-1.125604,0.7475129,-1.91424
1698907587061,-1.128277,0.7472706,-1.918019
1698907587073,-1.130991,0.7469953,-1.921707
1698907587087,-1.133575,0.7467161,-1.925254
1698907587102,-1.136212,0.7464134,-1.928721
1698907587117,-1.139007,0.746111,-1.932218
1698907587130,-1.14196,0.7457857,-1.935699
1698907587143,-1.144904,0.7454655,-1.93917
1698907587157,-1.14791,0.7450024,-1.942452
1698907587170,-1.150933,0.7446191,-1.945778
1698907587185,-1.15405,0.7442746,-1.949089
1698907587199,-1.157235,0.7439175,-1.952393
1698907587213,-1.160402,0.7435802,-1.955678
1698907587227,-1.163652,0.7432392,-1.958878
1698907587241,-1.166912,0.7430524,-1.962137
1698907587255,-1.17031,0.742905,-1.965423
1698907587268,-1.173738,0.7427863,-1.968735
1698907587281,-1.177157,0.7425871,-1.971874
1698907587295,-1.1805,0.7423496,-1.974944
1698907587310,-1.183986,0.7421791,-1.978083
1698907587324,-1.187694,0.742103,-1.981426
1698907587337,-1.191431,0.7420081,-1.9848
1698907587351,-1.19515,0.7418782,-1.988087
1698907587364,-1.198946,0.7417701,-1.991361
1698907587378,-1.202816,0.7416101,-1.994725
1698907587392,-1.2068,0.7414383,-1.998222
1698907587406,-1.210857,0.7412755,-2.001697
1698907587421,-1.214846,0.7409507,-2.005046
1698907587434,-1.218881,0.7406026,-2.008418
1698907587449,-1.223025,0.7403036,-2.011882
1698907587463,-1.22717,0.7399039,-2.015421
1698907587475,-1.23134,0.7394032,-2.018953
1698907587490,-1.235603,0.7390623,-2.022345
1698907587504,-1.239915,0.7390347,-2.025805
1698907587518,-1.244661,0.7406548,-2.029724
1698907587532,-1.249365,0.7429076,-2.033673
1698907587546,-1.254054,0.7444016,-2.037547
1698907587559,-1.258607,0.7452562,-2.041191
1698907587572,-1.263173,0.7459904,-2.044882
1698907587587,-1.267882,0.7472754,-2.048634
1698907587601,-1.272686,0.7487174,-2.05233
1698907587615,-1.277327,0.7498568,-2.055975
1698907587629,-1.281663,0.7507346,-2.05961
1698907587644,-1.285924,0.7514254,-2.063177
1698907587658,-1.290297,0.7521114,-2.066685
1698907587671,-1.294664,0.7528439,-2.070188
1698907587684,-1.298932,0.7533714,-2.07363
1698907587699,-1.303032,0.7536244,-2.077039
1698907587712,-1.307113,0.7537735,-2.080426
1698907587726,-1.311218,0.7539618,-2.083802
1698907587740,-1.315309,0.754114,-2.087139
1698907587754,-1.319306,0.75426,-2.090427
1698907587768,-1.323202,0.7543644,-2.093669
1698907587781,-1.327055,0.7543203,-2.096859
1698907587796,-1.330721,0.7542356,-2.10005
1698907587809,-1.334282,0.7541781,-2.103196
1698907587824,-1.337589,0.7539845,-2.1062
1698907587837,-1.34079,0.7538111,-2.109163
1698907587852,-1.343869,0.7536504,-2.112134
1698907587866,-1.346875,0.7535103,-2.115036
1698907587878,-1.349723,0.7534003,-2.117864
1698907587893,-1.352429,0.7533033,-2.120646
1698907587906,-1.355004,0.7532936,-2.123386
1698907587921,-1.357466,0.753177,-2.126171
1698907587935,-1.359846,0.7530406,-2.128887
1698907587950,-1.362145,0.7528965,-2.131486
1698907587963,-1.364309,0.7527781,-2.134044
1698907587976,-1.366368,0.752593,-2.136572
1698907587991,-1.368407,0.7524309,-2.139076
1698907588003,-1.370364,0.7521883,-2.141549
1698907588018,-1.372147,0.7518452,-2.143964
1698907588032,-1.37384,0.7514957,-2.146302
1698907588047,-1.375516,0.7512389,-2.148603
1698907588060,-1.377182,0.7509685,-2.15082
1698907588073,-1.378779,0.7505696,-2.152976
1698907588086,-1.380277,0.7502299,-2.155033
1698907588101,-1.381661,0.7499049,-2.157058
1698907588116,-1.383031,0.7496566,-2.159041
1698907588129,-1.384369,0.7493204,-2.16099
1698907588143,-1.385694,0.7490928,-2.162869
1698907588157,-1.386883,0.7488506,-2.164646
1698907588170,-1.388029,0.7487003,-2.166373
1698907588185,-1.389209,0.7485883,-2.16812
1698907588198,-1.390379,0.748544,-2.169862
1698907588212,-1.391456,0.7485206,-2.171536
1698907588226,-1.392359,0.748471,-2.17319
1698907588240,-1.393285,0.7485037,-2.17482
1698907588254,-1.394343,0.7485408,-2.176447
1698907588268,-1.395446,0.7487013,-2.178074
1698907588280,-1.396433,0.748724,-2.179666
1698907588294,-1.397394,0.7486886,-2.181159
1698907588309,-1.398299,0.748639,-2.18272
1698907588323,-1.399238,0.7484998,-2.18427
1698907588336,-1.400144,0.748365,-2.185822
1698907588350,-1.400957,0.7481866,-2.1873
1698907588365,-1.401689,0.7479308,-2.188753
1698907588379,-1.402419,0.7475426,-2.190077
1698907588392,-1.403032,0.7471221,-2.191397
1698907588407,-1.403572,0.7466672,-2.192607
1698907588420,-1.403929,0.7461768,-2.193788
1698907588434,-1.404112,0.7456368,-2.194929
1698907588448,-1.40436,0.7452351,-2.19602
1698907588462,-1.404563,0.7449563,-2.197013
1698907588476,-1.404667,0.7447022,-2.198006
1698907588490,-1.404626,0.744582,-2.1989
1698907588504,-1.404442,0.7446069,-2.199835
1698907588518,-1.404199,0.7447074,-2.200813
1698907588532,-1.403927,0.7448579,-2.201848
1698907588546,-1.403597,0.7451279,-2.202903
1698907588559,-1.4033,0.7454454,-2.203892
1698907588573,-1.402885,0.745587,-2.204841
1698907588587,-1.402486,0.7456747,-2.205813
1698907588601,-1.402026,0.7456898,-2.206795
1698907588614,-1.401484,0.7456853,-2.207746
1698907588629,-1.400848,0.7456086,-2.208708
1698907588643,-1.400262,0.7454542,-2.20965
1698907588658,-1.399723,0.7453447,-2.210616
1698907588672,-1.399104,0.7452156,-2.211596
1698907588685,-1.398532,0.745118,-2.212489
1698907588699,-1.397872,0.7449415,-2.213333
1698907588715,-1.39719,0.7447405,-2.214176
1698907588726,-1.396475,0.7445154,-2.215026
1698907588740,-1.395792,0.7443698,-2.215813
1698907588754,-1.395007,0.7441681,-2.216584
1698907588768,-1.394206,0.7439784,-2.21733
1698907588783,-1.393415,0.7438305,-2.218024
1698907588797,-1.392686,0.7437106,-2.218693
1698907588810,-1.391937,0.7436219,-2.219296
1698907588823,-1.391159,0.7435113,-2.219745
1698907588837,-1.39038,0.7435188,-2.220209
1698907588852,-1.389692,0.7434629,-2.220692
1698907588866,-1.388984,0.7434542,-2.221137
1698907588880,-1.38826,0.7435091,-2.221607
1698907588893,-1.387567,0.7435977,-2.222034
1698907588906,-1.386916,0.7436625,-2.22241
1698907588920,-1.386226,0.7437441,-2.222748
1698907588935,-1.385597,0.7438553,-2.223053
1698907588949,-1.38497,0.7439402,-2.223357
1698907588962,-1.384379,0.7440479,-2.223652
1698907588975,-1.383845,0.7440862,-2.223891
1698907588990,-1.383234,0.7441294,-2.22417
1698907589003,-1.382699,0.7441955,-2.224396
1698907589018,-1.382146,0.7443104,-2.224602
1698907589032,-1.381575,0.7444423,-2.224821
1698907589045,-1.381063,0.7444537,-2.225006
1698907589059,-1.380555,0.7444621,-2.22522
1698907589074,-1.38009,0.7444115,-2.225393
1698907589089,-1.379595,0.7444265,-2.225601
1698907589101,-1.379117,0.744359,-2.225752
1698907589116,-1.378625,0.7443857,-2.225939
1698907589130,-1.378181,0.7444,-2.226095
1698907589143,-1.377748,0.7444516,-2.226271
1698907589158,-1.377285,0.7445785,-2.226476
1698907589170,-1.376865,0.7446203,-2.226637
1698907589186,-1.376443,0.7445834,-2.226767
1698907589200,-1.376039,0.7445929,-2.226887
1698907589212,-1.375643,0.7445854,-2.227014
1698907589227,-1.37527,0.7445282,-2.227129
1698907589241,-1.37492,0.7445207,-2.227253
1698907589255,-1.374636,0.7444796,-2.227337
1698907589268,-1.374278,0.7444898,-2.227494
1698907589281,-1.373915,0.7444368,-2.227702
1698907589296,-1.373581,0.744428,-2.227918
1698907589310,-1.373307,0.7443979,-2.228018
1698907589324,-1.373045,0.7443643,-2.228103
1698907589337,-1.372786,0.7442808,-2.228188
1698907589351,-1.372517,0.7441737,-2.228237
1698907589364,-1.372252,0.7441217,-2.228344
1698907589378,-1.372046,0.7440664,-2.228399
1698907589393,-1.371861,0.7440301,-2.228454
1698907589407,-1.371689,0.7440657,-2.228529
1698907589421,-1.37154,0.7441377,-2.228631
1698907589434,-1.371389,0.7441874,-2.228693
1698907589448,-1.371252,0.7441937,-2.228718
1698907589462,-1.371116,0.7441803,-2.228732
1698907589476,-1.371002,0.7441373,-2.228735
1698907589490,-1.370893,0.7440709,-2.228741
1698907589504,-1.370798,0.7440313,-2.228728
1698907589518,-1.370726,0.7439845,-2.228708
1698907589532,-1.370655,0.7439523,-2.228684
1698907589546,-1.370597,0.7439518,-2.228667
1698907589561,-1.37055,0.7440351,-2.228667
1698907589574,-1.370502,0.7441312,-2.228655
1698907589587,-1.370468,0.7441052,-2.2286
1698907589601,-1.370456,0.7440932,-2.228533
1698907589616,-1.370438,0.7440785,-2.228484
1698907589629,-1.37042,0.7440447,-2.228428
1698907589643,-1.370435,0.7440134,-2.22838
1698907589657,-1.370483,0.744011,-2.228296
1698907589670,-1.370535,0.7440124,-2.228224
1698907589684,-1.370578,0.7440355,-2.228201
1698907589699,-1.370622,0.7440461,-2.228181
1698907589713,-1.370681,0.7440627,-2.228133
1698907589727,-1.370765,0.7440613,-2.228041
1698907589740,-1.370855,0.7440692,-2.227948
1698907589755,-1.370959,0.7440762,-2.227868
1698907589768,-1.371075,0.7440773,-2.22779
1698907589782,-1.371215,0.7440846,-2.227698
1698907589796,-1.371378,0.7441047,-2.227594
1698907589809,-1.371562,0.7441063,-2.227483
1698907589823,-1.371743,0.7441463,-2.227413
1698907589837,-1.37194,0.7441739,-2.227329
1698907589852,-1.372175,0.744163,-2.227218
1698907589866,-1.372417,0.7441458,-2.227088
1698907589880,-1.372672,0.7441384,-2.226999
1698907589894,-1.37293,0.7441196,-2.22693
1698907589907,-1.373253,0.7440993,-2.226853
1698907589921,-1.373511,0.7441085,-2.226726
1698907589934,-1.37378,0.7440786,-2.226601
1698907589949,-1.374036,0.7441447,-2.226553
1698907589963,-1.374278,0.7441657,-2.226545
1698907589976,-1.374543,0.74417,-2.226486
1698907589991,-1.374779,0.7442172,-2.226444
1698907590004,-1.375101,0.7441753,-2.226351
1698907590017,-1.375371,0.7442333,-2.226306
1698907590030,-1.37565,0.7442321,-2.226217
1698907590046,-1.375905,0.7442418,-2.226187
1698907590060,-1.376155,0.7442448,-2.226188
1698907590073,-1.37639,0.7442331,-2.226206
1698907590087,-1.376588,0.7442596,-2.226288
1698907590101,-1.37677,0.74426,-2.226379
1698907590115,-1.376949,0.7442152,-2.226433
1698907590129,-1.377131,0.7441932,-2.226499
1698907590142,-1.377305,0.7441663,-2.226564
1698907590156,-1.377461,0.7441418,-2.226653
1698907590169,-1.377612,0.7441209,-2.226733
1698907590184,-1.377767,0.7441182,-2.2268
1698907590197,-1.377925,0.7441041,-2.226846
1698907590212,-1.378079,0.7441038,-2.22692
1698907590226,-1.37823,0.7441195,-2.22701
1698907590240,-1.378384,0.7441323,-2.227102
1698907590254,-1.378544,0.74412,-2.227166
1698907590268,-1.378715,0.7441076,-2.227224
1698907590282,-1.378887,0.7440701,-2.227297
1698907590296,-1.379061,0.7440292,-2.22739
1698907590310,-1.379217,0.7439979,-2.227477
1698907590323,-1.379364,0.743981,-2.227535
1698907590336,-1.379487,0.7439632,-2.227602
1698907590351,-1.379618,0.743986,-2.227694
1698907590365,-1.379746,0.7440333,-2.227791
1698907590379,-1.379865,0.7440472,-2.227872
1698907590393,-1.379972,0.7440349,-2.227937
1698907590405,-1.38009,0.7440119,-2.228
1698907590419,-1.380174,0.7439725,-2.228096
1698907590434,-1.380273,0.74393,-2.228193
1698907590448,-1.380392,0.7439017,-2.228272
1698907590462,-1.380523,0.7438831,-2.228339
1698907590476,-1.380667,0.7438715,-2.228405
1698907590490,-1.380806,0.7438964,-2.228458
1698907590504,-1.380935,0.7439145,-2.228507
1698907590518,-1.381067,0.743895,-2.228563
1698907590532,-1.38119,0.7438692,-2.228605
1698907590545,-1.381298,0.7438599,-2.228663
1698907590560,-1.38139,0.7438195,-2.228731
1698907590574,-1.381468,0.7437718,-2.228803
1698907590587,-1.381565,0.7437388,-2.228833
1698907590601,-1.381648,0.7437007,-2.228874
1698907590615,-1.381704,0.7436893,-2.228945
1698907590629,-1.381743,0.7436655,-2.229049
1698907590642,-1.381767,0.7436472,-2.229133
1698907590656,-1.381804,0.7436095,-2.229168
1698907590670,-1.381822,0.7435769,-2.229206
1698907590685,-1.381837,0.7435545,-2.229266
1698907590699,-1.381842,0.7435614,-2.229341
1698907590711,-1.381851,0.7435759,-2.229387
1698907590726,-1.381844,0.7435673,-2.22941
1698907590741,-1.381827,0.7435684,-2.229437
1698907590754,-1.381823,0.7436455,-2.229451
1698907590768,-1.381818,0.7437287,-2.229462
1698907590782,-1.381806,0.7437719,-2.229483
1698907590795,-1.381783,0.7437844,-2.229501
1698907590809,-1.381757,0.7437895,-2.229524
1698907590823,-1.381738,0.7437947,-2.229553
1698907590837,-1.381714,0.7437914,-2.229579
1698907590850,-1.381683,0.7437835,-2.229589
1698907590865,-1.381651,0.7437851,-2.229596
1698907590879,-1.381617,0.7437999,-2.229617
1698907590893,-1.381575,0.7438468,-2.229663
1698907590906,-1.381529,0.7439058,-2.229705
1698907590920,-1.381474,0.7439262,-2.22972
1698907590934,-1.381417,0.7439461,-2.229736
1698907590947,-1.381368,0.7439433,-2.22975
1698907590961,-1.38132,0.7439224,-2.229764
1698907590976,-1.381264,0.7439068,-2.22978
1698907590991,-1.381196,0.7439106,-2.229803
1698907591004,-1.381118,0.743932,-2.229832
1698907591017,-1.38104,0.7439801,-2.22989
1698907591031,-1.380956,0.7440289,-2.229954
1698907591045,-1.380876,0.7440559,-2.230005
1698907591058,-1.380793,0.7440621,-2.230046
1698907591073,-1.380715,0.7440469,-2.230088
1698907591087,-1.380625,0.7440422,-2.230139
1698907591101,-1.380538,0.7440269,-2.230187
1698907591116,-1.380454,0.7440143,-2.230231
1698907591129,-1.380374,0.7440105,-2.230281
1698907591142,-1.3803,0.7440067,-2.230335
1698907591156,-1.3802,0.743991,-2.230451
1698907591170,-1.380104,0.7439812,-2.230561
1698907591184,-1.38002,0.7439712,-2.230623
1698907591198,-1.379944,0.7439726,-2.230661
1698907591213,-1.379872,0.7439644,-2.230711
1698907591227,-1.379812,0.7439418,-2.230774
1698907591240,-1.379758,0.7439229,-2.230833
1698907591254,-1.379696,0.7439446,-2.230882
1698907591268,-1.379638,0.7439662,-2.230933
1698907591281,-1.37957,0.7439658,-2.231048
1698907591295,-1.379501,0.74397,-2.231178
1698907591309,-1.379445,0.743958,-2.231277
1698907591323,-1.379406,0.7439412,-2.231326
1698907591337,-1.379371,0.7439274,-2.231367
1698907591351,-1.379353,0.7439108,-2.231403
1698907591365,-1.379346,0.7439331,-2.231453
1698907591377,-1.379324,0.7439526,-2.23149
1698907591392,-1.37928,0.7439665,-2.231518
1698907591405,-1.379248,0.7439607,-2.231538
1698907591420,-1.379217,0.7439921,-2.231579
1698907591434,-1.379197,0.7440362,-2.23161
1698907591448,-1.379167,0.7440652,-2.231636
1698907591462,-1.379128,0.7440895,-2.231652
1698907591476,-1.379104,0.7441126,-2.231667
1698907591489,-1.379107,0.7441201,-2.231688
1698907591502,-1.379114,0.744123,-2.2317
1698907591517,-1.379089,0.7441277,-2.231685
1698907591531,-1.379066,0.7441544,-2.231684
1698907591545,-1.379042,0.744205,-2.23171
1698907591559,-1.37902,0.7442853,-2.231797
1698907591573,-1.378992,0.7443394,-2.23186
1698907591587,-1.378968,0.744384,-2.231873
1698907591602,-1.378961,0.744417,-2.231885
1698907591615,-1.378962,0.7444453,-2.231915
1698907591629,-1.378968,0.7444949,-2.231953
1698907591643,-1.378975,0.7445388,-2.23199
1698907591657,-1.378965,0.744563,-2.23201
1698907591670,-1.378969,0.7445778,-2.232029
1698907591684,-1.378969,0.7445813,-2.232112
1698907591697,-1.378965,0.7445514,-2.232205
1698907591712,-1.378973,0.744525,-2.232266
1698907591726,-1.378973,0.744487,-2.232265
1698907591740,-1.378981,0.7444732,-2.232266
1698907591754,-1.37904,0.744482,-2.232295
1698907591768,-1.379087,0.7445081,-2.232336
1698907591781,-1.379116,0.7445436,-2.232349
1698907591795,-1.37912,0.7445171,-2.232349
1698907591808,-1.379117,0.7444676,-2.232344
1698907591823,-1.379093,0.7443577,-2.232427
1698907591837,-1.379068,0.7442591,-2.232492
1698907591851,-1.379073,0.7442226,-2.232475
1698907591865,-1.379088,0.7442227,-2.232422
1698907591878,-1.379114,0.7442338,-2.232347
1698907591892,-1.379163,0.7442266,-2.232244
1698907591906,-1.379218,0.7442055,-2.232124
1698907591921,-1.379243,0.7441384,-2.231987
1698907591935,-1.37927,0.7440482,-2.231829
1698907591949,-1.379285,0.7439586,-2.231672
1698907591962,-1.379302,0.7438933,-2.231524
1698907591975,-1.37932,0.7438065,-2.231353
1698907591989,-1.379337,0.7437099,-2.231143
1698907592004,-1.379363,0.7436118,-2.230901
1698907592017,-1.37938,0.7434939,-2.23057
1698907592031,-1.379443,0.7434001,-2.230264
1698907592046,-1.379456,0.743239,-2.22998
1698907592060,-1.379459,0.7431447,-2.229712
1698907592073,-1.379432,0.7429402,-2.229407
1698907592087,-1.379449,0.7427243,-2.229156
1698907592100,-1.379402,0.7423542,-2.228891
1698907592114,-1.379434,0.741985,-2.228555
1698907592129,-1.37951,0.7416019,-2.228147
1698907592142,-1.379602,0.7412996,-2.227728
1698907592157,-1.379724,0.7410243,-2.227331
1698907592171,-1.37983,0.7407924,-2.226893
1698907592184,-1.379963,0.7404642,-2.226346
1698907592198,-1.380087,0.7401181,-2.225725
1698907592211,-1.380177,0.7398082,-2.225125
1698907592226,-1.380158,0.7395123,-2.224545
1698907592240,-1.38013,0.7393575,-2.224009
1698907592254,-1.380299,0.7391379,-2.223224
1698907592268,-1.38039,0.7388551,-2.222461
1698907592282,-1.38043,0.7387012,-2.22175
1698907592296,-1.380401,0.7384866,-2.221103
1698907592308,-1.380412,0.7384167,-2.220462
1698907592322,-1.380471,0.7383046,-2.219665
1698907592336,-1.38049,0.7381802,-2.218925
1698907592351,-1.380443,0.7380282,-2.218194
1698907592365,-1.380384,0.7378201,-2.217479
1698907592378,-1.380345,0.7376523,-2.216781
1698907592392,-1.380316,0.7375492,-2.216067
1698907592406,-1.380222,0.7374545,-2.215405
1698907592420,-1.380133,0.7374074,-2.214808
1698907592433,-1.379996,0.7373618,-2.214204
1698907592447,-1.379851,0.7373571,-2.213623
1698907592462,-1.379676,0.737324,-2.213045
1698907592475,-1.379484,0.7374023,-2.212544
1698907592488,-1.379261,0.7374021,-2.21205
1698907592502,-1.378998,0.7373828,-2.211575
1698907592517,-1.37876,0.7374137,-2.211127
1698907592531,-1.378441,0.7375172,-2.210756
1698907592543,-1.378162,0.7376202,-2.210402
1698907592558,-1.377854,0.7377968,-2.210153
1698907592571,-1.37755,0.7379667,-2.209912
1698907592585,-1.377293,0.7380973,-2.209601
1698907592599,-1.37691,0.738201,-2.209344
1698907592613,-1.376605,0.7383179,-2.209096
1698907592627,-1.376358,0.7384707,-2.208844
1698907592640,-1.376001,0.738497,-2.208617
1698907592655,-1.375714,0.7386046,-2.208386
1698907592668,-1.375454,0.7387184,-2.208184
1698907592684,-1.375235,0.738808,-2.207991
1698907592696,-1.375007,0.7389239,-2.207853
1698907592711,-1.374768,0.7389972,-2.207677
1698907592728,-1.374579,0.7390875,-2.207552
1698907592738,-1.374397,0.7391503,-2.207459
1698907592752,-1.374196,0.7391875,-2.207367
1698907592766,-1.374004,0.7392319,-2.207313
1698907592781,-1.373821,0.7392867,-2.207278
1698907592794,-1.373648,0.7393628,-2.207268
1698907592808,-1.373464,0.7394145,-2.207269
1698907592823,-1.373285,0.7394432,-2.207269
1698907592835,-1.373109,0.7394477,-2.207279
1698907592849,-1.372921,0.7394489,-2.207299
1698907592863,-1.372736,0.7394341,-2.207328
1698907592878,-1.372559,0.7394297,-2.207395
1698907592892,-1.372376,0.7394119,-2.207463
1698907592905,-1.372207,0.7394046,-2.207556
1698907592918,-1.372059,0.7394621,-2.20764
1698907592933,-1.371909,0.7395288,-2.207719
1698907592947,-1.371782,0.7396146,-2.207798
1698907592961,-1.371677,0.7396925,-2.207891
1698907592975,-1.371567,0.7397823,-2.207989
1698907592990,-1.371426,0.739845,-2.208108
1698907593003,-1.371296,0.7399129,-2.208235
1698907593016,-1.371147,0.7399175,-2.208392
1698907593030,-1.370991,0.7399008,-2.208547
1698907593044,-1.37087,0.7398914,-2.208695
1698907593058,-1.370782,0.7399001,-2.20883
1698907593072,-1.370694,0.7398761,-2.208971
1698907593085,-1.370666,0.7398887,-2.209132
1698907593100,-1.370662,0.7399129,-2.209307
1698907593115,-1.370646,0.7399534,-2.209485
1698907593128,-1.370643,0.7399694,-2.209692
1698907593141,-1.370646,0.739977,-2.209897
1698907593155,-1.37064,0.7399544,-2.210095
1698907593169,-1.370642,0.7399623,-2.210307
1698907593185,-1.370671,0.7399757,-2.210535
1698907593199,-1.37071,0.7399828,-2.210742
1698907593214,-1.370772,0.7399832,-2.21095
1698907593227,-1.370857,0.7399876,-2.211152
1698907593239,-1.370942,0.7399867,-2.211365
1698907593254,-1.371011,0.7399761,-2.211577
1698907593268,-1.371075,0.7399878,-2.211799
1698907593281,-1.371119,0.7399678,-2.211984
1698907593295,-1.371149,0.739928,-2.212162
1698907593310,-1.371183,0.7398975,-2.212355
1698907593323,-1.371236,0.7398877,-2.212568
1698907593336,-1.371292,0.7398626,-2.21278
1698907593351,-1.371372,0.7398576,-2.213009
1698907593366,-1.37146,0.7398455,-2.213237
1698907593379,-1.371524,0.739804,-2.213463
1698907593392,-1.371562,0.7397792,-2.213696
1698907593406,-1.371597,0.739763,-2.213934
1698907593421,-1.3716,0.7396982,-2.214141
1698907593435,-1.371617,0.7396199,-2.214357
1698907593449,-1.371663,0.7395505,-2.214556
1698907593462,-1.371732,0.7394862,-2.21476
1698907593476,-1.371815,0.7394164,-2.214946
1698907593489,-1.371914,0.7393351,-2.215109
1698907593503,-1.372037,0.7392659,-2.215261
1698907593519,-1.372159,0.7392103,-2.215417
1698907593532,-1.372282,0.7391805,-2.21557
1698907593545,-1.372387,0.7391336,-2.215708
1698907593559,-1.372481,0.7390667,-2.215832
1698907593573,-1.372567,0.7390054,-2.215942
1698907593587,-1.3727,0.7390038,-2.216064
1698907593601,-1.372822,0.7390073,-2.216172
1698907593615,-1.372939,0.739011,-2.216234
1698907593629,-1.373073,0.7390183,-2.216298
1698907593643,-1.373179,0.7390359,-2.216365
1698907593657,-1.373279,0.7390316,-2.216468
1698907593671,-1.373366,0.7390442,-2.216578
1698907593685,-1.373454,0.7390292,-2.216648
1698907593699,-1.373521,0.739016,-2.216722
1698907593712,-1.373566,0.7390063,-2.216815
1698907593727,-1.373592,0.7389846,-2.216932
1698907593740,-1.373612,0.738938,-2.217042
1698907593754,-1.373653,0.7388884,-2.217118
1698907593768,-1.373692,0.7388316,-2.217197
1698907593782,-1.373716,0.7387481,-2.217299
1698907593796,-1.37373,0.7386414,-2.217402
1698907593810,-1.373744,0.7385427,-2.217491
1698907593824,-1.373742,0.7384311,-2.217557
1698907593837,-1.373742,0.7383296,-2.217609
1698907593850,-1.373752,0.7382323,-2.217692
1698907593865,-1.373748,0.7381455,-2.217775
1698907593879,-1.373749,0.7380705,-2.21782
1698907593893,-1.37378,0.7380462,-2.21783
1698907593906,-1.373797,0.7380484,-2.217834
1698907593920,-1.373748,0.7380133,-2.217872
1698907593934,-1.373706,0.7380181,-2.217903
1698907593948,-1.373621,0.7379816,-2.217878
1698907593962,-1.373524,0.7379379,-2.217814
1698907593974,-1.373419,0.7379147,-2.217758
1698907593989,-1.373337,0.737939,-2.217721
1698907594002,-1.373248,0.737965,-2.217664
1698907594017,-1.373194,0.7380118,-2.217556
1698907594030,-1.373151,0.7380767,-2.217432
1698907594045,-1.373078,0.7381319,-2.217338
1698907594059,-1.372988,0.7381478,-2.217273
1698907594073,-1.372904,0.7381473,-2.217201
1698907594087,-1.372828,0.7381008,-2.217089
1698907594100,-1.372749,0.7380356,-2.216982
1698907594114,-1.372665,0.7379949,-2.216889
1698907594129,-1.372576,0.737982,-2.216813
1698907594142,-1.372476,0.7379586,-2.216734
1698907594156,-1.372383,0.7379274,-2.216668
1698907594170,-1.372281,0.7378876,-2.216589
1698907594183,-1.372156,0.7378715,-2.216516
1698907594197,-1.372018,0.7378482,-2.216443
1698907594211,-1.371893,0.7378126,-2.216368
1698907594225,-1.37178,0.7377722,-2.216264
1698907594240,-1.37166,0.7377174,-2.216157
1698907594255,-1.371524,0.737695,-2.216078
1698907594268,-1.371374,0.7376741,-2.215984
1698907594281,-1.371261,0.7376706,-2.215886
1698907594295,-1.371151,0.7376766,-2.215791
1698907594309,-1.371035,0.7376918,-2.215696
1698907594323,-1.370899,0.7377021,-2.215605
1698907594338,-1.370761,0.7377198,-2.215502
1698907594352,-1.370624,0.7377127,-2.215358
1698907594366,-1.370496,0.7377108,-2.215224
1698907594379,-1.370375,0.7377141,-2.215099
1698907594393,-1.370247,0.7377363,-2.214987
1698907594406,-1.370123,0.7377515,-2.214875
1698907594420,-1.370062,0.737765,-2.214775
1698907594433,-1.370001,0.7377555,-2.214682
1698907594448,-1.36992,0.7377474,-2.21459
1698907594463,-1.369834,0.7377097,-2.214488
1698907594475,-1.369756,0.7376767,-2.214386
1698907594489,-1.369673,0.7376228,-2.214268
1698907594502,-1.369581,0.7375637,-2.214141
1698907594516,-1.369493,0.7375336,-2.214027
1698907594529,-1.36941,0.7374861,-2.21392
1698907594544,-1.36936,0.7374746,-2.213809
1698907594558,-1.369338,0.737479,-2.213671
1698907594571,-1.36932,0.7374854,-2.213547
1698907594587,-1.369213,0.7374547,-2.213439
1698907594601,-1.369093,0.73741,-2.213341
1698907594614,-1.368938,0.7373213,-2.213292
1698907594627,-1.368756,0.737231,-2.213249
1698907594641,-1.368594,0.737185,-2.213174
1698907594656,-1.368421,0.7371418,-2.213095
1698907594669,-1.368274,0.7371038,-2.212976
1698907594684,-1.368208,0.7370892,-2.212831
1698907594698,-1.368111,0.73706,-2.212685
1698907594711,-1.367895,0.7370366,-2.212622
1698907594725,-1.367683,0.7370254,-2.212558
1698907594738,-1.367499,0.7370057,-2.212505
1698907594752,-1.367333,0.736989,-2.212472
1698907594766,-1.367172,0.7369707,-2.212439
1698907594780,-1.366975,0.7369606,-2.212408
1698907594794,-1.366786,0.7369683,-2.212376
1698907594808,-1.366625,0.736954,-2.212394
1698907594823,-1.366477,0.7369301,-2.212425
1698907594836,-1.366325,0.7369095,-2.212407
1698907594848,-1.36617,0.736882,-2.212376
1698907594863,-1.366036,0.736871,-2.212337
1698907594878,-1.365912,0.7368338,-2.212306
1698907594893,-1.365801,0.7367539,-2.212289
1698907594905,-1.36571,0.7367021,-2.212272
1698907594919,-1.365588,0.7366969,-2.21223
1698907594933,-1.365471,0.7366757,-2.21218
1698907594946,-1.365377,0.7366342,-2.212098
1698907594961,-1.365288,0.7365531,-2.211987
1698907594975,-1.365193,0.7364799,-2.21188
1698907594989,-1.365096,0.736477,-2.211831
1698907595002,-1.364984,0.7365045,-2.211783
1698907595017,-1.364879,0.7364983,-2.21177
1698907595031,-1.364776,0.7365252,-2.211769
1698907595045,-1.364663,0.7365497,-2.211751
1698907595059,-1.364542,0.736571,-2.211731
1698907595073,-1.364407,0.7365912,-2.211707
1698907595088,-1.36427,0.736564,-2.211736
1698907595101,-1.364148,0.7365544,-2.21177
1698907595116,-1.364013,0.7365789,-2.211802
1698907595129,-1.363886,0.7365973,-2.211824
1698907595144,-1.363771,0.7366184,-2.211855
1698907595158,-1.363662,0.736622,-2.211899
1698907595171,-1.363564,0.7366316,-2.211944
1698907595185,-1.363456,0.7366305,-2.212001
1698907595198,-1.363366,0.7366172,-2.212054
1698907595213,-1.363284,0.7365829,-2.21215
1698907595227,-1.363208,0.7365297,-2.212278
1698907595241,-1.363146,0.7364809,-2.212399
1698907595256,-1.363109,0.736471,-2.21246
1698907595269,-1.363085,0.7364661,-2.212524
1698907595281,-1.363084,0.736443,-2.212568
1698907595296,-1.363111,0.736405,-2.212611
1698907595312,-1.363117,0.7363664,-2.212641
1698907595324,-1.363092,0.7363404,-2.212666
1698907595338,-1.363062,0.7363172,-2.212675
1698907595352,-1.363035,0.7362632,-2.212715
1698907595365,-1.363006,0.7362174,-2.212756
1698907595379,-1.362981,0.736214,-2.212811
1698907595393,-1.362943,0.7362293,-2.212857
1698907595407,-1.362902,0.7362716,-2.21292
1698907595421,-1.362838,0.7362545,-2.213002
1698907595435,-1.362762,0.736204,-2.213091
1698907595450,-1.362668,0.7361699,-2.213118
1698907595463,-1.362565,0.7361379,-2.213136
1698907595477,-1.36247,0.736136,-2.213159
1698907595491,-1.362398,0.7361371,-2.213187
1698907595505,-1.36234,0.736132,-2.213207
1698907595518,-1.362285,0.7361533,-2.213229
1698907595532,-1.362221,0.7361744,-2.213263
1698907595546,-1.362182,0.7361795,-2.213294
1698907595560,-1.362166,0.7361678,-2.21333
1698907595573,-1.362165,0.7361676,-2.213364
1698907595589,-1.362128,0.7361483,-2.213378
1698907595602,-1.362089,0.7361216,-2.213396
1698907595614,-1.362049,0.736069,-2.213417
1698907595628,-1.362011,0.7360321,-2.213435
1698907595644,-1.361963,0.7359824,-2.213453
1698907595657,-1.361902,0.7359574,-2.213474
1698907595671,-1.361826,0.7359385,-2.213495
1698907595685,-1.361755,0.7359301,-2.213525
1698907595699,-1.361687,0.7359124,-2.213549
1698907595713,-1.3616,0.7358899,-2.21356
1698907595728,-1.361505,0.7358868,-2.213563
1698907595742,-1.361408,0.7358683,-2.213559
1698907595755,-1.361334,0.7358359,-2.213579
1698907595769,-1.361257,0.7357996,-2.21359
1698907595783,-1.361166,0.7358001,-2.21358
1698907595795,-1.361073,0.7358143,-2.213559
1698907595809,-1.361,0.7358335,-2.213539
1698907595824,-1.36093,0.7358183,-2.21355
1698907595838,-1.360871,0.7358013,-2.213559
1698907595853,-1.360807,0.735826,-2.213525
1698907595867,-1.360757,0.7358489,-2.213489
1698907595880,-1.360723,0.7358636,-2.213453
1698907595892,-1.360695,0.735869,-2.213408
1698907595906,-1.360672,0.7358837,-2.213376
1698907595921,-1.360645,0.7358949,-2.213348
1698907595935,-1.360623,0.7359076,-2.213309
1698907595949,-1.360591,0.7358711,-2.213281
1698907595961,-1.360563,0.7357981,-2.213243
1698907595976,-1.360533,0.7357105,-2.213209
1698907595990,-1.360513,0.7356759,-2.213183
1698907596003,-1.360491,0.7356687,-2.213165
1698907596018,-1.36046,0.7356368,-2.213178
1698907596031,-1.360416,0.735606,-2.213194
1698907596045,-1.36037,0.7355961,-2.213189
1698907596059,-1.360324,0.7355893,-2.213143
1698907596073,-1.360274,0.7355853,-2.2131
1698907596087,-1.360274,0.7355979,-2.213037
1698907596101,-1.360296,0.7356105,-2.212975
1698907596116,-1.360279,0.7356352,-2.212924
1698907596129,-1.360241,0.735664,-2.212878
1698907596141,-1.360214,0.7356839,-2.212824
1698907596156,-1.360177,0.7356722,-2.212789
1698907596170,-1.360152,0.7356331,-2.212748
1698907596184,-1.360152,0.7356278,-2.212693
1698907596198,-1.360159,0.7356017,-2.212613
1698907596211,-1.360204,0.7355677,-2.212513
1698907596226,-1.360278,0.7354878,-2.212384
1698907596240,-1.360359,0.7354159,-2.212249
1698907596254,-1.360427,0.7354066,-2.212137
1698907596267,-1.360507,0.7353939,-2.21202
1698907596281,-1.360589,0.7353784,-2.211908
1698907596296,-1.36067,0.7354054,-2.211803
1698907596309,-1.360747,0.7354804,-2.211734
1698907596321,-1.360828,0.735566,-2.211668
1698907596337,-1.360887,0.7356573,-2.211622
1698907596352,-1.360976,0.7356929,-2.211576
1698907596366,-1.361061,0.7356985,-2.211524
1698907596378,-1.361113,0.735702,-2.211488
1698907596392,-1.361173,0.7357087,-2.211458
1698907596405,-1.361234,0.7357103,-2.211435
1698907596420,-1.361277,0.7357058,-2.211449
1698907596434,-1.361334,0.7357102,-2.211469
1698907596448,-1.361424,0.7356975,-2.211466
1698907596463,-1.361532,0.7356715,-2.211444
1698907596476,-1.361657,0.7356308,-2.211423
1698907596491,-1.361787,0.7355796,-2.211402
1698907596504,-1.36191,0.7355313,-2.211393
1698907596518,-1.362061,0.7355359,-2.211404
1698907596532,-1.3622,0.7355451,-2.211424
1698907596547,-1.362313,0.7355565,-2.211452
1698907596561,-1.362405,0.7355657,-2.211491
1698907596574,-1.362479,0.7355748,-2.211538
1698907596588,-1.362559,0.7355841,-2.211574
1698907596601,-1.362624,0.7355952,-2.211623
1698907596616,-1.362665,0.7355881,-2.211676
1698907596630,-1.362687,0.7355638,-2.211733
1698907596644,-1.362701,0.7355512,-2.211802
1698907596658,-1.362719,0.7355604,-2.211873
1698907596672,-1.36273,0.7355471,-2.211946
1698907596686,-1.362714,0.7355366,-2.21207
1698907596700,-1.362685,0.7355239,-2.212198
1698907596714,-1.36269,0.7355143,-2.212291
1698907596728,-1.36271,0.735495,-2.212372
1698907596741,-1.362734,0.7354887,-2.212463
1698907596756,-1.362752,0.7354578,-2.212548
1698907596769,-1.36277,0.7354223,-2.212632
1698907596783,-1.362797,0.7354171,-2.212706
1698907596797,-1.362818,0.7354147,-2.212782
1698907596811,-1.36282,0.7354122,-2.21287
1698907596825,-1.362804,0.7354075,-2.21297
1698907596839,-1.362792,0.7354045,-2.213074
1698907596853,-1.362799,0.7354058,-2.213126
1698907596867,-1.362801,0.7354059,-2.213178
1698907596881,-1.36282,0.7354037,-2.213209
1698907596894,-1.362836,0.7353815,-2.213234
1698907596908,-1.362852,0.735387,-2.213268
1698907596922,-1.362834,0.7354085,-2.2133
1698907596936,-1.36282,0.7354504,-2.213334
1698907596950,-1.362779,0.7354543,-2.213396
1698907596964,-1.362739,0.7354503,-2.213455
1698907596979,-1.362732,0.7354445,-2.213492
1698907596992,-1.362739,0.7354565,-2.213504
1698907597006,-1.362772,0.7354671,-2.213519
1698907597020,-1.362828,0.7354461,-2.213504
1698907597033,-1.362882,0.7354256,-2.213486
1698907597048,-1.362925,0.735416,-2.213477
1698907597061,-1.362976,0.7354439,-2.213476
1698907597075,-1.363034,0.7354674,-2.21349
1698907597089,-1.363087,0.7354854,-2.21354
1698907597102,-1.363143,0.7355059,-2.213591
1698907597116,-1.363201,0.7355212,-2.213615
1698907597131,-1.363273,0.735525,-2.213622
1698907597145,-1.363349,0.735504,-2.213619
1698907597159,-1.363445,0.7354457,-2.213596
1698907597173,-1.363533,0.7353629,-2.21357
1698907597187,-1.363585,0.735323,-2.213552
1698907597201,-1.363623,0.7352737,-2.213535
1698907597216,-1.363669,0.7352127,-2.213524
1698907597229,-1.363728,0.735186,-2.213548
1698907597243,-1.363777,0.735193,-2.213575
1698907597257,-1.363822,0.7352356,-2.213604
1698907597270,-1.363857,0.7352715,-2.213645
1698907597284,-1.363906,0.7352519,-2.21365
1698907597298,-1.363956,0.7352209,-2.213641
1698907597312,-1.36397,0.7351471,-2.213622
1698907597326,-1.363964,0.7350804,-2.213604
1698907597340,-1.363973,0.7350165,-2.213566
1698907597354,-1.363991,0.7349846,-2.213541
1698907597368,-1.364018,0.7350114,-2.21352
1698907597382,-1.364062,0.7350501,-2.213494
1698907597395,-1.364107,0.7350739,-2.213463
1698907597408,-1.364149,0.7350639,-2.213416
1698907597422,-1.364204,0.7350137,-2.213347
1698907597436,-1.364257,0.7349691,-2.213272
1698907597450,-1.364288,0.7349608,-2.213187
1698907597464,-1.364321,0.7349867,-2.213115
1698907597478,-1.36432,0.7350177,-2.213053
1698907597491,-1.364309,0.735052,-2.212997
1698907597505,-1.36428,0.7350869,-2.212938
1698907597520,-1.364268,0.7351311,-2.212867
1698907597534,-1.36425,0.7351548,-2.212799
1698907597548,-1.364238,0.7351425,-2.212713
1698907597562,-1.364223,0.7351023,-2.212629
1698907597576,-1.364205,0.7350695,-2.212547
1698907597590,-1.364171,0.7350507,-2.212481
1698907597603,-1.364142,0.7350435,-2.212422
1698907597618,-1.364085,0.735025,-2.21237
1698907597632,-1.364024,0.7350243,-2.212335
1698907597645,-1.363982,0.7350282,-2.212301
1698907597659,-1.363964,0.7350332,-2.212269
1698907597673,-1.363935,0.7350349,-2.212235
1698907597687,-1.363937,0.7349876,-2.212189
1698907597701,-1.363945,0.7349391,-2.212122
1698907597715,-1.363951,0.7348924,-2.212061
1698907597729,-1.363963,0.7348909,-2.212014
1698907597742,-1.363994,0.7349011,-2.211971
1698907597756,-1.36404,0.7349254,-2.211923
1698907597770,-1.364092,0.7349399,-2.211873
1698907597784,-1.36413,0.7349201,-2.211816
1698907597798,-1.36416,0.7348888,-2.211746
1698907597812,-1.364196,0.734855,-2.211666
1698907597825,-1.364217,0.7348149,-2.211572
1698907597838,-1.364232,0.7347938,-2.211487
1698907597853,-1.364237,0.7348286,-2.211412
1698907597867,-1.364232,0.7348755,-2.211328
1698907597881,-1.364207,0.7348925,-2.211244
1698907597894,-1.364167,0.7348883,-2.211147
1698907597908,-1.364112,0.7348858,-2.211037
1698907597922,-1.364048,0.734911,-2.210915
1698907597936,-1.363978,0.7349426,-2.210777
1698907597951,-1.3639,0.7349646,-2.210628
1698907597964,-1.363805,0.7349953,-2.210473
1698907597978,-1.363696,0.7350138,-2.210307
1698907597993,-1.363581,0.7350581,-2.210158
1698907598006,-1.363452,0.7351374,-2.210046
1698907598020,-1.363306,0.7352603,-2.209982
1698907598033,-1.363153,0.7354246,-2.209957
1698907598047,-1.362994,0.7355545,-2.209939
1698907598061,-1.362832,0.7356268,-2.209918
1698907598075,-1.362644,0.7356046,-2.209843
1698907598089,-1.362476,0.7355289,-2.209753
1698907598103,-1.362326,0.7354437,-2.20965
1698907598117,-1.362197,0.7353995,-2.209578
1698907598131,-1.362098,0.7354153,-2.209524
1698907598145,-1.362011,0.7354428,-2.209469
1698907598158,-1.36192,0.735468,-2.209411
1698907598172,-1.361849,0.7354831,-2.20935
1698907598186,-1.361819,0.7354941,-2.209295
1698907598200,-1.361792,0.7355025,-2.209249
1698907598215,-1.361763,0.735519,-2.209188
1698907598228,-1.361736,0.7355307,-2.209127
1698907598242,-1.361689,0.735545,-2.209082
1698907598256,-1.361614,0.7355532,-2.209068
1698907598270,-1.361525,0.7355554,-2.209045
1698907598284,-1.361426,0.7355571,-2.20903
1698907598298,-1.361324,0.7355617,-2.209022
1698907598312,-1.361222,0.7355711,-2.209025
1698907598325,-1.361113,0.7355829,-2.209039
1698907598339,-1.361016,0.7355862,-2.209047
1698907598353,-1.360922,0.7355759,-2.209053
1698907598367,-1.360831,0.7355548,-2.20905
1698907598381,-1.360754,0.735501,-2.20904
1698907598395,-1.360659,0.7354504,-2.209021
1698907598409,-1.360576,0.7353927,-2.209
1698907598422,-1.360503,0.7353541,-2.208969
1698907598436,-1.360438,0.735324,-2.208935
1698907598450,-1.360394,0.7353153,-2.208902
1698907598465,-1.360361,0.7353221,-2.208867
1698907598478,-1.360331,0.7353259,-2.208825
1698907598492,-1.360295,0.7352924,-2.208769
1698907598505,-1.360255,0.7352589,-2.208717
1698907598520,-1.36022,0.7352405,-2.208662
1698907598533,-1.360195,0.7352385,-2.208605
1698907598547,-1.360153,0.7352371,-2.208567
1698907598561,-1.360091,0.7352414,-2.208549
1698907598575,-1.360032,0.7352521,-2.208517
1698907598589,-1.359993,0.7352819,-2.208468
1698907598602,-1.35996,0.7353026,-2.208419
1698907598617,-1.359942,0.735317,-2.208369
1698907598631,-1.359935,0.7353107,-2.20832
1698907598645,-1.359919,0.7352992,-2.208278
1698907598658,-1.359888,0.7352721,-2.208245
1698907598672,-1.359864,0.7352545,-2.208213
1698907598687,-1.359831,0.7352121,-2.208208
1698907598700,-1.359793,0.7351748,-2.208211
1698907598714,-1.359751,0.7351197,-2.2082
1698907598728,-1.359691,0.735081,-2.208169
1698907598742,-1.359628,0.7350134,-2.208145
1698907598756,-1.359562,0.7349622,-2.208111
1698907598769,-1.359483,0.7349317,-2.208088
1698907598783,-1.359399,0.7349108,-2.208056
1698907598798,-1.359303,0.7349041,-2.208022
1698907598812,-1.359201,0.7348922,-2.207979
1698907598826,-1.359082,0.7348754,-2.207938
1698907598839,-1.358968,0.7348729,-2.207899
1698907598853,-1.358868,0.7348824,-2.20785
1698907598868,-1.35876,0.7348925,-2.207806
1698907598881,-1.358657,0.7349116,-2.207752
1698907598895,-1.35856,0.7349348,-2.207687
1698907598909,-1.358461,0.7349509,-2.207621
1698907598923,-1.358357,0.7349491,-2.207581
1698907598936,-1.358265,0.7349821,-2.207563
1698907598950,-1.358148,0.735011,-2.207581
1698907598964,-1.35804,0.7350404,-2.207601
1698907598979,-1.357932,0.7350446,-2.207612
1698907598993,-1.357835,0.7350064,-2.207605
1698907599006,-1.357736,0.7349383,-2.207593
1698907599018,-1.357627,0.7348856,-2.207577
1698907599032,-1.357522,0.7348204,-2.207572
1698907599046,-1.357416,0.7347759,-2.207582
1698907599060,-1.357315,0.7347375,-2.207599
1698907599074,-1.357202,0.734696,-2.207629
1698907599087,-1.357069,0.7346498,-2.207683
1698907599101,-1.356941,0.7345922,-2.207733
1698907599114,-1.356834,0.7345223,-2.207753
1698907599127,-1.356716,0.7344735,-2.207767
1698907599139,-1.356605,0.7344008,-2.207766
1698907599154,-1.356511,0.7343621,-2.207765
1698907599167,-1.356422,0.7343273,-2.20775
1698907599184,-1.356334,0.7343136,-2.207756
1698907599195,-1.356245,0.7342845,-2.207767
1698907599209,-1.356174,0.734238,-2.207769
1698907599223,-1.35611,0.7341937,-2.207787
1698907599237,-1.356047,0.7341627,-2.207787
1698907599251,-1.355994,0.7341465,-2.207781
1698907599265,-1.355947,0.7341031,-2.207769
1698907599279,-1.355897,0.7340811,-2.207761
1698907599294,-1.355866,0.7340499,-2.207751
1698907599307,-1.355825,0.7340256,-2.207748
1698907599321,-1.355767,0.7339802,-2.207738
1698907599335,-1.355713,0.7339408,-2.207734
1698907599349,-1.35564,0.733881,-2.207746
1698907599363,-1.355554,0.7338362,-2.207763
1698907599378,-1.355467,0.7337735,-2.20777
1698907599390,-1.355361,0.7337401,-2.207772
1698907599404,-1.35525,0.7337295,-2.207785
1698907599417,-1.355146,0.7337402,-2.207775
1698907599431,-1.355026,0.7337412,-2.207774
1698907599445,-1.354895,0.7337516,-2.207787
1698907599459,-1.354745,0.7337659,-2.20782
1698907599474,-1.354581,0.7337713,-2.207866
1698907599488,-1.354412,0.7337202,-2.20792
1698907599501,-1.354239,0.7336603,-2.207965
1698907599516,-1.354062,0.7336416,-2.208023
1698907599530,-1.353882,0.7336327,-2.208055
1698907599543,-1.353685,0.7336127,-2.208082
1698907599557,-1.353486,0.7336146,-2.208098
1698907599571,-1.353276,0.7336093,-2.208103
1698907599585,-1.353034,0.7336875,-2.208111
1698907599599,-1.352783,0.7338321,-2.20814
1698907599613,-1.352517,0.734082,-2.208213
1698907599628,-1.352192,0.7349505,-2.208359
1698907599642,-1.35179,0.7355396,-2.208416
1698907599655,-1.35135,0.7361648,-2.208349
1698907599668,-1.35086,0.7366644,-2.208267
1698907599684,-1.350491,0.7371544,-2.208061
1698907599697,-1.350079,0.7376094,-2.207852
1698907599711,-1.3497,0.7380834,-2.207634
1698907599725,-1.349277,0.7385244,-2.207486
1698907599738,-1.348894,0.7388531,-2.207277
1698907599753,-1.348521,0.7391199,-2.207055
1698907599767,-1.348242,0.7393922,-2.206792
1698907599781,-1.347893,0.7396514,-2.206608
1698907599795,-1.347538,0.7398693,-2.206435
1698907599809,-1.347276,0.7401321,-2.206225
1698907599823,-1.346949,0.7402907,-2.205989
1698907599836,-1.346573,0.7404035,-2.205755
1698907599851,-1.346253,0.7405186,-2.205542
1698907599864,-1.345965,0.740654,-2.205324
1698907599878,-1.345603,0.740811,-2.205161
1698907599892,-1.345249,0.7410562,-2.20502
1698907599905,-1.344858,0.7412833,-2.2049
1698907599920,-1.344494,0.7414941,-2.204787
1698907599933,-1.344094,0.7416324,-2.204678
1698907599948,-1.343643,0.7417723,-2.204581
1698907599961,-1.343144,0.7418739,-2.20446
1698907599974,-1.342709,0.7420469,-2.204418
1698907599987,-1.342223,0.7422372,-2.204402
1698907600001,-1.34179,0.7423874,-2.204354
1698907600017,-1.341272,0.7426178,-2.204384
1698907600030,-1.340787,0.7427904,-2.204391
1698907600044,-1.340308,0.7429336,-2.204406
1698907600058,-1.339802,0.7430733,-2.204458
1698907600071,-1.339263,0.7432255,-2.204483
1698907600085,-1.338686,0.7433327,-2.204502
1698907600099,-1.338155,0.7434014,-2.204532
1698907600113,-1.337767,0.7434841,-2.204592
1698907600127,-1.337392,0.7435316,-2.20463
1698907600141,-1.337043,0.7436381,-2.204675
1698907600156,-1.336677,0.7436646,-2.204689
1698907600169,-1.336405,0.7437214,-2.204703
1698907600181,-1.336161,0.7437522,-2.204692
1698907600195,-1.335889,0.7438258,-2.20477
1698907600209,-1.335748,0.74386,-2.204785
1698907600223,-1.335594,0.7438647,-2.204821
1698907600238,-1.335489,0.7438867,-2.204874
1698907600252,-1.335476,0.7439245,-2.204885
1698907600266,-1.335537,0.7439924,-2.204921
1698907600279,-1.335616,0.7440545,-2.204945
1698907600293,-1.335722,0.7441347,-2.204959
1698907600307,-1.335853,0.7442065,-2.204973
1698907600321,-1.336016,0.7442563,-2.204994
1698907600335,-1.336217,0.7443308,-2.205029
1698907600350,-1.336342,0.7443711,-2.205091
1698907600363,-1.336453,0.7444195,-2.205175
1698907600377,-1.336614,0.7444866,-2.205233
1698907600391,-1.336836,0.7445593,-2.205273
1698907600404,-1.337065,0.7446336,-2.205325
1698907600418,-1.337284,0.7447163,-2.205307
1698907600432,-1.337489,0.7447691,-2.2053
1698907600447,-1.337696,0.7448088,-2.205297
1698907600461,-1.337914,0.7448255,-2.205313
1698907600474,-1.338109,0.7448439,-2.20533
1698907600488,-1.338268,0.7448863,-2.205368
1698907600501,-1.338417,0.7449117,-2.205408
1698907600515,-1.338568,0.7448972,-2.20542
1698907600529,-1.338714,0.744863,-2.205415
1698907600543,-1.338853,0.7448381,-2.205394
1698907600556,-1.338961,0.7448396,-2.205333
1698907600570,-1.339064,0.7448295,-2.20526
1698907600585,-1.339174,0.7447954,-2.205188
1698907600600,-1.339282,0.7447367,-2.205111
1698907600613,-1.339372,0.7447241,-2.205028
1698907600626,-1.339398,0.744703,-2.204934
1698907600640,-1.339419,0.7447088,-2.204833
1698907600654,-1.339486,0.7446802,-2.204705
1698907600669,-1.339565,0.7446674,-2.204563
1698907600684,-1.339644,0.7446972,-2.204378
1698907600696,-1.339726,0.7447581,-2.204179
1698907600710,-1.339826,0.7448213,-2.203993
1698907600723,-1.339928,0.7448604,-2.203829
1698907600737,-1.340031,0.7449229,-2.203675
1698907600751,-1.340099,0.7449889,-2.203536
1698907600765,-1.340149,0.7450398,-2.203394
1698907600780,-1.340223,0.745085,-2.203255
1698907600793,-1.340312,0.7451063,-2.203115
1698907600806,-1.34039,0.7451152,-2.202983
1698907600821,-1.340437,0.7451735,-2.202812
1698907600835,-1.340476,0.7452146,-2.202666
1698907600849,-1.3405,0.7452357,-2.202554
1698907600863,-1.340515,0.7452484,-2.202467
1698907600877,-1.340509,0.745263,-2.202393
1698907600891,-1.340443,0.7453077,-2.202357
1698907600904,-1.340381,0.7453347,-2.202329
1698907600918,-1.340363,0.7453132,-2.202265
1698907600932,-1.340346,0.7452748,-2.202204
1698907600945,-1.340337,0.7452466,-2.202127
1698907600959,-1.340318,0.7452416,-2.202007
1698907600974,-1.3403,0.7452426,-2.20188
1698907600988,-1.3403,0.7451975,-2.201818
1698907601002,-1.340304,0.7451761,-2.201758
1698907601015,-1.340267,0.7451782,-2.20173
1698907601029,-1.340221,0.7452034,-2.20171
1698907601043,-1.340182,0.745216,-2.201678
1698907601057,-1.34019,0.7452029,-2.201621
1698907601071,-1.340192,0.7451944,-2.201561
1698907601086,-1.340169,0.7452328,-2.201451
1698907601099,-1.340131,0.7452855,-2.201338
1698907601113,-1.340109,0.7453128,-2.201243
1698907601127,-1.340105,0.7453146,-2.201167
1698907601140,-1.340094,0.745335,-2.201096
1698907601154,-1.340039,0.7453735,-2.201021
1698907601168,-1.339977,0.7453961,-2.200943
1698907601185,-1.339931,0.7453898,-2.200863
1698907601197,-1.339872,0.7454006,-2.200775
1698907601211,-1.339805,0.7454185,-2.200673
1698907601225,-1.339682,0.7454603,-2.200532
1698907601238,-1.339549,0.7455077,-2.20039
1698907601252,-1.339442,0.7455158,-2.200277
1698907601266,-1.339328,0.7455234,-2.200172
1698907601279,-1.339197,0.7455534,-2.200074
1698907601296,-1.339006,0.7455897,-2.199975
