time,x,y,z
1697786336851,0,0,0
1697786338365,0.0009109192,1.52095,0.03332354
1697786338426,0.0004902184,1.52107,0.03355239
1697786338449,0.0002340451,1.521132,0.03371925
1697786338467,0.0001633093,1.521219,0.03380667
1697786338482,7.891282E-05,1.521324,0.03387241
1697786338496,6.726012E-05,1.521388,0.03391598
1697786338510,5.184114E-05,1.521413,0.03397831
1697786338524,4.350021E-05,1.521453,0.0340488
1697786338538,7.068738E-05,1.521437,0.03412585
1697786338553,4.568696E-05,1.521459,0.03417759
1697786338570,-3.457069E-06,1.5215,0.03424862
1697786338623,6.246939E-05,1.52147,0.03436974
1697786338652,0.0001440682,1.521596,0.03491998
1697786338679,0.0001443252,1.52152,0.0351059
1697786338705,9.973347E-05,1.521546,0.03523776
1697786338718,8.31373E-05,1.521614,0.03539696
1697786338733,7.996708E-05,1.52168,0.03546515
1697786338746,6.384403E-05,1.521732,0.03542261
1697786338761,3.659725E-05,1.521785,0.03547726
1697786338774,2.160668E-05,1.521821,0.03551628
1697786338787,-1.980737E-05,1.521801,0.03557723
1697786338801,-3.274158E-05,1.521719,0.03562763
1697786338815,-6.558374E-05,1.521661,0.03565242
1697786338828,-0.000119593,1.521601,0.03567237
1697786338842,-0.000167042,1.521596,0.03571115
1697786338855,-0.0002015866,1.521587,0.03576924
1697786338869,-0.0002077743,1.521579,0.03580816
1697786338883,-0.0002547391,1.521624,0.03580823
1697786338897,-0.0003052652,1.521703,0.03581578
1697786338911,-0.0003453568,1.52178,0.03579913
1697786338925,-0.0003764406,1.521829,0.03581158
1697786338938,-0.0004168712,1.52188,0.03579603
1697786338953,-0.0004909374,1.521886,0.03574798
1697786338966,-0.0005744621,1.521883,0.03568666
1697786338981,-0.0006508008,1.521865,0.03565463
1697786338995,-0.0007000864,1.521874,0.03565065
1697786339008,-0.0007387921,1.521855,0.03562909
1697786339021,-0.0007757321,1.521865,0.03560155
1697786339036,-0.0008352697,1.521874,0.03557406
1697786339051,-0.000886526,1.521863,0.03553996
1697786339066,-0.0009538755,1.52185,0.03550354
1697786339091,-0.001061235,1.521831,0.03545082
1697786339105,-0.001220046,1.521843,0.03538585
1697786339119,-0.001292126,1.521862,0.03533062
1697786339134,-0.001398766,1.521886,0.03526882
1697786339148,-0.001500752,1.52191,0.035195
1697786339160,-0.001589768,1.521943,0.03511803
1697786339175,-0.001697846,1.521936,0.03503545
1697786339189,-0.001789574,1.521927,0.03493379
1697786339201,-0.001868322,1.521924,0.03487564
1697786339215,-0.001967903,1.521949,0.03480215
1697786339229,-0.002061896,1.521987,0.03472896
1697786339242,-0.002165768,1.522052,0.03463949
1697786339257,-0.002237525,1.522127,0.03457846
1697786339272,-0.002297629,1.522216,0.03452148
1697786339285,-0.002354933,1.522234,0.03445491
1697786339301,-0.002390489,1.522242,0.03433537
1697786339314,-0.002455106,1.522206,0.03423274
1697786339328,-0.00251621,1.522204,0.03411628
1697786339342,-0.002577066,1.522228,0.0340059
1697786339356,-0.002679946,1.522251,0.03387468
1697786339371,-0.002777208,1.522267,0.03372775
1697786339384,-0.002845293,1.522285,0.03359095
1697786339398,-0.002917876,1.522309,0.03344691
1697786339412,-0.002982795,1.522341,0.03329294
1697786339426,-0.003039589,1.522335,0.03311534
1697786339440,-0.003083887,1.522317,0.03293866
1697786339453,-0.003134565,1.522294,0.03275693
1697786339467,-0.003197471,1.522304,0.03258853
1697786339482,-0.003257036,1.52236,0.03239894
1697786339496,-0.003303081,1.522424,0.03221399
1697786339510,-0.003357975,1.522485,0.03201478
1697786339523,-0.003417915,1.522529,0.0318001
1697786339538,-0.003477678,1.522634,0.03157917
1697786339552,-0.003545647,1.522707,0.03138448
1697786339564,-0.003578171,1.522766,0.03116548
1697786339579,-0.00361299,1.522836,0.03096061
1697786339593,-0.003667718,1.522877,0.03075715
1697786339607,-0.003723644,1.522936,0.03056589
1697786339621,-0.003814097,1.523007,0.03037541
1697786339636,-0.003920453,1.523058,0.03017523
1697786339649,-0.003990939,1.523094,0.03001544
1697786339662,-0.004043922,1.523093,0.02983796
1697786339677,-0.004122164,1.52308,0.02967574
1697786339691,-0.004122807,1.523083,0.02952969
1697786339704,-0.004126061,1.523096,0.02937058
1697786339719,-0.004157241,1.523076,0.02920984
1697786339732,-0.004205277,1.523043,0.02904424
1697786339746,-0.004292203,1.523035,0.02889688
1697786339760,-0.004383935,1.523051,0.02873722
1697786339774,-0.004478939,1.52307,0.02859202
1697786339787,-0.004527027,1.523062,0.02845374
1697786339802,-0.004556093,1.523063,0.02831401
1697786339816,-0.004597956,1.523083,0.02816911
1697786339830,-0.004604878,1.523095,0.0280167
1697786339843,-0.0046541,1.52312,0.02786557
1697786339858,-0.004681805,1.523167,0.02771556
1697786339871,-0.004708016,1.523192,0.02757512
1697786339885,-0.004744066,1.523291,0.02744076
1697786339899,-0.004811727,1.523351,0.02732103
1697786339913,-0.004861204,1.523427,0.02719901
1697786339926,-0.004863057,1.523473,0.02710968
1697786339941,-0.004900316,1.523526,0.02700203
1697786339955,-0.004915716,1.523547,0.02692215
1697786339969,-0.004927021,1.523521,0.02682851
1697786339982,-0.004952056,1.523511,0.02672233
1697786339996,-0.004973674,1.52348,0.0266454
1697786340010,-0.004986119,1.523515,0.02659239
1697786340023,-0.005022846,1.523529,0.02651341
1697786340038,-0.005053749,1.523606,0.02647044
1697786340053,-0.005076218,1.523621,0.02638436
1697786340065,-0.005109975,1.523629,0.02633069
1697786340079,-0.005117074,1.52364,0.0262586
1697786340093,-0.005120246,1.523631,0.02620859
1697786340107,-0.005091168,1.523629,0.0262049
1697786340121,-0.005081339,1.523641,0.0261745
1697786340135,-0.005091498,1.52366,0.02616295
1697786340149,-0.005102137,1.5237,0.02614842
1697786340162,-0.005089492,1.523755,0.02614605
1697786340177,-0.005089212,1.523825,0.02614348
1697786340191,-0.005078522,1.523847,0.02610677
1697786340203,-0.005076474,1.523873,0.02607839
1697786340218,-0.005031887,1.523919,0.0260773
1697786340231,-0.00498843,1.52395,0.0260831
1697786340245,-0.004946861,1.524011,0.02609454
1697786340260,-0.004889365,1.524045,0.02609343
1697786340274,-0.004855424,1.524078,0.02611372
1697786340287,-0.004805757,1.5241,0.02613534
1697786340301,-0.004748998,1.524105,0.02615215
1697786340316,-0.004704408,1.524088,0.02616647
1697786340330,-0.004669914,1.524078,0.02617872
1697786340343,-0.004640786,1.524074,0.02619541
1697786340358,-0.004635463,1.524084,0.02623639
1697786340372,-0.004592562,1.524082,0.02626133
1697786340386,-0.004577871,1.524109,0.02627887
1697786340400,-0.004561253,1.524095,0.02626947
1697786340414,-0.004554868,1.524123,0.02624717
1697786340427,-0.004564075,1.524148,0.02624717
1697786340441,-0.004549682,1.524178,0.02623338
1697786340455,-0.004554441,1.524163,0.02622284
1697786340469,-0.004534356,1.524152,0.02619999
1697786340483,-0.004516257,1.524163,0.02620809
1697786340497,-0.004476145,1.524158,0.02621602
1697786340511,-0.004448675,1.524176,0.02620847
1697786340524,-0.004458502,1.524214,0.02617005
1697786340538,-0.004479408,1.524278,0.02613247
1697786340553,-0.004482105,1.524331,0.02610192
1697786340566,-0.004495919,1.524369,0.02607699
1697786340581,-0.004523033,1.524418,0.02602232
1697786340594,-0.004528269,1.524454,0.02599262
1697786340607,-0.004539927,1.524515,0.02597512
1697786340622,-0.004538726,1.524591,0.0259914
1697786340636,-0.004533051,1.524624,0.02602074
1697786340649,-0.004522948,1.524666,0.02603478
1697786340663,-0.004527221,1.524676,0.02600066
1697786340678,-0.004511362,1.524703,0.02598006
1697786340692,-0.004459077,1.5247,0.0259771
1697786340705,-0.004410466,1.524683,0.02596854
1697786340719,-0.004397914,1.524654,0.02597013
1697786340734,-0.004387347,1.524635,0.02597598
1697786340747,-0.004365113,1.524622,0.02599352
1697786340761,-0.004353937,1.524596,0.02603808
1697786340774,-0.004327785,1.524552,0.02606906
1697786340788,-0.004319403,1.524564,0.02605836
1697786340803,-0.00430119,1.524577,0.02605759
1697786340816,-0.004296958,1.524611,0.02606556
1697786340830,-0.004263494,1.524649,0.02608158
1697786340844,-0.00424969,1.524648,0.02608599
1697786340858,-0.004234428,1.524628,0.026086
1697786340873,-0.0042137,1.524629,0.02607945
1697786340885,-0.004180182,1.524627,0.02611609
1697786340900,-0.004147846,1.52464,0.02614242
1697786340914,-0.00413456,1.524665,0.02613333
1697786340927,-0.004134087,1.524719,0.02611795
1697786340942,-0.004133342,1.524779,0.02610004
1697786340955,-0.004115401,1.52481,0.0260896
1697786340969,-0.004123608,1.524834,0.02604751
1697786340983,-0.004120657,1.52486,0.0260485
1697786340997,-0.004118074,1.524832,0.02602376
1697786341012,-0.004102483,1.524821,0.02601863
1697786341025,-0.004056919,1.52486,0.0260423
1697786341040,-0.004015535,1.524897,0.02607772
1697786341053,-0.004003331,1.524932,0.02606179
1697786341067,-0.003988713,1.524959,0.02605127
1697786341081,-0.00396462,1.524984,0.02603604
1697786341095,-0.003949514,1.524986,0.02603252
1697786341109,-0.003944337,1.524972,0.02605298
1697786341121,-0.003937913,1.524959,0.0260636
1697786341136,-0.003937487,1.524944,0.02608081
1697786341150,-0.003897564,1.524971,0.0261106
1697786341163,-0.00385892,1.524976,0.02614397
1697786341178,-0.003832947,1.524991,0.02615647
1697786341192,-0.003832152,1.524982,0.02617105
1697786341205,-0.003829621,1.524994,0.02619385
1697786341220,-0.003874654,1.524996,0.02623895
1697786341233,-0.003921619,1.524968,0.02630877
1697786341247,-0.003944337,1.52493,0.02636926
1697786341261,-0.003958467,1.524911,0.02642078
1697786341275,-0.003939426,1.524903,0.0264884
1697786341289,-0.003944559,1.524938,0.02657811
1697786341303,-0.003944091,1.524961,0.02664682
1697786341317,-0.003921987,1.524948,0.02668304
1697786341330,-0.003915973,1.524962,0.02671796
1697786341344,-0.003917724,1.524938,0.02677125
1697786341359,-0.003928665,1.524903,0.02685274
1697786341372,-0.003958073,1.524855,0.02694729
1697786341386,-0.003951985,1.524832,0.02699944
1697786341401,-0.003958311,1.524795,0.02706144
1697786341414,-0.003945366,1.52475,0.02712917
1697786341428,-0.003939062,1.524746,0.02721471
1697786341442,-0.003938448,1.524731,0.02730127
1697786341455,-0.003924942,1.52467,0.02738934
1697786341470,-0.003927208,1.524657,0.02746109
1697786341484,-0.003961159,1.52466,0.02758958
1697786341498,-0.004000211,1.524661,0.02773458
1697786341512,-0.004016029,1.524617,0.02782069
1697786341525,-0.004054485,1.524576,0.02789598
1697786341539,-0.004089771,1.524537,0.02796204
1697786341553,-0.004122578,1.524512,0.02808677
1697786341567,-0.004139137,1.524541,0.02821997
1697786341581,-0.004172493,1.524557,0.02832105
1697786341595,-0.004229821,1.524561,0.02841202
1697786341609,-0.004284199,1.524561,0.02849985
1697786341622,-0.00439439,1.524568,0.0286251
1697786341637,-0.00449205,1.524564,0.02873818
1697786341650,-0.004558571,1.524546,0.02885258
1697786341664,-0.004616721,1.524532,0.02895531
1697786341677,-0.004680114,1.524502,0.02905725
1697786341692,-0.00473915,1.524509,0.02918873
1697786341705,-0.004779201,1.524525,0.02931937
1697786341720,-0.004833899,1.524542,0.02942455
1697786341734,-0.004878124,1.524566,0.02952332
1697786341747,-0.004932135,1.524572,0.02961636
1697786341761,-0.005032677,1.524582,0.02972292
1697786341775,-0.005133258,1.524609,0.02981274
1697786341789,-0.005167514,1.52461,0.02989274
1697786341816,-0.005218344,1.524612,0.02999648
1697786341833,-0.005321776,1.52463,0.03021186
1697786341846,-0.005360929,1.524634,0.03031844
1697786341860,-0.005408878,1.524621,0.03042335
1697786341874,-0.005467303,1.524598,0.03054038
1697786341887,-0.005564915,1.524599,0.03064005
1697786341900,-0.005648231,1.524583,0.0307364
1697786341914,-0.005735911,1.52455,0.03085745
1697786341928,-0.005815061,1.524525,0.03097671
1697786341942,-0.005897393,1.524554,0.0311169
1697786341956,-0.005937032,1.524608,0.03128593
1697786341970,-0.006003661,1.52466,0.03146169
1697786341984,-0.006050698,1.524665,0.03157825
1697786341998,-0.006130613,1.524658,0.03168989
1697786342013,-0.006202007,1.524659,0.03180026
1697786342025,-0.00633217,1.524674,0.03191562
1697786342039,-0.006451892,1.524668,0.03202998
1697786342052,-0.006521584,1.524692,0.03212983
1697786342066,-0.006599613,1.524703,0.03223573
1697786342080,-0.006653583,1.524729,0.03234075
1697786342095,-0.006709317,1.524784,0.03246491
1697786342108,-0.006776106,1.524797,0.03257312
1697786342122,-0.006842399,1.524802,0.03264508
1697786342136,-0.006904079,1.524798,0.032722
1697786342150,-0.006975872,1.524784,0.03277946
1697786342163,-0.007055728,1.524752,0.03282057
1697786342178,-0.007124089,1.524755,0.0328803
1697786342192,-0.007180801,1.524766,0.03293134
1697786342205,-0.007219164,1.524802,0.03296375
1697786342220,-0.00729323,1.52482,0.03298214
1697786342233,-0.007342914,1.524883,0.0329903
1697786342246,-0.00738265,1.524957,0.03300329
1697786342261,-0.00740399,1.52502,0.03298696
1697786342275,-0.007429266,1.525086,0.03297517
1697786342289,-0.007459382,1.525185,0.03295092
1697786342303,-0.007474894,1.525217,0.03293443
1697786342317,-0.007484408,1.525291,0.03290064
1697786342331,-0.007494768,1.525359,0.03287975
1697786342344,-0.007505719,1.525414,0.03286451
1697786342358,-0.007521782,1.525427,0.03286949
1697786342373,-0.007549912,1.525388,0.03284368
1697786342386,-0.007579576,1.525415,0.03281559
1697786342401,-0.007592786,1.52542,0.03280309
1697786342415,-0.007673275,1.525402,0.03276146
1697786342429,-0.007754793,1.525407,0.03277011
1697786342442,-0.007817185,1.525415,0.03272827
1697786342456,-0.007851494,1.525451,0.03268563
1697786342469,-0.007898716,1.525486,0.03261082
1697786342484,-0.007900907,1.525485,0.03256187
1697786342498,-0.0079189,1.525501,0.03246671
1697786342512,-0.007981533,1.525553,0.03238304
1697786342525,-0.008042268,1.525596,0.03230637
1697786342540,-0.008129865,1.525629,0.03223974
1697786342554,-0.008249683,1.525674,0.03219211
1697786342567,-0.008344801,1.52569,0.03217917
1697786342581,-0.008433079,1.52571,0.0321065
1697786342595,-0.008518929,1.52571,0.03202801
1697786342609,-0.008577168,1.525743,0.03195347
1697786342623,-0.008621652,1.525763,0.03188175
1697786342637,-0.008680049,1.525859,0.03183218
1697786342650,-0.008780148,1.52587,0.03176484
1697786342664,-0.008897603,1.525864,0.0316966
1697786342679,-0.009023676,1.525861,0.0316144
1697786342693,-0.009124273,1.525872,0.03152299
1697786342706,-0.009234887,1.525865,0.03142659
1697786342720,-0.009357123,1.525869,0.03132707
1697786342734,-0.009509288,1.525865,0.03123787
1697786342748,-0.00963111,1.525876,0.0311554
1697786342762,-0.009748803,1.525857,0.03103728
1697786342775,-0.009859165,1.525853,0.03092721
1697786342789,-0.009980796,1.525849,0.03083451
1697786342802,-0.01008289,1.525814,0.03074266
1697786342817,-0.01014304,1.525852,0.03064131
1697786342830,-0.01021202,1.525874,0.03056407
1697786342844,-0.01027264,1.525903,0.03049021
1697786342858,-0.01034537,1.525948,0.03040217
1697786342872,-0.01040377,1.525984,0.03030846
1697786342886,-0.01045927,1.526047,0.03023673
1697786342900,-0.01050315,1.52611,0.03014369
1697786342914,-0.01056874,1.52613,0.03007987
1697786342928,-0.01062642,1.52619,0.0300029
1697786342942,-0.01068003,1.526212,0.02994179
1697786342956,-0.01070397,1.526255,0.02990507
1697786342970,-0.01074335,1.526325,0.02989116
1697786342983,-0.0107988,1.526346,0.02986312
1697786342998,-0.01084229,1.526366,0.02981533
1697786343011,-0.01087318,1.526392,0.02978767
1697786343025,-0.01091659,1.526409,0.02977462
1697786343040,-0.01096145,1.526382,0.02976474
1697786343053,-0.01099206,1.526351,0.02974269
1697786343067,-0.01104076,1.526333,0.02973437
1697786343081,-0.01105857,1.52631,0.02973076
1697786343095,-0.01109081,1.52629,0.02974287
1697786343109,-0.01111691,1.526306,0.02974562
1697786343122,-0.01114469,1.52631,0.02972111
1697786343137,-0.01119245,1.526319,0.0297038
1697786343151,-0.01122439,1.526345,0.02968827
1697786343164,-0.01126298,1.52634,0.02968021
1697786343178,-0.01129065,1.526347,0.0296595
1697786343192,-0.01131288,1.526337,0.02963175
1697786343206,-0.01132409,1.526337,0.02960069
1697786343220,-0.01133465,1.526347,0.02960753
1697786343234,-0.01133435,1.526376,0.02960768
1697786343247,-0.0113244,1.5264,0.02958506
1697786343261,-0.01134451,1.526456,0.02955927
1697786343275,-0.01135787,1.52651,0.02952096
1697786343289,-0.01135883,1.526529,0.02952613
1697786343303,-0.01139034,1.526599,0.02949694
1697786343317,-0.01141429,1.526628,0.02948059
1697786343331,-0.01143119,1.526702,0.02947601
1697786343345,-0.01146139,1.526723,0.02947208
1697786343359,-0.01147468,1.526738,0.02948094
1697786343372,-0.01150318,1.526755,0.02950394
1697786343386,-0.01154078,1.526747,0.02950139
1697786343401,-0.01157503,1.526759,0.02949718
1697786343414,-0.01161484,1.526776,0.02951429
1697786343428,-0.0116607,1.52679,0.02953782
1697786343441,-0.011703,1.526789,0.02956554
1697786343456,-0.01175544,1.526766,0.02957536
1697786343470,-0.01178881,1.526734,0.02956989
1697786343483,-0.01181472,1.5267,0.02958306
1697786343498,-0.01185773,1.526651,0.02961124
1697786343511,-0.01190026,1.526647,0.02962278
1697786343525,-0.01194811,1.526623,0.02963407
1697786343540,-0.01200976,1.526644,0.02965347
1697786343554,-0.01204482,1.526674,0.02967864
1697786343567,-0.01209375,1.526693,0.02971262
1697786343581,-0.01214379,1.526696,0.02974142
1697786343595,-0.01220765,1.526728,0.02977248
1697786343609,-0.01224522,1.526737,0.02980573
1697786343623,-0.01227548,1.526767,0.02985159
1697786343637,-0.01230538,1.526787,0.02990952
1697786343651,-0.01233808,1.526814,0.02996879
1697786343664,-0.01238395,1.526844,0.03002953
1697786343678,-0.01240599,1.526872,0.03009104
1697786343693,-0.01242533,1.526899,0.03015991
1697786343706,-0.01247097,1.526909,0.03024649
1697786343720,-0.01248589,1.526917,0.03033213
1697786343734,-0.01250909,1.526931,0.03041288
1697786343748,-0.01253996,1.526951,0.03048796
1697786343762,-0.01256347,1.526941,0.03055082
1697786343776,-0.01258588,1.526986,0.03060557
1697786343789,-0.01263791,1.527034,0.03067351
1697786343804,-0.01269645,1.52706,0.0307396
1697786343817,-0.0127684,1.527082,0.03081789
1697786343831,-0.012823,1.527074,0.03088914
1697786343845,-0.01290516,1.52706,0.03096575
1697786343859,-0.01298117,1.527047,0.03104828
1697786343873,-0.01307646,1.527034,0.03115027
1697786343886,-0.01316812,1.526998,0.03124577
1697786343900,-0.01326394,1.526972,0.03133819
1697786343914,-0.0133467,1.526956,0.03143355
1697786343929,-0.0134119,1.526932,0.03153533
1697786343943,-0.01347249,1.526926,0.03163519
1697786343956,-0.01356799,1.526918,0.03172852
1697786343971,-0.01368133,1.526891,0.03182026
1697786343984,-0.01373316,1.526901,0.03192063
1697786343998,-0.01376638,1.526928,0.03204187
1697786344012,-0.01379989,1.526912,0.0321766
1697786344026,-0.01383283,1.526857,0.03234487
1697786344039,-0.01385639,1.526825,0.03251743
1697786344054,-0.01388005,1.526849,0.03269183
1697786344067,-0.01389506,1.52687,0.03286992
1697786344081,-0.01391303,1.526902,0.03303273
1697786344096,-0.01393356,1.526908,0.03318211
1697786344109,-0.01399012,1.526903,0.03333016
1697786344122,-0.01404422,1.526926,0.03353062
1697786344137,-0.01410031,1.526938,0.03370682
1697786344150,-0.01421111,1.526981,0.03391289
1697786344164,-0.01434256,1.527016,0.0341049
1697786344179,-0.01446343,1.527089,0.03431604
1697786344193,-0.01460042,1.527162,0.03454142
1697786344206,-0.0147374,1.527241,0.03477197
1697786344220,-0.01492451,1.527332,0.03503043
1697786344234,-0.01509507,1.527426,0.03530768
1697786344247,-0.01543551,1.527608,0.035677
1697786344262,-0.01569775,1.527809,0.03607788
1697786344276,-0.01589365,1.527939,0.03643452
1697786344290,-0.01630707,1.528063,0.03671927
1697786344303,-0.01670769,1.528332,0.03715603
1697786344317,-0.0170786,1.528621,0.03757722
1697786344331,-0.0176826,1.528836,0.03806572
1697786344346,-0.01812044,1.529144,0.03851009
1697786344359,-0.01882653,1.529411,0.03899062
1697786344373,-0.0195094,1.52952,0.03954666
1697786344387,-0.02022845,1.529843,0.0401643
1697786344401,-0.02095976,1.530003,0.04092091
1697786344415,-0.02183233,1.530352,0.04174688
1697786344429,-0.02264813,1.530547,0.04265762
1697786344442,-0.02358216,1.530807,0.04362642
1697786344456,-0.02453604,1.530749,0.04454355
1697786344470,-0.02549421,1.530676,0.04554152
1697786344484,-0.02642686,1.53069,0.04660361
1697786344498,-0.02754354,1.530666,0.04773974
1697786344512,-0.02863046,1.530501,0.04893882
1697786344526,-0.02969358,1.530375,0.05012522
1697786344539,-0.03091232,1.530354,0.05148969
1697786344553,-0.03197502,1.530325,0.05280016
1697786344567,-0.03297868,1.53022,0.05417503
1697786344582,-0.03396779,1.530033,0.05554091
1697786344595,-0.03504474,1.529981,0.05691195
1697786344609,-0.03598024,1.530087,0.05832775
1697786344622,-0.03682813,1.530308,0.05980939
1697786344637,-0.03766174,1.530643,0.06130373
1697786344651,-0.03840751,1.530939,0.06299312
1697786344665,-0.03908308,1.531219,0.06455906
1697786344679,-0.03980633,1.531278,0.0661419
1697786344693,-0.04035838,1.531357,0.06761937
1697786344706,-0.04073827,1.531179,0.06905447
1697786344720,-0.04121877,1.530993,0.07052898
1697786344735,-0.04151123,1.530834,0.07203536
1697786344748,-0.0418064,1.53023,0.07339254
1697786344762,-0.04200868,1.52982,0.07474113
1697786344777,-0.04211152,1.529625,0.07602973
1697786344790,-0.04213858,1.529726,0.0773181
1697786344803,-0.04193175,1.529943,0.07857315
1697786344818,-0.04164032,1.529934,0.07972606
1697786344832,-0.04127937,1.529777,0.08078115
1697786344845,-0.04073399,1.529889,0.08183695
1697786344859,-0.04000262,1.530046,0.0828089
1697786344873,-0.03932185,1.530016,0.08374289
1697786344887,-0.03843295,1.530063,0.08459876
1697786344901,-0.03724079,1.530113,0.08535262
1697786344915,-0.03605469,1.530242,0.08615718
1697786344929,-0.03447473,1.530357,0.08685179
1697786344942,-0.03270699,1.53054,0.08736432
1697786344956,-0.03022763,1.530815,0.0877391
1697786344971,-0.02771986,1.531043,0.08823418
1697786344984,-0.02508536,1.531165,0.08853187
1697786344998,-0.02270994,1.530965,0.08882693
1697786345013,-0.02008745,1.530832,0.08891414
1697786345026,-0.01741795,1.530683,0.08901823
1697786345040,-0.01451129,1.530826,0.08907633
1697786345054,-0.01183189,1.530694,0.08906254
1697786345068,-0.008914875,1.530552,0.08895668
1697786345082,-0.006071117,1.530487,0.0889257
1697786345095,-0.003085202,1.53061,0.0887605
1697786345109,-6.521493E-05,1.530573,0.08860233
1697786345124,0.002858352,1.53081,0.08847421
1697786345137,0.005958047,1.530964,0.08822794
1697786345151,0.008938108,1.530943,0.08805683
1697786345165,0.01187047,1.531001,0.08782279
1697786345179,0.01490712,1.531107,0.0874442
1697786345192,0.01819741,1.531153,0.08696705
1697786345206,0.02157809,1.531128,0.08649389
1697786345221,0.0251782,1.530978,0.08591016
1697786345235,0.02860935,1.531037,0.08553481
1697786345249,0.03216908,1.531146,0.08506268
1697786345262,0.03561153,1.531257,0.08450015
1697786345276,0.03922985,1.531373,0.08375348
1697786345290,0.04261636,1.531463,0.08306302
1697786345303,0.04607629,1.531487,0.08233287
1697786345319,0.04941517,1.531465,0.0815099
1697786345332,0.05285936,1.531309,0.08047373
1697786345345,0.05624116,1.531337,0.07948477
1697786345360,0.05970941,1.531517,0.07827134
1697786345374,0.06314671,1.531477,0.0770715
1697786345388,0.06647675,1.53139,0.07568795
1697786345402,0.07008903,1.531146,0.07412376
1697786345415,0.07358228,1.531067,0.07252374
1697786345428,0.07702144,1.530763,0.07075273
1697786345442,0.08047793,1.530551,0.06888053
1697786345457,0.08407307,1.530116,0.06675366
1697786345471,0.08746804,1.529569,0.06462453
1697786345484,0.09115016,1.529668,0.06249604
1697786345499,0.09488352,1.529843,0.06030427
1697786345512,0.09855288,1.529866,0.05810591
1697786345525,0.1022948,1.530266,0.05598208
1697786345540,0.1063704,1.532351,0.05427655
1697786345554,0.1107505,1.535293,0.05290183
1697786345568,0.1148891,1.53712,0.05140121
1697786345582,0.1187148,1.537854,0.04968134
1697786345596,0.1225533,1.538166,0.04798483
1697786345610,0.1264398,1.53925,0.0464854
1697786345624,0.1304331,1.539929,0.04486767
1697786345637,0.1342065,1.540142,0.04335402
1697786345652,0.1379742,1.540651,0.04188426
1697786345665,0.1417932,1.541362,0.04056142
1697786345678,0.1455935,1.541824,0.0393326
1697786345693,0.1489039,1.541931,0.03814554
1697786345706,0.1521641,1.542185,0.03694148
1697786345721,0.1552809,1.542137,0.03580816
1697786345734,0.1582859,1.542155,0.03459289
1697786345748,0.1609443,1.542052,0.03345074
1697786345762,0.1632968,1.54193,0.03227528
1697786345776,0.1653838,1.541642,0.03102589
1697786345790,0.1672407,1.541387,0.02980895
1697786345803,0.1689659,1.541002,0.02853849
1697786345817,0.1704001,1.540862,0.02728718
1697786345832,0.1717868,1.540749,0.02601461
1697786345845,0.172883,1.541133,0.02483454
1697786345859,0.1737507,1.541821,0.02362994
1697786345873,0.1745262,1.542394,0.02240448
1697786345887,0.1747414,1.542518,0.02127519
1697786345903,0.1749454,1.542942,0.02015369
1697786345917,0.1751855,1.543367,0.01896438
1697786345931,0.1752775,1.54386,0.01788018
1697786345944,0.1753779,1.544547,0.01697103
1697786345958,0.1755016,1.545009,0.01604417
1697786345971,0.1754283,1.545489,0.01539381
1697786345985,0.1755461,1.545854,0.01464202
1697786345999,0.1755072,1.546271,0.01406439
1697786346013,0.1755356,1.546424,0.0134344
1697786346026,0.1754125,1.546603,0.01312001
1697786346040,0.1753876,1.546949,0.01264666
1697786346053,0.1750917,1.54712,0.01244485
1697786346067,0.174867,1.54743,0.01212368
1697786346081,0.174516,1.547851,0.01197794
1697786346095,0.174329,1.548089,0.01177309
1697786346109,0.1738759,1.548246,0.01174324
1697786346124,0.1734377,1.548325,0.01177959
1697786346137,0.1731723,1.548722,0.01179587
1697786346150,0.1727493,1.548787,0.01192087
1697786346164,0.1720893,1.548691,0.01212954
1697786346179,0.1713005,1.548715,0.01235241
1697786346193,0.1704376,1.548731,0.01267689
1697786346205,0.1697116,1.548993,0.01307299
1697786346219,0.1687552,1.549157,0.01356715
1697786346234,0.1678365,1.549181,0.01407901
1697786346247,0.1667985,1.549265,0.01462579
1697786346262,0.1655806,1.549072,0.01517701
1697786346275,0.1643282,1.549139,0.01585041
1697786346289,0.1630027,1.549276,0.01673206
1697786346303,0.16155,1.549432,0.01758665
1697786346317,0.1598358,1.549614,0.01858807
1697786346331,0.1580254,1.549623,0.01965048
1697786346344,0.1561823,1.549919,0.02070874
1697786346359,0.154271,1.550198,0.02178425
1697786346372,0.1520677,1.550442,0.02303378
1697786346386,0.1498557,1.550439,0.02416985
1697786346400,0.1475433,1.550459,0.0252325
1697786346414,0.1447966,1.550458,0.02641365
1697786346428,0.142087,1.550202,0.02749296
1697786346443,0.1390568,1.549975,0.02854571
1697786346456,0.1360113,1.549678,0.02956811
1697786346470,0.1328958,1.549556,0.03050853
1697786346483,0.1296201,1.54979,0.03162503
1697786346498,0.1260712,1.550049,0.03280454
1697786346511,0.1224662,1.55018,0.03387755
1697786346526,0.1186476,1.549537,0.0348409
1697786346540,0.1145825,1.548778,0.03581721
1697786346553,0.1103901,1.547943,0.03673972
1697786346567,0.1059073,1.54707,0.03774438
1697786346581,0.1011172,1.546299,0.03873442
1697786346595,0.09605036,1.545624,0.03973764
1697786346609,0.09050748,1.545061,0.04067517
1697786346622,0.08464725,1.544594,0.04184041
1697786346637,0.07897505,1.54452,0.04308522
1697786346650,0.07317118,1.544714,0.04439369
1697786346664,0.06736395,1.544723,0.04597985
1697786346679,0.06158283,1.545089,0.04768137
1697786346693,0.05590076,1.544796,0.04921272
1697786346705,0.05029027,1.544618,0.05089853
1697786346720,0.04460999,1.543945,0.05240995
1697786346736,0.03908853,1.542763,0.05378107
1697786346748,0.03373989,1.541918,0.05531468
1697786346761,0.02873392,1.541602,0.05671708
1697786346776,0.02388874,1.541261,0.05812964
1697786346789,0.01933922,1.540905,0.0595307
1697786346803,0.01497671,1.540206,0.06070944
1697786346817,0.01084647,1.539558,0.06171901
1697786346831,0.006956268,1.53891,0.06259178
1697786346844,0.00334293,1.538105,0.06320989
1697786346858,0.0001166742,1.53819,0.06376994
1697786346872,-0.002952578,1.538395,0.06401641
1697786346886,-0.005613787,1.53803,0.0639232
1697786346900,-0.008380622,1.537908,0.06394659
1697786346914,-0.01089901,1.538418,0.0638492
1697786346928,-0.01333449,1.539203,0.06369574
1697786346942,-0.01550029,1.539718,0.06348319
1697786346956,-0.0176173,1.540107,0.06330966
1697786346970,-0.01956232,1.540442,0.06309778
1697786346983,-0.02147746,1.540703,0.06305303
1697786346998,-0.02308614,1.541391,0.06286098
1697786347012,-0.02458085,1.541722,0.06273315
1697786347025,-0.02607601,1.54166,0.06261407
1697786347039,-0.02741023,1.541842,0.06247432
1697786347053,-0.02858845,1.542095,0.06224868
1697786347066,-0.0294818,1.542228,0.06186056
1697786347081,-0.03028111,1.542184,0.06155981
1697786347095,-0.03096957,1.542394,0.06129296
1697786347109,-0.03137186,1.542499,0.0609866
1697786347123,-0.03162435,1.54257,0.06071017
1697786347137,-0.03184868,1.54264,0.06047746
1697786347150,-0.03194315,1.542842,0.06023411
1697786347164,-0.03194139,1.543151,0.06003407
1697786347178,-0.0317713,1.543502,0.05985101
1697786347192,-0.03141006,1.543805,0.05949343
1697786347205,-0.03099835,1.544131,0.05925623
1697786347221,-0.03065886,1.544331,0.05897701
1697786347234,-0.03013496,1.544658,0.05881432
1697786347247,-0.02939932,1.544854,0.05844462
1697786347261,-0.02843139,1.545378,0.05814736
1697786347276,-0.02739789,1.545749,0.0577866
1697786347290,-0.02645721,1.546129,0.05759099
1697786347303,-0.02515628,1.546272,0.05723054
1697786347317,-0.02382352,1.546478,0.0568131
1697786347331,-0.02230477,1.546723,0.05634062
1697786347344,-0.02075361,1.547,0.05582147
1697786347359,-0.01901596,1.547302,0.05530996
1697786347373,-0.01711726,1.547648,0.05471006
1697786347387,-0.01515741,1.547921,0.05411631
1697786347401,-0.01286128,1.547971,0.05323626
1697786347415,-0.01069189,1.548126,0.05250343
1697786347428,-0.008318339,1.548469,0.05170523
1697786347441,-0.005804021,1.548662,0.05082738
1697786347456,-0.003148638,1.549054,0.04983834
1697786347470,-0.0002002642,1.549459,0.04866662
1697786347484,0.00258431,1.54987,0.04768419
1697786347497,0.005667686,1.550184,0.04656313
1697786347512,0.008956054,1.550249,0.04538881
1697786347525,0.01232713,1.550779,0.04418258
1697786347539,0.01598215,1.550735,0.04285214
1697786347553,0.01991275,1.55076,0.04139187
1697786347567,0.0238238,1.550715,0.03989694
1697786347581,0.02796846,1.550721,0.03830438
1697786347595,0.03242978,1.550602,0.03655043
1697786347609,0.03703827,1.550223,0.03478015
1697786347622,0.04172833,1.550264,0.03305601
1697786347636,0.04668188,1.550404,0.03127982
1697786347650,0.05168293,1.549943,0.02937247
1697786347664,0.05679857,1.549262,0.02744283
1697786347679,0.06198283,1.549484,0.02553856
1697786347692,0.06730837,1.549166,0.02377582
1697786347706,0.07245234,1.548641,0.02192005
1697786347719,0.07764366,1.548242,0.02008067
1697786347734,0.08275489,1.548152,0.01834526
1697786347747,0.08780827,1.547933,0.01668878
1697786347761,0.09310251,1.548248,0.0151631
1697786347776,0.09810848,1.548595,0.01376493
1697786347789,0.1026265,1.548832,0.01239843
1697786347803,0.106619,1.549469,0.01122636
1697786347818,0.1103406,1.550278,0.01014726
1697786347831,0.1138436,1.552011,0.009048644
1697786347844,0.1173919,1.553522,0.008054375
1697786347859,0.1202958,1.554918,0.007108531
1697786347873,0.1230803,1.555794,0.006144896
1697786347886,0.1255969,1.55667,0.005314373
1697786347901,0.1277569,1.557729,0.004549194
1697786347914,0.12982,1.558657,0.003716748
1697786347928,0.1316196,1.558771,0.002923154
1697786347942,0.1331966,1.558862,0.002333058
1697786347957,0.1344292,1.55903,0.001765989
1697786347970,0.1355974,1.55917,0.001343894
1697786347983,0.1364566,1.559319,0.001025281
1697786347997,0.1370968,1.559144,0.0007838793
1697786348011,0.1377646,1.558758,0.0005052593
1697786348026,0.1381272,1.558413,0.0003017094
1697786348039,0.1385328,1.557913,0.0001093512
1697786348053,0.1385931,1.557674,-2.128072E-06
1697786348066,0.1386093,1.557368,-5.611312E-05
1697786348081,0.1387388,1.557062,-0.0001857653
1697786348094,0.138536,1.556648,-0.0002428768
1697786348108,0.1382748,1.556315,-0.0003683865
1697786348122,0.1378505,1.556118,-0.0004877159
1697786348136,0.1381006,1.555798,-0.0006763805
1697786348150,0.1374462,1.555548,-0.0007640272
1697786348163,0.1357019,1.555622,-0.0008442672
1697786348179,0.1348945,1.555604,-0.0009472845
1697786348192,0.1340027,1.555596,-0.0009764638
1697786348204,0.1330248,1.555607,-0.001001618
1697786348218,0.1320759,1.555593,-0.001039336
1697786348233,0.1309598,1.555558,-0.0009762887
1697786348246,0.1296478,1.555293,-0.0008725487
1697786348262,0.128302,1.555189,-0.0007823333
1697786348275,0.1268716,1.55493,-0.0005877167
1697786348288,0.1254611,1.554618,-0.000499079
1697786348302,0.1239825,1.554242,-0.0003415998
1697786348316,0.12237,1.554048,-0.0001285328
1697786348330,0.1208131,1.554055,0.000134421
1697786348344,0.1190366,1.553973,0.0004240717
1697786348358,0.1173026,1.553776,0.0006823763
1697786348372,0.1153089,1.553483,0.001003234
1697786348386,0.1133661,1.553244,0.001393235
1697786348400,0.1113308,1.553024,0.001776994
1697786348414,0.1090089,1.552924,0.002247227
1697786348427,0.1064761,1.552579,0.002691075
1697786348441,0.1039752,1.552212,0.003049603
1697786348455,0.1012264,1.551977,0.003483237
1697786348470,0.09845832,1.551737,0.00401747
1697786348483,0.09552149,1.551261,0.004437504
1697786348497,0.09240174,1.550761,0.004767211
1697786348511,0.08895037,1.550278,0.005154596
1697786348524,0.08547041,1.549795,0.00555932
1697786348539,0.08170843,1.549402,0.005949215
1697786348553,0.07780324,1.548767,0.006249641
1697786348567,0.073767,1.548136,0.006588884
1697786348581,0.06949969,1.547305,0.006961709
1697786348595,0.06509159,1.546685,0.007435413
1697786348608,0.0605766,1.546245,0.00803975
1697786348622,0.05601922,1.546174,0.008786822
1697786348637,0.05132455,1.545883,0.009585611
1697786348651,0.04661296,1.545501,0.01054432
1697786348664,0.04173128,1.544819,0.01153364
1697786348679,0.03680141,1.543833,0.01253039
1697786348692,0.03165552,1.542614,0.01344902
1697786348705,0.026599,1.541767,0.01460518
1697786348720,0.02159665,1.541351,0.01570515
1697786348733,0.01664669,1.541747,0.01699519
1697786348746,0.0119305,1.541839,0.01828098
1697786348762,0.007170267,1.539998,0.01918304
1697786348775,0.002499044,1.537917,0.0203131
1697786348789,-0.002050426,1.538181,0.02167665
1697786348803,-0.006549204,1.539559,0.02310833
1697786348817,-0.01053975,1.539963,0.02456219
1697786348832,-0.01463013,1.538726,0.02548727
1697786348845,-0.01832377,1.537157,0.02621512
1697786348859,-0.02197153,1.536059,0.02705612
1697786348873,-0.02539104,1.535518,0.02777669
1697786348887,-0.0285748,1.535035,0.02850528
1697786348900,-0.03153726,1.534541,0.02906833
1697786348915,-0.03408407,1.533913,0.02952386
1697786348928,-0.03653321,1.533957,0.03005051
1697786348942,-0.03879096,1.534233,0.03052504
1697786348956,-0.04112222,1.533526,0.03071061
1697786348970,-0.04336438,1.532507,0.03067042
1697786348984,-0.04539301,1.531934,0.0306214
1697786348998,-0.04704781,1.531906,0.03060245
1697786349012,-0.04856791,1.531595,0.03046056
1697786349025,-0.04962862,1.531292,0.03035652
1697786349039,-0.05092822,1.531147,0.03014515
1697786349054,-0.05164187,1.530904,0.0298993
1697786349067,-0.05195071,1.530738,0.02971697
1697786349081,-0.05211888,1.530551,0.02942644
1697786349095,-0.05213467,1.530706,0.02927106
1697786349109,-0.05178186,1.530592,0.02894969
1697786349122,-0.05116381,1.530475,0.02856512
1697786349137,-0.05214337,1.530396,0.02863141
1697786349151,-0.05093615,1.530487,0.02825433
1697786349164,-0.04778015,1.530855,0.02764213
1697786349178,-0.04597585,1.53113,0.02736015
1697786349191,-0.04418473,1.531183,0.02694632
1697786349205,-0.04197354,1.531427,0.02655673
1697786349220,-0.03960873,1.531459,0.02615712
1697786349234,-0.03711157,1.531631,0.02580441
1697786349248,-0.03435555,1.531697,0.02542778
1697786349262,-0.0312887,1.531884,0.02499802
1697786349276,-0.02798405,1.531825,0.02456067
1697786349289,-0.02446188,1.531722,0.02411633
1697786349304,-0.02085185,1.531266,0.02350878
1697786349318,-0.01656584,1.53055,0.02309333
1697786349331,-0.01265361,1.530208,0.02219453
1697786349345,-0.008267805,1.529389,0.021526
1697786349359,-0.003827337,1.528648,0.02069619
1697786349372,0.0006655827,1.527804,0.01976154
1697786349386,0.005587626,1.526585,0.01871888
1697786349400,0.01079847,1.525455,0.01760855
1697786349414,0.01558471,1.525765,0.0166627
1697786349428,0.02046922,1.526821,0.01596378
1697786349442,0.02534201,1.527576,0.01509128
1697786349456,0.0304265,1.527621,0.01405899
1697786349470,0.03551687,1.527535,0.01292422
1697786349483,0.04016228,1.528236,0.01213373
1697786349498,0.04471157,1.529421,0.01160724
1697786349512,0.04883498,1.530517,0.01105926
1697786349525,0.05332183,1.531229,0.01044172
1697786349540,0.0574879,1.531579,0.009757886
1697786349554,0.06116592,1.532014,0.009131378
1697786349567,0.0645467,1.53263,0.00837971
1697786349581,0.06774873,1.53295,0.007614918
1697786349595,0.07085784,1.533013,0.006706656
1697786349609,0.07372069,1.532923,0.005764323
1697786349623,0.07609545,1.532833,0.004582812
1697786349637,0.07828894,1.532962,0.003417267
1697786349651,0.08012609,1.533074,0.002149096
1697786349664,0.08195347,1.533919,0.001028134
1697786349678,0.0834497,1.535084,9.427452E-05
1697786349692,0.08492404,1.5359,-0.0008832137
1697786349706,0.08640104,1.536351,-0.001823237
1697786349722,0.08764634,1.536886,-0.002867328
1697786349734,0.08880752,1.537696,-0.003803108
1697786349748,0.08974558,1.538555,-0.00458741
1697786349761,0.09054238,1.539332,-0.00534351
1697786349775,0.091308,1.539989,-0.006045911
1697786349789,0.09214523,1.540557,-0.006652127
1697786349804,0.09286781,1.540974,-0.00705437
1697786349818,0.09350915,1.541579,-0.007271767
1697786349831,0.09397486,1.542108,-0.007310987
1697786349845,0.09430772,1.54222,-0.007348919
1697786349859,0.09475356,1.542325,-0.007249823
1697786349873,0.09493726,1.542121,-0.007146322
1697786349886,0.09489726,1.54217,-0.006921148
1697786349901,0.09477606,1.54207,-0.006614925
1697786349915,0.09539362,1.542328,-0.00684383
1697786349929,0.09526128,1.542068,-0.006393272
1697786349942,0.09502923,1.541783,-0.005860352
1697786349956,0.09399229,1.541165,-0.004951367
1697786349970,0.09352589,1.541102,-0.004406216
1697786349983,0.09312655,1.541019,-0.003894246
1697786349998,0.09237801,1.541084,-0.003343392
1697786350012,0.0915412,1.540944,-0.002829808
1697786350026,0.0907134,1.540837,-0.002286908
1697786350039,0.08966083,1.540617,-0.001865312
1697786350054,0.08848177,1.540533,-0.001481163
1697786350067,0.08717947,1.540349,-0.00107163
1697786350081,0.08599633,1.540233,-0.0005108463
1697786350095,0.08430355,1.540432,8.032843E-05
1697786350109,0.08283974,1.540546,0.0007703365
1697786350123,0.0809688,1.540376,0.001317627
1697786350137,0.07885493,1.540411,0.001952024
1697786350151,0.07671279,1.540383,0.002567744
1697786350165,0.07425855,1.540296,0.003141426
1697786350179,0.07187185,1.540069,0.003748345
1697786350193,0.06914219,1.540138,0.004250698
1697786350206,0.06618211,1.540027,0.004794132
1697786350221,0.06310116,1.539933,0.005363027
1697786350234,0.05991501,1.539747,0.005894011
1697786350248,0.05633284,1.5395,0.006391711
1697786350263,0.05259134,1.538997,0.006856586
1697786350276,0.04863926,1.538662,0.007306333
1697786350289,0.04462812,1.538468,0.007918138
1697786350303,0.0403917,1.538016,0.00844283
1697786350318,0.03617754,1.537347,0.008964617
1697786350332,0.03158167,1.536504,0.009525388
1697786350344,0.02700677,1.536236,0.01031202
1697786350359,0.0223689,1.536649,0.01135185
1697786350373,0.01775752,1.53576,0.01224693
1697786350386,0.01310517,1.53495,0.01307365
1697786350400,0.008521855,1.53433,0.01402439
1697786350415,0.004008647,1.534595,0.01530027
1697786350428,-0.000442829,1.536041,0.01699803
1697786350443,-0.004798867,1.53819,0.01889589
1697786350457,-0.008844893,1.537693,0.02027291
1697786350470,-0.01263215,1.536335,0.02115375
1697786350484,-0.01568463,1.536279,0.02228717
1697786350498,-0.01881209,1.537061,0.02372796
1697786350512,-0.02184614,1.537948,0.02528051
1697786350526,-0.02433978,1.538258,0.02652613
1697786350540,-0.02632092,1.538193,0.02753213
1697786350554,-0.02816174,1.538468,0.02854557
1697786350567,-0.02961037,1.538358,0.02955958
1697786350581,-0.03071596,1.538442,0.03055229
1697786350595,-0.03174909,1.539087,0.03156339
1697786350610,-0.03231645,1.54001,0.03256863
1697786350623,-0.03264964,1.54049,0.03352917
1697786350637,-0.03267727,1.540089,0.03406524
1697786350650,-0.03260139,1.539996,0.03454969
1697786350663,-0.03227445,1.540278,0.03502216
1697786350678,-0.03209547,1.541031,0.0355694
1697786350692,-0.03146781,1.541395,0.03598358
1697786350705,-0.03084216,1.541807,0.03628768
1697786350720,-0.03022029,1.541862,0.03645184
1697786350734,-0.02929623,1.542117,0.03669835
1697786350747,-0.02854299,1.542482,0.03688518
1697786350762,-0.02754443,1.542609,0.037032
1697786350776,-0.02657475,1.542695,0.03704755
1697786350789,-0.02544664,1.542601,0.03702776
1697786350804,-0.02420839,1.542613,0.03699262
1697786350818,-0.02288599,1.542686,0.03690512
1697786350831,-0.02153597,1.542605,0.03680326
1697786350845,-0.01994872,1.542394,0.03667119
1697786350859,-0.01819157,1.542284,0.0363308
1697786350872,-0.01627636,1.542262,0.03603802
1697786350887,-0.01429784,1.542511,0.03576486
1697786350901,-0.01205885,1.542907,0.03542069
1697786350914,-0.009860195,1.543043,0.03498432
1697786350927,-0.007438745,1.543338,0.03436932
1697786350942,-0.004886184,1.543361,0.03373285
1697786350956,-0.002163867,1.543588,0.03306395
1697786350970,0.0007034242,1.543814,0.03228585
1697786350983,0.003645543,1.543905,0.03152858
1697786350998,0.00681651,1.544075,0.03072933
1697786351012,0.0100061,1.544217,0.02986724
1697786351025,0.01332463,1.544156,0.0289681
1697786351040,0.01670555,1.544118,0.0280359
1697786351055,0.02030049,1.543842,0.02701821
1697786351067,0.02391229,1.543362,0.02592123
1697786351081,0.02759643,1.542984,0.02476089
1697786351096,0.03143799,1.542712,0.02365216
1697786351108,0.03550445,1.542497,0.02266387
1697786351123,0.03950208,1.54211,0.021513
1697786351137,0.04353157,1.541511,0.02025374
1697786351151,0.047736,1.541497,0.0190971
1697786351164,0.05196921,1.541963,0.01810025
1697786351179,0.05611945,1.542376,0.01712735
1697786351192,0.06021113,1.541915,0.01596669
1697786351206,0.06435002,1.541419,0.0148228
1697786351220,0.06842461,1.541216,0.0138646
1697786351234,0.07253587,1.541858,0.01316612
1697786351247,0.07653577,1.542801,0.01262805
1697786351262,0.08039503,1.543703,0.01205409
1697786351275,0.08401776,1.544314,0.01141076
1697786351289,0.08742087,1.544425,0.01065545
1697786351303,0.0906269,1.544508,0.009883114
1697786351318,0.09390995,1.544956,0.009263696
1697786351331,0.09672266,1.545799,0.00871879
1697786351345,0.09933721,1.546111,0.008177433
1697786351359,0.1015797,1.546008,0.007472541
1697786351373,0.1037687,1.54626,0.006808605
1697786351387,0.1055817,1.546521,0.006036623
1697786351399,0.1072592,1.546799,0.005355884
1697786351414,0.1086542,1.547045,0.004654452
1697786351428,0.1098886,1.547621,0.004061603
1697786351442,0.1108846,1.548408,0.003556003
1697786351456,0.111441,1.549379,0.003040095
1697786351469,0.1119416,1.549775,0.002406994
1697786351484,0.1122953,1.549855,0.001849299
1697786351498,0.1126064,1.550052,0.001244955
1697786351512,0.1127548,1.550611,0.0006884109
1697786351525,0.1128732,1.55096,0.0002938566
1697786351540,0.1125576,1.551233,-0.0001944272
1697786351554,0.1121003,1.551281,-0.0007227449
1697786351567,0.1115684,1.551435,-0.00116946
1697786351581,0.1109087,1.55149,-0.00161013
1697786351595,0.1102609,1.551583,-0.002032281
1697786351609,0.109327,1.551527,-0.002483254
1697786351623,0.1084023,1.551315,-0.002882789
1697786351638,0.1072953,1.551031,-0.003369072
1697786351651,0.1062143,1.551015,-0.003709217
1697786351664,0.1051504,1.550871,-0.004067145
1697786351678,0.1039121,1.550599,-0.004490673
1697786351692,0.1025444,1.550345,-0.004932838
1697786351705,0.1010057,1.550071,-0.005428238
1697786351720,0.09948854,1.549921,-0.005874762
1697786351734,0.09787051,1.549722,-0.006307444
1697786351748,0.09621903,1.549417,-0.006645586
1697786351762,0.0944086,1.549071,-0.007046226
1697786351775,0.09269289,1.548895,-0.007376743
1697786351789,0.09076567,1.548533,-0.007698973
1697786351803,0.08863513,1.548601,-0.00792726
1697786351818,0.08662987,1.548472,-0.008111813
1697786351831,0.08441026,1.54836,-0.008178109
1697786351845,0.08203384,1.548107,-0.008375401
1697786351859,0.07952356,1.547873,-0.008552752
1697786351873,0.07692853,1.547538,-0.008748299
1697786351886,0.07412507,1.547281,-0.00887651
1697786351901,0.07120761,1.547128,-0.009047717
1697786351915,0.06826957,1.546715,-0.009201352
1697786351928,0.06506784,1.546327,-0.009427289
1697786351943,0.0618846,1.5459,-0.009511264
1697786351956,0.05852247,1.545602,-0.009608028
1697786351970,0.05519814,1.54535,-0.009640525
1697786351983,0.05160033,1.544922,-0.009768562
1697786351998,0.04803894,1.544506,-0.00987535
1697786352013,0.04417409,1.544136,-0.009765022
1697786352026,0.0402808,1.543573,-0.00975231
1697786352040,0.03633304,1.54277,-0.009703221
1697786352054,0.03225821,1.542165,-0.009625743
1697786352068,0.02811952,1.542277,-0.009434323
1697786352081,0.02386072,1.541448,-0.009213237
1697786352095,0.01953311,1.540438,-0.009235162
1697786352108,0.01518558,1.539357,-0.00914283
1697786352122,0.01079801,1.538561,-0.009149821
1697786352137,0.006042685,1.537664,-0.00929239
1697786352151,0.001637354,1.536675,-0.009357253
1697786352164,-0.002932191,1.535718,-0.009507442
1697786352178,-0.00735032,1.535012,-0.00962762
1697786352192,-0.01185513,1.535577,-0.009637106
1697786352206,-0.01636519,1.536889,-0.009553308
1697786352221,-0.02067199,1.537419,-0.009497359
1697786352234,-0.02464935,1.536007,-0.009945357
1697786352247,-0.02834482,1.534849,-0.01049213
1697786352262,-0.03199244,1.534652,-0.01074989
1697786352276,-0.03548689,1.53519,-0.01073686
1697786352289,-0.03900504,1.535322,-0.01088962
1697786352304,-0.04221955,1.535059,-0.01117512
1697786352317,-0.04513375,1.534784,-0.01157666
1697786352331,-0.04799858,1.535021,-0.01183459
1697786352345,-0.05048322,1.535095,-0.01222065
1697786352359,-0.05277452,1.535314,-0.01261702
1697786352373,-0.05492575,1.535818,-0.01298913
1697786352387,-0.05668917,1.536651,-0.01332011
1697786352401,-0.05836419,1.537425,-0.01365587
1697786352414,-0.0597447,1.538073,-0.01390745
1697786352429,-0.06117585,1.538812,-0.01412895
1697786352442,-0.06210529,1.53932,-0.01411572
1697786352456,-0.06310016,1.539799,-0.01414509
1697786352470,-0.06380536,1.539901,-0.01404199
1697786352484,-0.06429976,1.540208,-0.01374241
1697786352498,-0.06475957,1.540413,-0.01345345
1697786352513,-0.06500359,1.540883,-0.01298839
1697786352526,-0.06499016,1.541264,-0.01238282
1697786352540,-0.06494065,1.541444,-0.01173259
1697786352554,-0.06483085,1.541823,-0.01122201
1697786352567,-0.06446862,1.541931,-0.01063162
1697786352581,-0.06399138,1.542278,-0.00995713
1697786352595,-0.06338047,1.542527,-0.009260321
1697786352608,-0.06261899,1.542766,-0.008614793
1697786352623,-0.06172407,1.542954,-0.007967104
1697786352637,-0.06085898,1.543152,-0.007373483
1697786352650,-0.05969688,1.543452,-0.006714895
1697786352663,-0.05839644,1.543804,-0.006115479
1697786352678,-0.0572192,1.544052,-0.00563096
1697786352692,-0.05586051,1.544164,-0.005233657
1697786352706,-0.05424094,1.544215,-0.004822387
1697786352720,-0.05253717,1.544388,-0.004432981
1697786352734,-0.05064824,1.544548,-0.004077625
1697786352747,-0.04872078,1.544616,-0.003740691
1697786352762,-0.04669869,1.544709,-0.003546545
1697786352776,-0.04442431,1.544746,-0.003311374
1697786352789,-0.04195656,1.544839,-0.00317487
1697786352803,-0.03940261,1.54501,-0.00308365
1697786352818,-0.03689111,1.545007,-0.003133385
1697786352832,-0.034096,1.544847,-0.003218767
1697786352845,-0.03115677,1.544651,-0.003310317
1697786352859,-0.02794871,1.544775,-0.003394124
1697786352873,-0.02463761,1.544476,-0.003511022
1697786352886,-0.02105442,1.544262,-0.003844303
1697786352901,-0.01749342,1.543973,-0.004158944
1697786352915,-0.01377566,1.543591,-0.004592693
1697786352929,-0.009913603,1.543433,-0.005133263
1697786352942,-0.005771492,1.543251,-0.005729428
1697786352957,-0.001603888,1.542777,-0.006430566
1697786352971,0.002823267,1.542138,-0.007177746
1697786352984,0.007510204,1.541521,-0.007987399
1697786352998,0.0123474,1.540756,-0.008909976
1697786353012,0.01714968,1.540102,-0.009875938
1697786353026,0.02210796,1.53958,-0.01085226
1697786353040,0.02712268,1.540148,-0.01166539
1697786353053,0.03220717,1.541693,-0.01215083
1697786353067,0.03730291,1.542442,-0.01277499
1697786353081,0.04245277,1.541764,-0.01372685
1697786353095,0.04774713,1.540896,-0.01456093
1697786353109,0.05275814,1.540393,-0.01530746
1697786353122,0.05793794,1.541076,-0.01560594
1697786353136,0.06284425,1.542187,-0.01573894
1697786353150,0.06777866,1.543171,-0.01577513
1697786353163,0.07277957,1.542598,-0.01608742
1697786353178,0.07774626,1.541848,-0.01630563
1697786353193,0.08261909,1.542142,-0.01605234
1697786353206,0.08727604,1.543,-0.0158143
1697786353220,0.09170154,1.543574,-0.0153853
1697786353234,0.09604831,1.543185,-0.0153576
1697786353247,0.1004724,1.542871,-0.01526016
1697786353261,0.1045762,1.543073,-0.01494078
1697786353275,0.1084134,1.543695,-0.01461538
1697786353290,0.1120657,1.543925,-0.01433852
1697786353303,0.1155304,1.543959,-0.01413327
1697786353317,0.118594,1.543734,-0.0140112
1697786353331,0.1216504,1.543667,-0.01377309
1697786353344,0.1245734,1.543671,-0.01344926
1697786353359,0.1272779,1.543778,-0.01328547
1697786353372,0.1298867,1.543976,-0.01317109
1697786353387,0.1322624,1.544183,-0.01320647
1697786353401,0.1343805,1.544298,-0.01312207
1697786353415,0.1363752,1.544686,-0.01305181
1697786353428,0.1382175,1.544861,-0.01295069
1697786353442,0.1400593,1.545224,-0.0127694
1697786353456,0.1417288,1.545431,-0.01261156
1697786353470,0.1432956,1.545539,-0.01236821
1697786353484,0.1447272,1.545811,-0.01221038
1697786353498,0.1458256,1.546211,-0.01191783
1697786353511,0.1469968,1.546484,-0.01164696
1697786353525,0.148029,1.546748,-0.01133469
1697786353540,0.1489747,1.546959,-0.011
1697786353553,0.1497743,1.547039,-0.01066392
1697786353568,0.1505861,1.547198,-0.01026855
1697786353580,0.1512109,1.547408,-0.009863802
1697786353596,0.151756,1.547442,-0.009441819
1697786353609,0.1520529,1.547509,-0.00903645
1697786353622,0.1522708,1.547545,-0.008647587
1697786353637,0.1522994,1.547659,-0.008202966
1697786353651,0.1522049,1.547735,-0.007722962
1697786353664,0.1520459,1.547992,-0.007201549
1697786353679,0.151705,1.548142,-0.00671234
1697786353693,0.1511693,1.548314,-0.006048756
1697786353706,0.1506216,1.548629,-0.005420696
1697786353720,0.1498235,1.548896,-0.00472261
1697786353734,0.1488561,1.549073,-0.00416132
1697786353747,0.1478583,1.549244,-0.003464292
1697786353761,0.1467939,1.549418,-0.002830177
1697786353776,0.1455751,1.549598,-0.002224352
1697786353789,0.1442015,1.549503,-0.00158566
1697786353804,0.1427637,1.54962,-0.0009326171
1697786353817,0.1410321,1.549657,-0.0001335577
1697786353831,0.1392584,1.54973,0.0006658025
1697786353845,0.1373608,1.549915,0.001422383
1697786353859,0.1350933,1.549626,0.002153913
1697786353873,0.132898,1.549645,0.002891289
1697786353887,0.1305201,1.549744,0.00374097
1697786353900,0.1278757,1.549662,0.004511227
1697786353915,0.1250413,1.549641,0.0053494
1697786353928,0.1222286,1.549354,0.006127837
1697786353943,0.1192704,1.549373,0.007023626
1697786353956,0.1159468,1.549106,0.007904181
1697786353971,0.1126292,1.548648,0.008776382
1697786353984,0.1091623,1.54814,0.009641316
1697786353998,0.1057438,1.547528,0.01056851
1697786354012,0.1019746,1.546179,0.01133058
1697786354025,0.09805639,1.544746,0.01207408
1697786354040,0.09407703,1.54505,0.01319501
1697786354054,0.09033933,1.545135,0.01400949
1697786354067,0.08625181,1.544199,0.01479978
1697786354082,0.08209257,1.54314,0.01535617
1697786354096,0.077765,1.542415,0.01594047
1697786354109,0.07344444,1.541937,0.01662253
1697786354123,0.06906243,1.54166,0.01726443
1697786354138,0.06449623,1.541042,0.01773689
1697786354151,0.05990128,1.540659,0.01819789
1697786354165,0.05532858,1.540799,0.01880946
1697786354179,0.05083458,1.541048,0.01937372
1697786354193,0.04659121,1.542113,0.01999823
1697786354206,0.04237868,1.543095,0.02067932
1697786354220,0.03794381,1.543651,0.02116037
1697786354235,0.0337816,1.543962,0.02142227
1697786354247,0.02976419,1.54446,0.02166076
1697786354262,0.0259875,1.545088,0.02190929
1697786354276,0.02233817,1.545413,0.02205804
1697786354289,0.01874557,1.54525,0.02218259
1697786354303,0.01537957,1.544968,0.02223368
1697786354317,0.01218608,1.544909,0.02215047
1697786354331,0.00927116,1.5448,0.02212859
1697786354345,0.006592136,1.544873,0.02207907
1697786354359,0.00388331,1.545274,0.02197929
1697786354373,0.001493827,1.545836,0.02177022
1697786354387,-0.0007197727,1.545622,0.02154676
1697786354401,-0.003063034,1.545503,0.02123082
1697786354414,-0.005060101,1.545701,0.02093272
1697786354429,-0.007038845,1.545891,0.0207287
1697786354443,-0.009078402,1.546351,0.02039828
1697786354456,-0.0110019,1.546547,0.02007943
1697786354470,-0.0128462,1.546705,0.01975033
1697786354484,-0.01471612,1.547009,0.01935856
1697786354498,-0.01634371,1.547416,0.01896234
1697786354513,-0.01805487,1.547511,0.01856745
1697786354525,-0.01959369,1.547698,0.01819701
1697786354539,-0.02112237,1.547835,0.01781818
1697786354554,-0.02256373,1.547748,0.01734176
1697786354567,-0.02406534,1.547829,0.01687926
1697786354581,-0.02557725,1.547994,0.0164548
1697786354595,-0.02716135,1.548197,0.01594814
1697786354609,-0.02894706,1.548434,0.01542432
1697786354623,-0.03063946,1.548615,0.0149521
1697786354638,-0.03185624,1.548732,0.01442056
1697786354650,-0.03311253,1.548385,0.01381272
1697786354664,-0.03416041,1.548213,0.01319272
1697786354679,-0.03507198,1.548215,0.0125227
1697786354692,-0.03592271,1.548163,0.0118144
1697786354706,-0.03665808,1.548075,0.01122031
1697786354720,-0.03709453,1.548051,0.01063105
1697786354734,-0.03728084,1.547939,0.0100965
1697786354747,-0.03739734,1.54777,0.009571885
1697786354762,-0.03734562,1.547455,0.009087315
1697786354776,-0.03712868,1.547156,0.008587415
1697786354789,-0.03779448,1.547171,0.008180855
1697786354804,-0.03716863,1.5468,0.00762894
1697786354818,-0.03646031,1.546466,0.007041467
1697786354831,-0.03404692,1.545974,0.006317208
1697786354845,-0.03299696,1.545606,0.005713428
1697786354859,-0.03160212,1.54524,0.005019186
1697786354872,-0.0299884,1.54477,0.004325934
1697786354886,-0.02835966,1.544335,0.003448448
1697786354901,-0.02653421,1.543706,0.002548878
1697786354915,-0.02443344,1.543407,0.00151601
1697786354929,-0.02204197,1.542956,0.0004568584
1697786354943,-0.01935578,1.542295,-0.0006523207
1697786354955,-0.01658364,1.541635,-0.001992862
1697786354969,-0.01359378,1.540968,-0.003505331
1697786354983,-0.01054877,1.540154,-0.00499866
1697786354997,-0.007234266,1.53958,-0.0066011
1697786355011,-0.003773212,1.538827,-0.008167654
1697786355025,-9.519234E-05,1.538004,-0.009877259
1697786355039,0.003809899,1.538019,-0.01129924
1697786355053,0.007583722,1.538323,-0.01276305
1697786355066,0.01156627,1.537414,-0.01424946
1697786355081,0.01558449,1.536284,-0.0160603
1697786355095,0.01976566,1.535379,-0.01767338
1697786355109,0.02373717,1.534982,-0.01918858
1697786355122,0.02772404,1.534389,-0.02062996
1697786355136,0.03155773,1.534189,-0.02184801
1697786355150,0.03552911,1.5348,-0.02287217
1697786355164,0.03933292,1.536182,-0.02364587
1697786355178,0.04278298,1.537511,-0.02447627
1697786355193,0.04601119,1.537884,-0.02556257
1697786355206,0.04906953,1.538346,-0.02669019
1697786355220,0.05197153,1.53922,-0.02756733
1697786355234,0.05460319,1.540126,-0.02852069
1697786355247,0.05697116,1.540741,-0.02937881
1697786355262,0.05934256,1.54101,-0.03028305
1697786355276,0.0613439,1.541347,-0.03107728
1697786355290,0.06320342,1.54204,-0.031859
1697786355303,0.06486352,1.542951,-0.03240677
1697786355317,0.0663082,1.543487,-0.03313389
1697786355331,0.06776075,1.543451,-0.0339652
1697786355344,0.06916311,1.543601,-0.03470108
1697786355359,0.07023918,1.543737,-0.03534448
1697786355373,0.07110935,1.543939,-0.03611352
1697786355387,0.07189199,1.544241,-0.03685401
1697786355401,0.07250337,1.544246,-0.03764663
1697786355415,0.07322214,1.544463,-0.03840611
1697786355428,0.07386631,1.544686,-0.03914513
1697786355442,0.07447979,1.54502,-0.03987061
1697786355456,0.07482563,1.54531,-0.04060586
1697786355470,0.07521756,1.545572,-0.04137616
1697786355483,0.07562639,1.545728,-0.04199421
1697786355498,0.07611787,1.545956,-0.04259399
1697786355512,0.07619558,1.546323,-0.04315249
1697786355525,0.07626909,1.546612,-0.04372299
1697786355539,0.07644014,1.546725,-0.04417815
1697786355553,0.07638735,1.546851,-0.04457018
1697786355567,0.07644545,1.547195,-0.0448529
1697786355582,0.07609659,1.54753,-0.04525711
1697786355596,0.07580532,1.547826,-0.04549576
1697786355607,0.07547632,1.548076,-0.04568012
1697786355622,0.07520686,1.548219,-0.04588161
1697786355636,0.0747199,1.548451,-0.045997
1697786355650,0.07393909,1.548498,-0.04617123
1697786355665,0.07305104,1.548777,-0.04627359
1697786355678,0.0721022,1.54895,-0.04630848
1697786355692,0.07108638,1.549169,-0.04622999
1697786355705,0.06988045,1.549309,-0.04607053
1697786355720,0.06860936,1.549551,-0.04589338
1697786355734,0.06720878,1.549812,-0.04554788
1697786355747,0.0657008,1.550029,-0.04524176
1697786355762,0.06419178,1.550269,-0.04471722
1697786355776,0.06249915,1.550474,-0.04426861
1697786355790,0.06071563,1.550544,-0.04360391
1697786355803,0.05870371,1.550806,-0.04289603
1697786355817,0.0567679,1.550917,-0.04214059
1697786355831,0.05444103,1.550922,-0.04146482
1697786355845,0.05218548,1.55097,-0.04072607
1697786355859,0.04954693,1.551126,-0.03989753
1697786355872,0.04678282,1.551305,-0.03893577
1697786355886,0.04377797,1.551091,-0.03819472
1697786355900,0.04062671,1.551095,-0.03713209
1697786355914,0.03725201,1.550995,-0.03619432
1697786355928,0.03369525,1.550554,-0.03523833
1697786355942,0.02998887,1.54979,-0.03424148
1697786355956,0.02596845,1.549075,-0.03330153
1697786355969,0.02185883,1.548307,-0.03230479
1697786355983,0.0174179,1.547499,-0.03132822
1697786355997,0.01288624,1.547535,-0.03024557
1697786356012,0.008135285,1.547543,-0.0291906
1697786356025,0.003289275,1.547113,-0.02802433
1697786356039,-0.001647582,1.546287,-0.02710763
1697786356052,-0.00687664,1.545609,-0.02621062
1697786356066,-0.01189374,1.544566,-0.02533091
1697786356080,-0.0169462,1.543599,-0.0245669
1697786356094,-0.02193041,1.54322,-0.02362975
1697786356109,-0.02692279,1.543769,-0.02253806
1697786356121,-0.03184853,1.544787,-0.02146133
1697786356136,-0.03653825,1.544861,-0.02053608
1697786356150,-0.04099806,1.543796,-0.01995565
1697786356162,-0.04552054,1.543541,-0.01943359
1697786356177,-0.04976603,1.544259,-0.01880825
1697786356191,-0.05397264,1.544508,-0.018272
1697786356204,-0.05811722,1.544228,-0.01789877
1697786356219,-0.06175309,1.544029,-0.01763712
1697786356232,-0.06532063,1.544079,-0.01746867
1697786356247,-0.06877369,1.54423,-0.01728933
1697786356261,-0.07206561,1.544226,-0.01730122
1697786356274,-0.07516818,1.544713,-0.01730174
1697786356288,-0.0780403,1.544844,-0.01761187
1697786356303,-0.08064708,1.544772,-0.01800726
1697786356317,-0.0831023,1.544863,-0.01830777
1697786356330,-0.08540435,1.545348,-0.01865393
1697786356344,-0.0877237,1.545708,-0.0189789
1697786356358,-0.08979767,1.546028,-0.01937799
1697786356372,-0.09184749,1.545968,-0.01977525
1697786356386,-0.09368424,1.546184,-0.02006121
1697786356400,-0.09530337,1.546355,-0.0202684
1697786356414,-0.09686458,1.54662,-0.02041105
1697786356427,-0.09837884,1.546999,-0.02059912
1697786356441,-0.09960628,1.547238,-0.02066965
1697786356455,-0.100968,1.54751,-0.0208591
1697786356470,-0.1021179,1.547852,-0.02090351
1697786356483,-0.1032777,1.547988,-0.02101991
1697786356498,-0.104354,1.548213,-0.02097355
1697786356512,-0.1054105,1.548367,-0.02101649
1697786356524,-0.1063732,1.548763,-0.02089047
1697786356539,-0.1072235,1.54915,-0.02071977
1697786356553,-0.1080265,1.549286,-0.02047715
1697786356566,-0.1086916,1.549398,-0.02030248
1697786356580,-0.1093292,1.549521,-0.02001282
1697786356595,-0.1099529,1.549583,-0.01974462
1697786356609,-0.1105976,1.549662,-0.01940114
1697786356622,-0.1111299,1.54966,-0.01906575
1697786356636,-0.1115672,1.549643,-0.01878595
1697786356650,-0.1118469,1.549756,-0.01837211
1697786356664,-0.1121784,1.549813,-0.01801015
1697786356677,-0.1120103,1.549629,-0.017594
1697786356692,-0.1120363,1.549525,-0.01733347
1697786356705,-0.1117173,1.54941,-0.01692472
1697786356719,-0.1114445,1.549356,-0.01661534
1697786356733,-0.1109898,1.549533,-0.0162029
1697786356747,-0.1104741,1.549523,-0.01585549
1697786356761,-0.1097559,1.549268,-0.01544621
1697786356776,-0.1088545,1.549301,-0.01509916
1697786356789,-0.107851,1.549232,-0.0147173
1697786356803,-0.1066897,1.549242,-0.01443997
1697786356817,-0.1052948,1.549188,-0.01420054
1697786356831,-0.1037539,1.54898,-0.0140606
1697786356844,-0.1021207,1.548989,-0.01384417
1697786356859,-0.1002188,1.54896,-0.01372492
1697786356872,-0.09827252,1.548911,-0.01355242
1697786356886,-0.09604914,1.548758,-0.01341229
1697786356900,-0.0937068,1.548692,-0.01328508
1697786356914,-0.09118085,1.548514,-0.01316417
1697786356928,-0.08842924,1.548546,-0.01310605
1697786356942,-0.08558881,1.548313,-0.01312527
1697786356956,-0.08241416,1.548241,-0.01311524
1697786356970,-0.07900591,1.547958,-0.01312336
1697786356983,-0.07536726,1.547536,-0.01318968
1697786356998,-0.07140484,1.547047,-0.01330945
1697786357011,-0.06713527,1.546573,-0.01341681
1697786357024,-0.0628042,1.545795,-0.01348757
1697786357040,-0.05822678,1.54506,-0.01366561
1697786357054,-0.05340211,1.544153,-0.01411977
1697786357067,-0.04837846,1.543598,-0.01454969
1697786357081,-0.04314337,1.543018,-0.01506628
1697786357095,-0.03782553,1.542368,-0.01572066
1697786357108,-0.03220985,1.541521,-0.01652607
1697786357123,-0.02648497,1.540571,-0.01737791
1697786357137,-0.02063715,1.539493,-0.01828832
1697786357151,-0.01475754,1.539367,-0.01902329
1697786357164,-0.008993689,1.539247,-0.01999879
1697786357178,-0.003005676,1.53879,-0.02097413
1697786357192,0.003071785,1.53819,-0.02200567
1697786357205,0.009187829,1.537867,-0.02298018
1697786357220,0.01522516,1.53806,-0.02389952
1697786357234,0.02115752,1.538721,-0.02469129
1697786357248,0.02707816,1.540232,-0.02532198
1697786357262,0.03291919,1.541472,-0.02598436
1697786357276,0.03876965,1.541605,-0.02668222
1697786357289,0.04443622,1.54145,-0.02746475
1697786357303,0.04989306,1.542037,-0.02800687
1697786357317,0.05475612,1.54347,-0.02841748
1697786357331,0.05949759,1.544617,-0.02878347
1697786357346,0.06406406,1.54511,-0.02930724
1697786357359,0.06850082,1.545543,-0.02971253
1697786357373,0.07260184,1.545913,-0.03021393
1697786357387,0.076471,1.546637,-0.03060192
1697786357400,0.07999405,1.547419,-0.03101461
1697786357414,0.08336905,1.547896,-0.03146102
1697786357428,0.08664095,1.54829,-0.03193391
1697786357442,0.08957934,1.548346,-0.03239655
1697786357456,0.09232336,1.548501,-0.03297595
1697786357469,0.09489956,1.548405,-0.03351209
1697786357483,0.09744719,1.548353,-0.03400633
1697786357497,0.09969289,1.548547,-0.03451663
1697786357511,0.1019858,1.548681,-0.03499123
1697786357525,0.1040119,1.548996,-0.03539879
1697786357539,0.1059288,1.548979,-0.03578363
1697786357553,0.1077709,1.549164,-0.03607157
1697786357567,0.109545,1.549128,-0.03628206
1697786357581,0.1111795,1.549129,-0.03654869
1697786357595,0.1126962,1.548984,-0.03675509
1697786357608,0.1141088,1.54914,-0.03699074
1697786357622,0.1153206,1.549367,-0.0370733
1697786357637,0.116628,1.549894,-0.03714989
1697786357650,0.117698,1.550008,-0.0371284
1697786357664,0.1187271,1.550301,-0.03707607
1697786357678,0.1196054,1.550394,-0.03691353
1697786357693,0.1204076,1.5504,-0.03673409
1697786357706,0.1210903,1.550408,-0.03649824
1697786357720,0.1215929,1.550582,-0.03627259
1697786357733,0.122067,1.550724,-0.03597066
1697786357747,0.1223661,1.550816,-0.03566027
1697786357761,0.1226333,1.550788,-0.0353319
1697786357776,0.1226688,1.550905,-0.03502945
1697786357789,0.1225605,1.551028,-0.03463876
1697786357804,0.1223973,1.55108,-0.03433832
1697786357817,0.1228278,1.551182,-0.0341986
1697786357831,0.1223391,1.551189,-0.03389888
1697786357844,0.121765,1.551202,-0.03355892
1697786357859,0.1200513,1.551123,-0.03294586
1697786357872,0.1192363,1.551341,-0.03238321
1697786357886,0.1180888,1.551405,-0.03191045
1697786357900,0.1169987,1.551348,-0.03145155
1697786357914,0.1156444,1.551291,-0.03092442
1697786357927,0.1142573,1.551253,-0.03049967
1697786357942,0.1126819,1.551347,-0.02994104
1697786357956,0.1109735,1.551348,-0.02940193
1697786357970,0.1090533,1.55136,-0.02884058
1697786357984,0.1068706,1.551532,-0.02819271
1697786357997,0.1047016,1.551704,-0.02757913
1697786358012,0.1024295,1.551959,-0.02698218
1697786358024,0.09995475,1.551853,-0.02632154
1697786358039,0.09750423,1.551686,-0.02562957
1697786358053,0.09461269,1.551572,-0.02499378
1697786358066,0.09151679,1.55143,-0.02430568
1697786358080,0.08832918,1.551313,-0.0235785
1697786358095,0.08497609,1.551118,-0.02286544
1697786358107,0.081193,1.551085,-0.02214327
1697786358122,0.0774189,1.551056,-0.02139897
1697786358136,0.07339508,1.550769,-0.02076784
1697786358150,0.06908949,1.55018,-0.02005798
1697786358164,0.0647602,1.549356,-0.01938867
1697786358178,0.06013335,1.548595,-0.01874962
1697786358191,0.05534731,1.548696,-0.01782379
1697786358205,0.05045351,1.548985,-0.01687916
1697786358219,0.04560655,1.548367,-0.0160422
1697786358233,0.04064111,1.54746,-0.01530039
1697786358247,0.0356503,1.546885,-0.01448023
1697786358261,0.03054678,1.545867,-0.01377579
1697786358276,0.02522718,1.544418,-0.01313566
1697786358289,0.02001112,1.542871,-0.01253477
1697786358303,0.01475762,1.54174,-0.01188666
1697786358316,0.009412855,1.540981,-0.01119143
1697786358330,0.004298273,1.541614,-0.01014266
1697786358345,-0.0006379895,1.542536,-0.009191152
1697786358358,-0.005582118,1.541785,-0.008449133
1697786358372,-0.01041874,1.540045,-0.008172413
1697786358386,-0.01522658,1.539049,-0.007826494
1697786358400,-0.01972777,1.538821,-0.007328467
1697786358414,-0.02416957,1.538988,-0.006811732
1697786358428,-0.02847816,1.538822,-0.006373798
1697786358442,-0.0324344,1.538181,-0.006143933
1697786358456,-0.03619177,1.537621,-0.006016496
1697786358470,-0.03981971,1.537033,-0.006010829
1697786358483,-0.04334314,1.536282,-0.006271852
1697786358497,-0.04665217,1.535591,-0.006590515
1697786358511,-0.05016734,1.534751,-0.007155682
1697786358524,-0.05340578,1.534386,-0.007842868
1697786358539,-0.05651131,1.534455,-0.008548672
1697786358553,-0.05942503,1.534746,-0.009424066
1697786358566,-0.06189584,1.534405,-0.01023972
1697786358581,-0.06423849,1.533997,-0.01130065
1697786358595,-0.06637985,1.533774,-0.01232072
1697786358609,-0.06844786,1.533617,-0.01336753
1697786358623,-0.07025692,1.533502,-0.0144309
1697786358636,-0.07196615,1.533331,-0.01554612
1697786358650,-0.07349093,1.532967,-0.01672034
1697786358664,-0.07461144,1.532829,-0.01787274
1697786358679,-0.07564632,1.532691,-0.0189754
1697786358692,-0.07649096,1.532653,-0.02007645
1697786358706,-0.07723245,1.532425,-0.02126543
1697786358720,-0.07790346,1.53246,-0.02241844
1697786358733,-0.07824972,1.532543,-0.02352602
1697786358747,-0.07848665,1.532614,-0.02456843
1697786358762,-0.07839456,1.532693,-0.0256114
1697786358776,-0.07825714,1.532821,-0.02655635
1697786358790,-0.07794361,1.532866,-0.02758198
1697786358803,-0.07743588,1.533112,-0.0284989
1697786358817,-0.0769227,1.53344,-0.02931684
1697786358831,-0.07609008,1.53381,-0.03001203
1697786358845,-0.07513608,1.534318,-0.03056169
1697786358859,-0.07409113,1.534737,-0.03104247
1697786358873,-0.07277253,1.535076,-0.03148319
1697786358887,-0.0713375,1.535458,-0.03178058
1697786358900,-0.06970641,1.535751,-0.03204324
1697786358914,-0.06779233,1.536074,-0.03243212
1697786358928,-0.06571299,1.536391,-0.03279426
1697786358941,-0.06364959,1.537115,-0.03299027
1697786358956,-0.06131088,1.537631,-0.03308539
1697786358970,-0.05891053,1.538161,-0.03304757
1697786358984,-0.05644679,1.538785,-0.03311481
1697786358998,-0.05382333,1.539208,-0.03311017
1697786359012,-0.05089766,1.539773,-0.03314774
1697786359025,-0.04766877,1.539949,-0.03323761
1697786359039,-0.04421785,1.54032,-0.03314753
1697786359054,-0.0406404,1.540572,-0.0330704
1697786359067,-0.03706941,1.540783,-0.03299972
1697786359081,-0.03317549,1.540802,-0.03292856
1697786359095,-0.02903697,1.5407,-0.03292072
1697786359109,-0.02477772,1.540339,-0.03290205
1697786359123,-0.02025465,1.539641,-0.03298164
1697786359137,-0.01564622,1.538957,-0.03305924
1697786359151,-0.01064815,1.538206,-0.03320182
1697786359164,-0.005488597,1.537225,-0.03349997
1697786359179,-0.0001805723,1.536132,-0.0338984
1697786359192,0.005224708,1.534945,-0.03431786
1697786359205,0.01079464,1.534391,-0.0347365
1697786359221,0.01665258,1.534684,-0.03497533
1697786359234,0.0223898,1.535101,-0.03514891
1697786359248,0.02813137,1.534699,-0.03550548
1697786359262,0.03411244,1.534202,-0.03597736
1697786359276,0.03980325,1.534498,-0.03630977
1697786359289,0.04538639,1.536958,-0.03621383
1697786359304,0.05067167,1.538625,-0.03629374
1697786359317,0.05594352,1.539357,-0.03653204
1697786359332,0.06117455,1.539408,-0.0369775
1697786359345,0.06618958,1.540052,-0.03723182
1697786359360,0.07086071,1.541124,-0.03750333
1697786359374,0.07551697,1.541634,-0.03772187
1697786359388,0.07990624,1.541932,-0.03827935
1697786359401,0.08403716,1.542144,-0.03867747
1697786359415,0.08804992,1.542702,-0.03904737
1697786359429,0.09176876,1.543179,-0.03947777
1697786359442,0.09515104,1.543757,-0.03984091
1697786359457,0.09820673,1.54444,-0.04016948
1697786359470,0.1012275,1.544977,-0.04050484
1697786359483,0.1041918,1.545313,-0.04082888
1697786359497,0.1068873,1.545212,-0.04135416
1697786359511,0.1094443,1.545432,-0.04183976
1697786359525,0.1116976,1.545679,-0.04236291
1697786359539,0.1136577,1.546201,-0.0428503
1697786359553,0.1156259,1.546342,-0.04344886
1697786359567,0.1173744,1.546296,-0.04404091
1697786359580,0.1189976,1.546422,-0.04463318
1697786359595,0.1205266,1.546659,-0.04501545
1697786359608,0.1218199,1.546733,-0.04556355
1697786359622,0.1229012,1.546759,-0.04605841
1697786359636,0.1239035,1.546824,-0.0465321
1697786359651,0.1245658,1.546903,-0.04703072
1697786359664,0.1251793,1.546931,-0.04743146
1697786359678,0.1258503,1.546888,-0.04784409
1697786359692,0.1263244,1.546907,-0.04815118
1697786359706,0.1265518,1.546957,-0.04842405
1697786359719,0.1267573,1.546901,-0.04872661
1697786359733,0.1269301,1.54683,-0.0489846
1697786359747,0.1267268,1.546993,-0.04923291
1697786359762,0.1265221,1.547255,-0.04937569
1697786359775,0.1261894,1.547307,-0.04950257
1697786359789,0.1259189,1.547344,-0.04959646
1697786359804,0.1253883,1.547396,-0.04969603
1697786359818,0.1247535,1.547466,-0.04981221
1697786359831,0.1240603,1.547485,-0.04986135
1697786359845,0.1231844,1.547634,-0.04997245
1697786359859,0.122166,1.547518,-0.05013859
1697786359872,0.1211276,1.547492,-0.05020402
1697786359886,0.119806,1.54754,-0.05022576
1697786359900,0.1185371,1.547446,-0.05023278
1697786359915,0.1170449,1.547242,-0.05024275
1697786359929,0.1153207,1.547209,-0.05023902
1697786359942,0.1135589,1.547014,-0.05026293
1697786359956,0.1115935,1.546737,-0.05027298
1697786359969,0.1095964,1.546412,-0.05026409
1697786359983,0.1074174,1.545998,-0.05029662
1697786359998,0.1049647,1.545602,-0.05025854
1697786360012,0.1025986,1.545542,-0.05024653
1697786360025,0.1000018,1.545203,-0.05018264
1697786360039,0.09714811,1.545058,-0.05015286
1697786360053,0.09413765,1.54468,-0.05023272
1697786360067,0.0907746,1.543957,-0.05048038
1697786360081,0.08763525,1.543005,-0.05061982
1697786360095,0.08418888,1.541998,-0.05085288
1697786360108,0.08072715,1.541969,-0.05082801
1697786360123,0.07693945,1.541933,-0.05082222
1697786360137,0.07335748,1.54152,-0.05074483
1697786360150,0.06952424,1.541016,-0.05090825
1697786360164,0.06573883,1.540314,-0.05099407
1697786360179,0.06187784,1.539434,-0.05119093
1697786360193,0.0578418,1.53841,-0.05145271
1697786360206,0.05407334,1.537426,-0.05166387
1697786360221,0.05030441,1.536981,-0.05167396
1697786360234,0.04653712,1.536973,-0.05150563
1697786360247,0.04288976,1.538864,-0.05084423
1697786360262,0.03935737,1.540024,-0.05027551
1697786360276,0.0356857,1.538313,-0.05028228
1697786360289,0.03252234,1.536633,-0.05050965
1697786360303,0.02940879,1.53589,-0.05036609
1697786360318,0.02636862,1.535948,-0.05010806
1697786360331,0.02338772,1.535977,-0.04976379
1697786360345,0.02055601,1.535477,-0.04955728
1697786360359,0.01789783,1.534915,-0.04947048
1697786360373,0.01549257,1.534719,-0.04924924
1697786360386,0.01301843,1.534831,-0.04910831
1697786360401,0.01085165,1.534652,-0.04902321
1697786360414,0.008891813,1.534255,-0.04905524
1697786360428,0.007102273,1.533968,-0.04922146
1697786360442,0.005508009,1.53375,-0.04927374
1697786360456,0.004118979,1.533865,-0.04934936
1697786360470,0.002755705,1.533924,-0.04937752
1697786360484,0.001598939,1.534056,-0.04933959
1697786360498,0.0004678592,1.53399,-0.04937492
1697786360512,-0.000515312,1.533784,-0.04958226
1697786360526,-0.001241762,1.533574,-0.04968496
1697786360539,-0.002085702,1.533282,-0.04989081
1697786360554,-0.002509326,1.533072,-0.05002564
1697786360566,-0.002992772,1.532885,-0.05017629
1697786360581,-0.003268339,1.532606,-0.05029119
1697786360595,-0.003537333,1.532496,-0.05042671
1697786360608,-0.00362069,1.532379,-0.05052241
1697786360623,-0.003792096,1.532067,-0.05079413
1697786360636,-0.003437301,1.531749,-0.0510876
1697786360651,-0.003307374,1.531437,-0.0514718
1697786360664,-0.002902886,1.531252,-0.05183817
1697786360679,-0.002545288,1.531001,-0.05227315
1697786360692,-0.002198273,1.530853,-0.05267745
1697786360706,-0.001679877,1.530743,-0.05307996
1697786360720,-0.001056451,1.530588,-0.05355188
1697786360733,-0.0004564635,1.530528,-0.05400972
1697786360747,0.0001402535,1.530304,-0.05454564
1697786360761,0.0009664521,1.529998,-0.05517676
1697786360775,0.001787003,1.529737,-0.05582389
1697786360789,0.002673838,1.529432,-0.05645044
1697786360802,0.003368896,1.52907,-0.05721523
1697786360817,0.00415732,1.528805,-0.05790757
1697786360832,0.005110994,1.528517,-0.05864362
1697786360845,0.00587254,1.528296,-0.05938756
1697786360859,0.00671332,1.528086,-0.06018539
1697786360872,0.00753941,1.527879,-0.06091356
1697786360886,0.008214839,1.527595,-0.06189649
1697786360900,0.009007175,1.527344,-0.06283844
1697786360914,0.009639025,1.527197,-0.06381674
1697786360928,0.01033475,1.527056,-0.06488812
1697786360942,0.01107617,1.527133,-0.06589212
1697786360956,0.01154142,1.527164,-0.06689105
1697786360970,0.0122611,1.527167,-0.06793145
1697786360984,0.01273849,1.527115,-0.06900264
1697786360998,0.01327641,1.527258,-0.07000399
1697786361012,0.01360425,1.52733,-0.07108461
1697786361025,0.01406009,1.527373,-0.07203659
1697786361039,0.01441069,1.527514,-0.07304215
1697786361054,0.01476692,1.527632,-0.0739404
1697786361067,0.01498533,1.527738,-0.07476653
1697786361082,0.01522335,1.527842,-0.07558534
1697786361095,0.01543839,1.527896,-0.07631548
1697786361108,0.01540451,1.527755,-0.07701496
1697786361122,0.0157006,1.527816,-0.07769665
1697786361136,0.01591523,1.527698,-0.07835291
1697786361150,0.01623167,1.527635,-0.0790188
1697786361164,0.01642762,1.527503,-0.07968023
1697786361179,0.01671948,1.527417,-0.08021096
1697786361193,0.01685261,1.527398,-0.0807078
1697786361206,0.01721793,1.527364,-0.08124661
1697786361220,0.01727103,1.527323,-0.08163297
1697786361234,0.01745832,1.527337,-0.08197475
1697786361248,0.01779161,1.527415,-0.08234472
1697786361262,0.01791199,1.527399,-0.08268236
1697786361276,0.01805708,1.527431,-0.08302983
1697786361290,0.01843102,1.527406,-0.0833372
1697786361302,0.01852857,1.527327,-0.08356428
1697786361317,0.01888646,1.527213,-0.08376884
1697786361331,0.01910568,1.527335,-0.08395639
1697786361344,0.01929622,1.527259,-0.08414724
1697786361359,0.01960189,1.52716,-0.08431115
1697786361373,0.01991212,1.527,-0.08444761
1697786361387,0.02022221,1.526814,-0.08466754
1697786361401,0.020441,1.526735,-0.08484155
1697786361414,0.0207955,1.526601,-0.08494667
1697786361428,0.02109946,1.526336,-0.08513626
1697786361442,0.02147392,1.52646,-0.08525807
1697786361461,0.02155187,1.526191,-0.08535068
1697786361472,0.02179261,1.526086,-0.08540253
1697786361485,0.02206536,1.525941,-0.08552924
1697786361499,0.02239714,1.525684,-0.08568478
1697786361512,0.0225853,1.525462,-0.08587994
1697786361526,0.02273662,1.52533,-0.08599406
1697786361539,0.02283528,1.525196,-0.08610336
1697786361553,0.02292584,1.524952,-0.0861951
1697786361567,0.02315494,1.524754,-0.08627405
1697786361580,0.02318994,1.524702,-0.08633896
1697786361594,0.02347576,1.524564,-0.08642697
1697786361608,0.02358943,1.524394,-0.08647125
1697786361621,0.02370087,1.524208,-0.08650459
1697786361636,0.02380872,1.524011,-0.08657169
1697786361650,0.02389976,1.52384,-0.08663068
1697786361664,0.02400041,1.523633,-0.08674145
1697786361678,0.02409618,1.52344,-0.08682339
1697786361692,0.02419709,1.523236,-0.08689692
1697786361705,0.02430965,1.523024,-0.08697155
1697786361719,0.02439726,1.522882,-0.08708769
1697786361733,0.02449503,1.522743,-0.08720125
1697786361747,0.02461869,1.522567,-0.08727042
1697786361761,0.02476115,1.52243,-0.08730873
1697786361775,0.02490739,1.522275,-0.08730451
1697786361789,0.02503045,1.522133,-0.08727234
1697786361803,0.02516012,1.52197,-0.08721001
1697786361817,0.02532593,1.521824,-0.08725158
1697786361831,0.02550761,1.521631,-0.08727961
1697786361844,0.02569551,1.521458,-0.08735303
1697786361858,0.0259007,1.521275,-0.08749182
1697786361873,0.02608829,1.521037,-0.08765801
1697786361886,0.02624898,1.520836,-0.0877376
1697786361900,0.02639893,1.520706,-0.0878111
1697786361914,0.02650373,1.520617,-0.08786163
1697786361928,0.02656023,1.520522,-0.08790501
1697786361941,0.02661644,1.520427,-0.08795131
1697786361955,0.02670944,1.520325,-0.08804458
1697786361969,0.02679146,1.520187,-0.08815337
1697786361984,0.02689768,1.52009,-0.08824515
1697786361997,0.02700026,1.520016,-0.08832508
1697786362012,0.02704573,1.519985,-0.08839451
1697786362024,0.02704384,1.520027,-0.08846948
1697786362039,0.0270392,1.520062,-0.08855241
1697786362053,0.02699289,1.520075,-0.08863512
1697786362067,0.02692421,1.520034,-0.08876643
1697786362081,0.02688454,1.519961,-0.08890254
1697786362095,0.02687941,1.519889,-0.08901949
1697786362109,0.02687118,1.519868,-0.08912054
1697786362122,0.02691303,1.519841,-0.08923152
1697786362137,0.02695207,1.519799,-0.08932849
1697786362151,0.02696332,1.519763,-0.0894139
1697786362163,0.02698993,1.519741,-0.08949845
1697786362178,0.02702958,1.519704,-0.08957648
1697786362192,0.0270759,1.519629,-0.08958197
1697786362206,0.02714108,1.519551,-0.089575
1697786362220,0.02725781,1.519536,-0.08961546
1697786362234,0.02741087,1.519528,-0.0896496
1697786362247,0.0275641,1.519531,-0.08973958
1697786362262,0.02775255,1.519544,-0.08989397
1697786362276,0.0279311,1.51955,-0.09003525
1697786362289,0.0281157,1.519513,-0.09010651
1697786362302,0.02828224,1.519474,-0.09018317
1697786362317,0.02838185,1.519398,-0.09024852
1697786362331,0.02844867,1.51934,-0.09030286
1697786362344,0.02854572,1.519323,-0.09038911
1697786362358,0.02867484,1.519389,-0.09044895
1697786362372,0.02879113,1.519473,-0.09052401
1697786362386,0.02893661,1.519552,-0.09058951
1697786362400,0.02909148,1.519621,-0.09064211
1697786362413,0.02921846,1.519632,-0.09070553
1697786362428,0.02933638,1.519654,-0.0907805
1697786362441,0.02945075,1.519675,-0.09082154
1697786362455,0.02956627,1.519649,-0.09087792
1697786362469,0.02969928,1.519581,-0.09092481
1697786362484,0.02982824,1.519561,-0.09097628
1697786362497,0.02995068,1.519463,-0.09102255
1697786362511,0.03008162,1.519418,-0.09108157
1697786362525,0.03022288,1.519339,-0.09116267
1697786362539,0.03035731,1.519308,-0.09118815
1697786362553,0.03047302,1.519289,-0.09123665
1697786362567,0.03059634,1.519241,-0.09129267
1697786362580,0.03066241,1.519142,-0.09136745
1697786362594,0.03068124,1.519037,-0.09141855
1697786362608,0.03070229,1.518957,-0.09148106
1697786362622,0.03075054,1.518926,-0.09155489
1697786362637,0.03081355,1.518902,-0.09160358
1697786362650,0.03094639,1.518931,-0.09177848
1697786362663,0.03108105,1.518984,-0.09195633
1697786362678,0.03118197,1.519041,-0.09211507
1697786362692,0.03120746,1.519041,-0.09220788
1697786362705,0.03121184,1.519046,-0.09230844
1697786362720,0.03122593,1.519025,-0.0923606
1697786362733,0.03125526,1.519039,-0.09239022
1697786362747,0.03128056,1.519063,-0.0924509
1697786362761,0.03129971,1.519081,-0.09252963
1697786362775,0.03131244,1.51915,-0.09262569
1697786362789,0.0313436,1.519223,-0.09287645
1697786362803,0.03137274,1.519318,-0.09312034
1697786362817,0.03141627,1.519388,-0.09324745
1697786362831,0.03146018,1.519435,-0.09331408
1697786362844,0.03149695,1.519488,-0.09336228
1697786362858,0.03156251,1.519495,-0.09338858
1697786362872,0.03163247,1.519499,-0.0934145
1697786362886,0.03166802,1.519491,-0.09347215
1697786362899,0.03169644,1.51951,-0.09352259
1697786362914,0.03169387,1.519524,-0.09358482
1697786362927,0.03168251,1.519573,-0.09365022
1697786362942,0.03166682,1.5196,-0.09372399
1697786362956,0.03162799,1.51967,-0.09373598
1697786362970,0.03158769,1.519739,-0.09372858
1697786362983,0.03149594,1.519748,-0.09371117
1697786362997,0.03140463,1.519767,-0.09372225
1697786363011,0.03131834,1.519785,-0.093714
1697786363025,0.0312471,1.519793,-0.09372208
1697786363038,0.03116715,1.519801,-0.09372745
1697786363066,0.03112356,1.519899,-0.09385556
1697786363080,0.03099734,1.519958,-0.09384529
1697786363094,0.03091225,1.520003,-0.09379183
1697786363108,0.03082848,1.52001,-0.09373301
1697786363121,0.03071732,1.519956,-0.09362404
1697786363135,0.03059318,1.519847,-0.09353507
1697786363149,0.03049644,1.519769,-0.09349135
1697786363164,0.03038918,1.519708,-0.09344371
1697786363178,0.03028565,1.51969,-0.09338826
1697786363192,0.0301359,1.519723,-0.09341619
1697786363205,0.02996154,1.519734,-0.09339787
1697786363220,0.02979071,1.519724,-0.09338304
1697786363233,0.02961978,1.51968,-0.09331574
1697786363247,0.02940727,1.519629,-0.0932559
1697786363260,0.02917464,1.519519,-0.0932098
1697786363275,0.02892326,1.519405,-0.09316553
1697786363289,0.02871842,1.519311,-0.09310517
1697786363303,0.02851375,1.519226,-0.09307717
1697786363316,0.02840356,1.519242,-0.09307489
1697786363330,0.02832468,1.51928,-0.09301592
1697786363343,0.0281949,1.519295,-0.09298215
1697786363358,0.02803859,1.519249,-0.09295908
1697786363372,0.02790419,1.519197,-0.09292723
1697786363386,0.02767404,1.51909,-0.09290872
1697786363400,0.02747699,1.519003,-0.09287067
1697786363414,0.02735117,1.519001,-0.09285675
1697786363427,0.02724973,1.519038,-0.09282097
1697786363441,0.02715156,1.519055,-0.09282261
1697786363455,0.02708898,1.519161,-0.09285522
1697786363470,0.02701959,1.519239,-0.09287667
1697786363483,0.02693858,1.519265,-0.09286382
1697786363497,0.02682758,1.519299,-0.09285619
1697786363511,0.0267182,1.519334,-0.09285782
1697786363524,0.02660135,1.519323,-0.09287135
1697786363539,0.02644683,1.519327,-0.09286618
1697786363553,0.02632874,1.519379,-0.09286886
1697786363566,0.02624374,1.519423,-0.09287065
1697786363581,0.02615124,1.519504,-0.09289482
1697786363595,0.02605535,1.519604,-0.09288974
1697786363607,0.02596452,1.519685,-0.09289783
1697786363622,0.02587875,1.519796,-0.0929115
1697786363637,0.02577801,1.519872,-0.09294406
1697786363650,0.02569825,1.519907,-0.09300686
1697786363664,0.02560499,1.5199,-0.0930898
1697786363678,0.02551896,1.519927,-0.09315208
1697786363692,0.02542389,1.520053,-0.09321216
1697786363706,0.02530813,1.520197,-0.09330139
1697786363720,0.02518347,1.520384,-0.09344952
1697786363734,0.0250793,1.520598,-0.09357185
1697786363747,0.02496922,1.520855,-0.0936546
1697786363761,0.02486343,1.521107,-0.09375577
1697786363776,0.0247884,1.521382,-0.09379698
1697786363789,0.02470565,1.521643,-0.0938784
1697786363801,0,0,0
1697786363813,0,0,0
1697786363824,0,0,0
1697786363836,0,0,0
1697786363848,0,0,0
1697786363860,0,0,0
1697786363872,0,0,0
1697786363886,0,0,0
1697786363896,0,0,0
1697786363906,0,0,0
1697786363916,0,0,0
1697786363929,0,0,0
1697786363943,0,0,0
1697786363964,0,0,0
1697786363977,0,0,0
1697786363989,0,0,0
1697786364002,0,0,0
1697786364015,0,0,0
1697786364031,0,0,0
1697786364043,0,0,0
1697786364056,0,0,0
1697786364067,0,0,0
1697786364077,0,0,0
1697786364091,0,0,0
1697786364104,0,0,0
1697786364114,0,0,0
1697786364125,0,0,0
1697786364136,0,0,0
1697786364146,0,0,0
1697786364157,0,0,0
1697786364168,0,0,0
1697786364180,0,0,0
1697786364191,0,0,0
1697786364203,0,0,0
1697786364214,0,0,0
1697786364223,0,0,0
1697786364233,0,0,0
1697786364246,0,0,0
1697786364257,0,0,0
1697786364268,0,0,0
1697786364279,0,0,0
1697786364292,0,0,0
1697786364304,0,0,0
1697786364318,0,0,0
1697786364331,0,0,0
1697786364343,0,0,0
1697786364355,0,0,0
1697786364366,0,0,0
1697786364376,0,0,0
1697786364390,0,0,0
1697786364402,0,0,0
1697786364415,0,0,0
1697786364426,0,0,0
1697786364440,0,0,0
1697786364450,0,0,0
1697786364462,0,0,0
1697786364474,0,0,0
1697786364488,0,0,0
1697786364501,0,0,0
1697786364515,0,0,0
1697786364526,0,0,0
1697786364538,0,0,0
1697786364550,0,0,0
1697786364560,0,0,0
1697786364572,0,0,0
1697786364584,0,0,0
1697786364596,0,0,0
1697786364610,0,0,0
1697786364621,0,0,0
1697786364635,0,0,0
1697786364648,0,0,0
1697786364660,0,0,0
1697786364671,0,0,0
1697786364683,0,0,0
1697786364694,0,0,0
1697786364711,0,0,0
1697786364725,0,0,0
1697786364739,0,0,0
1697786364752,0,0,0
1697786364766,0,0,0
1697786364778,0,0,0
1697786364790,0,0,0
1697786364802,0,0,0
1697786364812,0,0,0
1697786364822,0,0,0
1697786364832,0,0,0
1697786364845,0,0,0
1697786364857,0,0,0
1697786364868,0,0,0
1697786364879,0,0,0
1697786364891,0,0,0
1697786364902,0,0,0
1697786364917,0,0,0
1697786364928,0,0,0
1697786364938,0,0,0
1697786364947,0,0,0
1697786364958,0,0,0
1697786364970,0,0,0
1697786364981,0,0,0
1697786364991,0,0,0
1697786365000,0,0,0
1697786365011,0,0,0
1697786365022,0,0,0
1697786365031,0,0,0
1697786365044,0,0,0
1697786365055,0,0,0
1697786365065,0,0,0
1697786365076,0,0,0
1697786365086,0,0,0
1697786365096,0,0,0
1697786365108,0,0,0
1697786365121,0,0,0
1697786365131,0,0,0
1697786365141,0,0,0
1697786365152,0,0,0
1697786365167,0,0,0
1697786365180,0,0,0
1697786365192,0,0,0
1697786365202,0,0,0
1697786365213,0,0,0
1697786365223,0,0,0
1697786365234,0,0,0
1697786365244,0,0,0
1697786365254,0,0,0
1697786365265,0,0,0
1697786365277,0,0,0
1697786365290,0,0,0
1697786365300,0,0,0
1697786365310,0,0,0
1697786365323,0,0,0
1697786365334,0,0,0
1697786365345,0,0,0
1697786365355,0,0,0
1697786365364,0,0,0
1697786365375,0,0,0
1697786365387,0,0,0
1697786365397,0,0,0
1697786365407,0,0,0
1697786365416,0,0,0
1697786365428,0,0,0
1697786365439,0,0,0
1697786365449,0,0,0
1697786365459,0,0,0
1697786365471,0,0,0
1697786365482,0,0,0
1697786365492,0,0,0
1697786365505,0,0,0
1697786365517,0,0,0
1697786365529,0,0,0
1697786365540,0,0,0
1697786365550,0,0,0
1697786365560,0,0,0
1697786365570,0,0,0
1697786365580,0,0,0
1697786365591,0,0,0
1697786365601,0,0,0
1697786365612,0,0,0
1697786365623,0,0,0
1697786365635,0,0,0
1697786365649,0,0,0
1697786365661,0,0,0
1697786365673,0,0,0
1697786365684,0,0,0
1697786365695,0,0,0
1697786365707,0,0,0
1697786365719,0,0,0
1697786365733,0,0,0
1697786365744,0,0,0
1697786365755,0,0,0
1697786365765,0,0,0
1697786365778,0,0,0
1697786365789,0,0,0
1697786365800,0,0,0
1697786365829,0,0,0
1697786365840,0,0,0
1697786365852,0,0,0
1697786365862,0,0,0
1697786365874,0,0,0
1697786365885,0,0,0
1697786365897,0,0,0
1697786365907,0,0,0
1697786365918,0,0,0
1697786365928,0,0,0
1697786365941,0,0,0
1697786365950,0,0,0
1697786365960,0,0,0
1697786365972,0,0,0
1697786365982,0,0,0
1697786365994,0,0,0
1697786366003,0,0,0
1697786366015,0,0,0
1697786366026,0,0,0
1697786366038,0,0,0
1697786366048,0,0,0
1697786366060,0,0,0
1697786366073,0,0,0
1697786366084,0,0,0
1697786366096,0,0,0
1697786366109,0,0,0
1697786366120,0,0,0
1697786366135,0,0,0
1697786366150,0,0,0
1697786366160,0,0,0
1697786366172,0,0,0
1697786366183,0,0,0
1697786366194,0,0,0
1697786366206,0,0,0
1697786366217,0,0,0
1697786366227,0,0,0
1697786366237,0,0,0
1697786366248,0,0,0
1697786366259,0,0,0
1697786366271,0,0,0
1697786366285,0,0,0
1697786366296,0,0,0
1697786366306,0,0,0
1697786366316,0,0,0
1697786366327,0,0,0
1697786366340,0,0,0
1697786366354,0,0,0
1697786366362,0,0,0
1697786366373,0,0,0
1697786366384,0,0,0
1697786366394,0,0,0
1697786366403,0,0,0
1697786366414,0,0,0
1697786366423,0,0,0
1697786366433,0,0,0
1697786366444,0,0,0
1697786366454,0,0,0
1697786366464,0,0,0
1697786366473,0,0,0
1697786366484,0,0,0
1697786366494,0,0,0
1697786366503,0,0,0
1697786366514,0,0,0
1697786366525,0,0,0
1697786366537,0,0,0
1697786366546,0,0,0
1697786366559,0,0,0
1697786366569,0,0,0
1697786366579,0,0,0
1697786366589,0,0,0
1697786366598,0,0,0
1697786366610,0,0,0
1697786366620,0,0,0
1697786366630,0,0,0
1697786366642,0,0,0
1697786366652,0,0,0
1697786366662,0,0,0
1697786366673,0,0,0
1697786366682,0,0,0
1697786366692,0,0,0
1697786366703,0,0,0
1697786366714,0,0,0
1697786366726,0,0,0
1697786366737,0,0,0
1697786366751,0,0,0
1697786366766,0,0,0
1697786366776,0,0,0
1697786366788,0,0,0
1697786366799,0,0,0
1697786366810,0,0,0
1697786366821,0,0,0
1697786366833,0,0,0
1697786366843,0,0,0
1697786366855,0,0,0
1697786366865,0,0,0
1697786366876,0,0,0
1697786366890,0,0,0
1697786366902,0,0,0
1697786366914,0,0,0
1697786366924,0,0,0
1697786366935,0,0,0
1697786366945,0,0,0
1697786366955,0,0,0
1697786366970,0,0,0
1697786366981,0,0,0
1697786366991,0,0,0
1697786367001,0,0,0
1697786367012,0,0,0
1697786367022,0,0,0
1697786367032,0,0,0
1697786367041,0,0,0
1697786367051,0,0,0
1697786367061,0,0,0
1697786367070,0,0,0
1697786367081,0,0,0
1697786367092,0,0,0
1697786367102,0,0,0
1697786367113,0,0,0
1697786367123,0,0,0
1697786367135,0,0,0
1697786367144,0,0,0
1697786367154,0,0,0
1697786367163,0,0,0
1697786367176,0,0,0
1697786367188,0,0,0
1697786367200,0,0,0
1697786367212,0,0,0
1697786367224,0,0,0
1697786367236,0,0,0
1697786367248,0,0,0
1697786367260,0,0,0
1697786367272,0,0,0
1697786367282,0,0,0
1697786367294,0,0,0
1697786367305,0,0,0
1697786367318,0,0,0
1697786367329,0,0,0
1697786367341,0,0,0
1697786367352,0,0,0
1697786367363,0,0,0
1697786367377,0,0,0
1697786367388,0,0,0
1697786367400,0,0,0
1697786367411,0,0,0
1697786367421,0,0,0
1697786367432,0,0,0
1697786367442,0,0,0
1697786367453,0,0,0
1697786367464,0,0,0
1697786367475,0,0,0
1697786367486,0,0,0
1697786367497,0,0,0
1697786367508,0,0,0
1697786367519,0,0,0
1697786367530,0,0,0
1697786367541,0,0,0
1697786367552,0,0,0
1697786367564,0,0,0
1697786367578,0,0,0
1697786367590,0,0,0
1697786367600,0,0,0
1697786367612,0,0,0
1697786367623,0,0,0
1697786367634,0,0,0
1697786367644,0,0,0
1697786367655,0,0,0
1697786367665,0,0,0
1697786367675,0,0,0
1697786367708,0,0,0
1697786367723,0,0,0
1697786367738,0,0,0
1697786367750,0,0,0
1697786367759,0,0,0
1697786367770,0,0,0
1697786367785,0,0,0
1697786367796,0,0,0
1697786367810,0,0,0
1697786367821,0,0,0
1697786367831,0,0,0
1697786367842,0,0,0
1697786367853,0,0,0
1697786367863,0,0,0
1697786367874,0,0,0
1697786367885,0,0,0
1697786367896,0,0,0
1697786367906,0,0,0
1697786367917,0,0,0
1697786367927,0,0,0
1697786367938,0,0,0
1697786367950,0,0,0
1697786367961,0,0,0
1697786367974,0,0,0
1697786367991,0,0,0
1697786368002,0,0,0
1697786368013,0,0,0
1697786368025,0,0,0
1697786368038,0,0,0
1697786368048,0,0,0
1697786368059,0,0,0
1697786368070,0,0,0
1697786368082,0,0,0
1697786368092,0,0,0
1697786368102,0,0,0
1697786368113,0,0,0
1697786368123,0,0,0
1697786368135,0,0,0
1697786368145,0,0,0
1697786368154,0,0,0
1697786368165,0,0,0
1697786368176,0,0,0
1697786368191,0,0,0
1697786368202,0,0,0
1697786368212,0,0,0
1697786368223,0,0,0
1697786368234,0,0,0
1697786368245,0,0,0
1697786368255,0,0,0
1697786368266,0,0,0
1697786368277,0,0,0
1697786368288,0,0,0
1697786368299,0,0,0
1697786368310,0,0,0
1697786368321,0,0,0
1697786368333,0,0,0
1697786368344,0,0,0
1697786368358,0,0,0
1697786368368,0,0,0
1697786368377,0,0,0
1697786368392,0,0,0
1697786368404,0,0,0
1697786368417,0,0,0
1697786368428,0,0,0
1697786368439,0,0,0
1697786368449,0,0,0
1697786368460,0,0,0
1697786368471,0,0,0
1697786368483,0,0,0
1697786368494,0,0,0
1697786368506,0,0,0
1697786368516,0,0,0
1697786368528,0,0,0
1697786368540,0,0,0
1697786368551,0,0,0
1697786368564,0,0,0
1697786368576,0,0,0
1697786368587,0,0,0
1697786368600,0,0,0
1697786368612,0,0,0
1697786368623,0,0,0
1697786368634,0,0,0
1697786368645,0,0,0
1697786368657,0,0,0
1697786368668,0,0,0
1697786368678,0,0,0
1697786368690,0,0,0
1697786368700,0,0,0
1697786368710,0,0,0
1697786368723,0,0,0
1697786368734,0,0,0
1697786368743,0,0,0
1697786368756,0,0,0
1697786368765,0,0,0
1697786368776,0,0,0
1697786368787,0,0,0
1697786368801,0,0,0
1697786368812,0,0,0
1697786368822,0,0,0
1697786368832,0,0,0
1697786368845,0,0,0
1697786368859,0,0,0
1697786368873,0,0,0
1697786368886,0,0,0
1697786368897,0,0,0
1697786368911,0,0,0
1697786368922,0,0,0
1697786368933,0,0,0
1697786368944,0,0,0
1697786368955,0,0,0
1697786368967,0,0,0
1697786368978,0,0,0
1697786368989,0,0,0
1697786369003,0,0,0
1697786369013,0,0,0
1697786369027,0,0,0
1697786369040,0,0,0
1697786369054,0,0,0
1697786369067,0,0,0
1697786369079,0,0,0
1697786369092,0,0,0
1697786369103,0,0,0
1697786369115,0,0,0
1697786369125,0,0,0
1697786369136,0,0,0
1697786369147,0,0,0
1697786369157,0,0,0
1697786369167,0,0,0
1697786369177,0,0,0
1697786369188,0,0,0
1697786369197,0,0,0
1697786369212,0,0,0
1697786369223,0,0,0
1697786369234,0,0,0
1697786369244,0,0,0
1697786369254,0,0,0
1697786369264,0,0,0
1697786369276,0,0,0
1697786369287,0,0,0
1697786369298,0,0,0
1697786369309,0,0,0
1697786369319,0,0,0
1697786369329,0,0,0
1697786369340,0,0,0
1697786369350,0,0,0
1697786369361,0,0,0
1697786369372,0,0,0
1697786369383,0,0,0
1697786369394,0,0,0
1697786369405,0,0,0
1697786369418,0,0,0
1697786369431,0,0,0
1697786369440,0,0,0
1697786369451,0,0,0
1697786369462,0,0,0
1697786369473,0,0,0
1697786369482,0,0,0
1697786369493,0,0,0
1697786369502,0,0,0
1697786369512,0,0,0
1697786369523,0,0,0
1697786369533,0,0,0
1697786369543,0,0,0
1697786369553,0,0,0
1697786369564,0,0,0
1697786369574,0,0,0
1697786369585,0,0,0
1697786369595,0,0,0
1697786369605,0,0,0
1697786369619,0,0,0
1697786369629,0,0,0
1697786369641,0,0,0
1697786369652,0,0,0
1697786369662,0,0,0
1697786369674,0,0,0
1697786369684,0,0,0
1697786369695,0,0,0
1697786369707,0,0,0
1697786369716,0,0,0
1697786369726,0,0,0
1697786369736,0,0,0
1697786369748,0,0,0
1697786369758,0,0,0
1697786369768,0,0,0
1697786369778,0,0,0
1697786369789,0,0,0
1697786369799,0,0,0
1697786369811,0,0,0
1697786369824,0,0,0
1697786369834,0,0,0
1697786369846,0,0,0
1697786369858,0,0,0
1697786369868,0,0,0
1697786369878,0,0,0
1697786369888,0,0,0
1697786369899,0,0,0
1697786369910,0,0,0
1697786369919,0,0,0
1697786369930,0,0,0
1697786369944,0,0,0
1697786369956,0,0,0
1697786369967,0,0,0
1697786369977,0,0,0
1697786369989,0,0,0
1697786370001,0,0,0
1697786370012,0,0,0
1697786370028,0,0,0
1697786370039,0,0,0
1697786370052,0,0,0
1697786370063,0,0,0
1697786370073,0,0,0
