time,rotate_x,rotate_y,rotate_z
1698907573506,-0.0004413053,-0.9595768,-0.01706508
1698907573518,-0.001895868,-0.9595795,-0.01718356
1698907573532,-0.002178314,-0.9595632,-0.01762105
1698907573552,-0.002335197,-0.9595997,-0.01795516
1698907573571,-0.002284105,-0.9597052,-0.01833799
1698907573592,-0.002464336,-0.9597669,-0.01831567
1698907573609,-0.002606642,-0.959834,-0.01845735
1698907573625,-0.002509065,-0.959911,-0.01835652
1698907573643,-0.002219962,-0.9600599,-0.01817984
1698907573659,-0.002136692,-0.960233,-0.01796656
1698907573673,-0.001934375,-0.960452,-0.01785878
1698907573689,-0.001969702,-0.9606584,-0.01776686
1698907573703,-0.00205288,-0.9608529,-0.01752166
1698907573719,-0.002179715,-0.9610039,-0.01705574
1698907573734,-0.001998526,-0.9611162,-0.01633532
1698907573749,-0.001770307,-0.9611947,-0.01526509
1698907573764,-0.001419253,-0.9611807,-0.0140414
1698907573779,-0.0009373119,-0.9611845,-0.01295409
1698907573794,-0.0005202484,-0.9610977,-0.01201374
1698907573809,-0.0002751187,-0.9610263,-0.01158945
1698907573823,-9.397836e-05,-0.9608252,-0.01121489
1698907573838,-5.855225e-06,-0.960587,-0.01099486
1698907573852,0.0001402362,-0.9603065,-0.01053763
1698907573866,0.0001339917,-0.9600258,-0.01004698
1698907573880,-6.959541e-05,-0.9596802,-0.009925006
1698907573894,-0.0002629557,-0.9593487,-0.009696067
1698907573908,-0.0004665437,-0.9589486,-0.009571135
1698907573922,-0.0001466873,-0.9585265,-0.009386932
1698907573936,-0.0002166599,-0.9581445,-0.008816819
1698907573950,0.0001868696,-0.957773,-0.007960674
1698907573964,0.0006821153,-0.9574678,-0.006782009
1698907573979,0.001463946,-0.9571002,-0.005668004
1698907573993,0.00218739,-0.9567423,-0.004678907
1698907574008,0.002900481,-0.9564175,-0.003518698
1698907574021,0.003406626,-0.9561195,-0.002509771
1698907574035,0.003869748,-0.9558363,-0.001300969
1698907574050,0.00437939,-0.955585,-0.0002356014
1698907574062,0.004812539,-0.955339,0.0007065523
1698907574077,0.005022372,-0.9551237,0.001379564
1698907574090,0.005313058,-0.9549461,0.002067833
1698907574103,0.005880008,-0.9547349,0.00241055
1698907574117,0.006504096,-0.9545602,0.002741127
1698907574130,0.006972684,-0.9543642,0.002737733
1698907574145,0.007610501,-0.9542432,0.002441287
1698907574159,0.008158911,-0.9541189,0.002427968
1698907574173,0.008492669,-0.9540128,0.002625785
1698907574187,0.008549108,-0.9539524,0.003079152
1698907574201,0.008610981,-0.9539059,0.003576582
1698907574215,0.008505883,-0.9538786,0.003754479
1698907574227,0.007984897,-0.9539337,0.004006345
1698907574242,0.007967768,-0.9538975,0.004206824
1698907574256,0.008469768,-0.9538521,0.004478016
1698907574270,0.008972355,-0.953732,0.005483938
1698907574283,0.009116974,-0.9537263,0.006779118
1698907574297,0.009212247,-0.9537463,0.007946068
1698907574310,0.00928494,-0.9537423,0.008704415
1698907574323,0.009706031,-0.9536742,0.008873427
1698907574337,0.01015438,-0.9534859,0.00867849
1698907574351,0.01095714,-0.9532425,0.008559193
1698907574366,0.01163155,-0.953058,0.00864713
1698907574381,0.01192642,-0.9529858,0.009113151
1698907574394,0.01251744,-0.9529068,0.009179625
1698907574408,0.01328459,-0.9527272,0.009078668
1698907574422,0.01429536,-0.9525369,0.009403724
1698907574436,0.0157365,-0.9523067,0.009828149
1698907574451,0.01700067,-0.9520676,0.01099964
1698907574463,0.0180012,-0.9519004,0.0120467
1698907574477,0.01864168,-0.9517705,0.01282646
1698907574492,0.01896159,-0.9516194,0.01315746
1698907574506,0.01958441,-0.9514464,0.01337896
1698907574520,0.01991456,-0.9512755,0.0142036
1698907574531,0.02036219,-0.9510935,0.01479755
1698907574544,0.02028955,-0.9509482,0.01515139
1698907574558,0.02040086,-0.9508318,0.01496679
1698907574572,0.02050714,-0.9506901,0.01495937
1698907574587,0.02031235,-0.9505404,0.01535309
1698907574600,0.02009368,-0.9504915,0.01619796
1698907574614,0.02006547,-0.9504242,0.01676948
1698907574628,0.0200041,-0.9503566,0.01665919
1698907574640,0.01993767,-0.9502919,0.01646896
1698907574655,0.01993482,-0.9502314,0.01630899
1698907574670,0.02004446,-0.950162,0.0160747
1698907574683,0.02025009,-0.9501443,0.0161389
1698907574696,0.02069836,-0.9500555,0.01632403
1698907574710,0.02099755,-0.9499168,0.01648066
1698907574724,0.02135366,-0.9498551,0.01633078
1698907574737,0.02164953,-0.9498244,0.01650306
1698907574753,0.02163032,-0.9498012,0.01668502
1698907574766,0.02155384,-0.9497563,0.01716389
1698907574781,0.02176901,-0.9497226,0.01791592
1698907574795,0.02213667,-0.9496403,0.01867832
1698907574807,0.02265937,-0.9495078,0.01948981
1698907574820,0.02309744,-0.9493425,0.02034359
1698907574834,0.02356381,-0.9491946,0.02136592
1698907574849,0.02382353,-0.9490165,0.02231726
1698907574864,0.0238713,-0.9488226,0.02331679
1698907574876,0.0237996,-0.948621,0.02388395
1698907574891,0.02326833,-0.9485099,0.02396741
1698907574904,0.02337201,-0.9484979,0.02347999
1698907574918,0.02293469,-0.9485044,0.02374178
1698907574932,0.022802,-0.9484315,0.02415041
1698907574946,0.02267263,-0.9484237,0.02433785
1698907574959,0.02279986,-0.9483964,0.02446858
1698907574973,0.02276263,-0.9483188,0.02466808
1698907574988,0.02276049,-0.9482605,0.02538212
1698907575002,0.02252856,-0.9482307,0.02557951
1698907575014,0.02235628,-0.9481995,0.0259049
1698907575028,0.02277162,-0.9480999,0.0260511
1698907575042,0.02260181,-0.9478905,0.02659652
1698907575058,0.02207887,-0.9475359,0.02760637
1698907575071,0.02214372,-0.9473479,0.02792541
1698907575086,0.02206565,-0.94722,0.0281747
1698907575099,0.02197749,-0.9469286,0.0287801
1698907575113,0.02194712,-0.9466175,0.02960337
1698907575126,0.021861,-0.9463547,0.03011839
1698907575140,0.02240018,-0.9461104,0.03047653
1698907575155,0.02214674,-0.9459894,0.03063614
1698907575169,0.02223358,-0.9458212,0.03072086
1698907575184,0.02252485,-0.9457632,0.03040544
1698907575196,0.02269382,-0.94583,0.03062845
1698907575210,0.02263097,-0.9458776,0.03099427
1698907575225,0.02290668,-0.9458701,0.03161551
1698907575237,0.02304035,-0.9458122,0.03222578
1698907575251,0.02328128,-0.9458188,0.03252365
1698907575266,0.02306934,-0.9458258,0.03281336
1698907575279,0.02280679,-0.9458308,0.03328665
1698907575294,0.0222146,-0.9458465,0.03383581
1698907575308,0.02182431,-0.9458404,0.03426107
1698907575321,0.02153256,-0.9457901,0.03438852
1698907575335,0.02138274,-0.9457252,0.03464935
1698907575348,0.02150751,-0.9457348,0.03464749
1698907575362,0.02126751,-0.9457592,0.03486779
1698907575377,0.02134473,-0.9456965,0.03515477
1698907575392,0.02153823,-0.9456528,0.03552968
1698907575405,0.02123204,-0.945626,0.035784
1698907575420,0.02110581,-0.9456041,0.03549071
1698907575433,0.02087393,-0.9456184,0.03529524
1698907575447,0.02095852,-0.9455976,0.03507017
1698907575461,0.02092304,-0.9455689,0.03497344
1698907575474,0.02121927,-0.9454699,0.03482248
1698907575489,0.02156893,-0.9453764,0.03505276
1698907575502,0.02152847,-0.9452724,0.03491635
1698907575516,0.02151064,-0.9453381,0.03526012
1698907575530,0.02139824,-0.9453233,0.03513009
1698907575543,0.02137768,-0.9453642,0.03520019
1698907575558,0.02125751,-0.9454634,0.035279
1698907575571,0.0213275,-0.9455795,0.035117
1698907575586,0.02131343,-0.945703,0.03510033
1698907575599,0.02199112,-0.945805,0.03456612
1698907575614,0.02232063,-0.9460356,0.0347047
1698907575628,0.02240611,-0.9461988,0.03504257
1698907575642,0.02238,-0.9464118,0.03477099
1698907575656,0.02246511,-0.9466655,0.03444372
1698907575669,0.02238294,-0.9469106,0.03376463
1698907575684,0.02261233,-0.9471025,0.03275173
1698907575697,0.02259392,-0.9473424,0.03204143
1698907575711,0.0225291,-0.9475036,0.03149824
1698907575725,0.02206022,-0.9476367,0.03087228
1698907575739,0.02176327,-0.947751,0.03040327
1698907575752,0.0217142,-0.947847,0.02965535
1698907575766,0.02161393,-0.9478864,0.02876101
1698907575780,0.02114272,-0.9479057,0.02758479
1698907575795,0.02071981,-0.947906,0.02638427
1698907575808,0.02036902,-0.9478503,0.02477932
1698907575822,0.02025053,-0.9478067,0.02336172
1698907575835,0.02001126,-0.9477229,0.0222184
1698907575849,0.01962523,-0.9476444,0.02112938
1698907575863,0.01899688,-0.9476289,0.01978758
1698907575877,0.01810418,-0.9476218,0.01829941
1698907575891,0.0170698,-0.9476191,0.01657275
1698907575906,0.01596219,-0.9476529,0.01468039
1698907575919,0.01501988,-0.9476795,0.01291086
1698907575933,0.01432072,-0.9476627,0.01128736
1698907575948,0.01367779,-0.9475875,0.009909095
1698907575961,0.01329912,-0.9475198,0.008448979
1698907575974,0.01251064,-0.9474815,0.007118698
1698907575988,0.01169858,-0.9474859,0.005488168
1698907576002,0.01084003,-0.9474755,0.003986638
1698907576018,0.009912938,-0.9474117,0.002439166
1698907576031,0.009399977,-0.9473263,0.0008541781
1698907576045,0.00860261,-0.9471449,-0.0005541421
1698907576059,0.007705051,-0.9470618,-0.001674197
1698907576071,0.00673044,-0.9469044,-0.00288087
1698907576085,0.005704929,-0.9467138,-0.004367473
1698907576100,0.004074421,-0.9466004,-0.005700941
1698907576114,0.002418137,-0.9464118,-0.007329137
1698907576129,0.00107558,-0.9462268,-0.009073918
1698907576143,-0.0001244219,-0.9460225,-0.01066518
1698907576155,-0.00118394,-0.9458238,-0.01203553
1698907576170,-0.001960602,-0.9455999,-0.01318754
1698907576183,-0.002814161,-0.9454446,-0.01404194
1698907576197,-0.003185676,-0.9452918,-0.01456619
1698907576211,-0.00364414,-0.9452329,-0.01511417
1698907576226,-0.00370323,-0.9451343,-0.01535127
1698907576238,-0.003779293,-0.9450885,-0.01538958
1698907576253,-0.003588734,-0.9451315,-0.01551773
1698907576267,-0.003497253,-0.9451482,-0.01562072
1698907576281,-0.003187262,-0.9451359,-0.01610925
1698907576295,-0.002823556,-0.9452073,-0.01695836
1698907576310,-0.002354909,-0.9451055,-0.01785303
1698907576324,-0.001920479,-0.9450136,-0.01896356
1698907576337,-0.001501353,-0.944882,-0.01990717
1698907576351,-0.001380058,-0.9448123,-0.0209127
1698907576365,-0.001349456,-0.9447585,-0.02150696
1698907576380,-0.0006496608,-0.9446963,-0.02193798
1698907576393,9.144284e-05,-0.944711,-0.02200577
1698907576406,0.0009355899,-0.9446006,-0.02193153
1698907576421,0.001726117,-0.9444948,-0.02206743
1698907576434,0.002773364,-0.9443787,-0.02235993
1698907576447,0.003209382,-0.9442986,-0.02221487
1698907576462,0.003753674,-0.9442545,-0.02160215
1698907576476,0.003835224,-0.9443078,-0.02137843
1698907576490,0.005104331,-0.9443049,-0.02109126
1698907576504,0.005896139,-0.9443456,-0.02084894
1698907576519,0.006974122,-0.9443924,-0.0204978
1698907576533,0.008097165,-0.9443976,-0.02057949
1698907576546,0.00901011,-0.9443918,-0.02088237
1698907576560,0.009870179,-0.9443495,-0.0216239
1698907576575,0.009855142,-0.944315,-0.02299046
1698907576589,0.009268966,-0.9442528,-0.0245029
1698907576602,0.008312559,-0.9442393,-0.02562614
1698907576615,0.007134248,-0.9442517,-0.02620963
1698907576629,0.006497397,-0.9441899,-0.02605182
1698907576643,0.006115447,-0.944106,-0.0253793
1698907576657,0.005997443,-0.9439455,-0.02438106
1698907576671,0.006223797,-0.9438069,-0.02320804
1698907576685,0.006860176,-0.9436715,-0.0221033
1698907576699,0.007574543,-0.9434745,-0.0206633
1698907576713,0.008556668,-0.9432757,-0.01888046
1698907576728,0.009529683,-0.9430389,-0.01734067
1698907576740,0.01037744,-0.9428094,-0.01578752
1698907576754,0.01095692,-0.9426245,-0.01457618
1698907576769,0.01113822,-0.9424404,-0.01365036
1698907576783,0.01142638,-0.942365,-0.01270034
1698907576796,0.01143117,-0.942313,-0.01190124
1698907576811,0.01146667,-0.9423037,-0.01155827
1698907576825,0.01147775,-0.9423399,-0.01161138
1698907576837,0.01156448,-0.9423495,-0.01218246
1698907576851,0.01169122,-0.9423454,-0.01241142
1698907576867,0.01182041,-0.9424373,-0.01294686
1698907576880,0.01197772,-0.9424915,-0.01321082
1698907576892,0.01220353,-0.9425994,-0.01349603
1698907576907,0.0123975,-0.9426883,-0.01400178
1698907576921,0.01245983,-0.9427657,-0.01442535
1698907576934,0.01288691,-0.9427881,-0.01521283
1698907576948,0.012921,-0.9428325,-0.01594209
1698907576962,0.01324354,-0.9428619,-0.01651945
1698907576976,0.01331845,-0.9429159,-0.01688581
1698907576991,0.01329524,-0.9429201,-0.01720859
1698907577004,0.01321784,-0.9430542,-0.01758785
1698907577018,0.01322347,-0.9430676,-0.0176817
1698907577033,0.01300818,-0.9432104,-0.01793504
1698907577045,0.01272877,-0.9432941,-0.01804853
1698907577059,0.01255117,-0.9434286,-0.0183073
1698907577074,0.0123218,-0.9435701,-0.01843194
1698907577087,0.0120106,-0.9437194,-0.0184296
1698907577101,0.01173381,-0.9439076,-0.01852256
1698907577115,0.0112895,-0.9441368,-0.01867399
1698907577130,0.01083875,-0.9443305,-0.01902367
1698907577143,0.01054311,-0.9445618,-0.01952079
1698907577158,0.009869714,-0.9447894,-0.02007889
1698907577171,0.009583348,-0.9450601,-0.02068573
1698907577185,0.009083221,-0.9452496,-0.02119607
1698907577199,0.008557534,-0.9454357,-0.02175789
1698907577214,0.008208167,-0.9455925,-0.02239234
1698907577228,0.007911014,-0.9457237,-0.02300074
1698907577241,0.00759722,-0.9458365,-0.02367691
1698907577256,0.00703075,-0.9459375,-0.02417904
1698907577269,0.006626041,-0.9460464,-0.02481046
1698907577281,0.006164273,-0.9461678,-0.02523904
1698907577296,0.005717072,-0.9461631,-0.02567213
1698907577311,0.005249601,-0.9462203,-0.02609973
1698907577325,0.004745591,-0.9462644,-0.02665924
1698907577338,0.004253885,-0.9463188,-0.0270634
1698907577352,0.003780325,-0.9463388,-0.02757254
1698907577365,0.003305052,-0.9463574,-0.02790532
1698907577380,0.002922002,-0.9463582,-0.02828458
1698907577393,0.002686801,-0.946296,-0.02871831
1698907577407,0.002310149,-0.9463275,-0.02885664
1698907577422,0.002105757,-0.9463521,-0.02886001
1698907577437,0.001918983,-0.9463705,-0.02864482
1698907577449,0.001833542,-0.9463916,-0.02867722
1698907577463,0.001690259,-0.9464597,-0.02860423
1698907577476,0.001482555,-0.9465281,-0.02872018
1698907577491,0.001531931,-0.9466065,-0.02871503
1698907577505,0.001535587,-0.9467124,-0.02863725
1698907577520,0.00187352,-0.9468699,-0.02846586
1698907577533,0.001946813,-0.9470917,-0.02805795
1698907577548,0.002159941,-0.9472954,-0.02774539
1698907577561,0.002081817,-0.9474509,-0.02715857
1698907577574,0.002196432,-0.9476042,-0.0268677
1698907577588,0.002326331,-0.9477421,-0.02655258
1698907577602,0.002647426,-0.9477943,-0.02614731
1698907577617,0.002933716,-0.9477994,-0.02592324
1698907577630,0.003102689,-0.9477191,-0.02588833
1698907577645,0.003336109,-0.9476094,-0.02586277
1698907577659,0.003272302,-0.9475002,-0.02599845
1698907577672,0.003432562,-0.9472907,-0.02606124
1698907577686,0.003577848,-0.9470294,-0.02606909
1698907577700,0.003387805,-0.9467257,-0.02597522
1698907577714,0.003230842,-0.9464715,-0.02607677
1698907577728,0.003411428,-0.9461316,-0.02629536
1698907577741,0.003337792,-0.9458012,-0.02638633
1698907577756,0.003459906,-0.9455062,-0.02629139
1698907577769,0.00332511,-0.9452788,-0.02597471
1698907577783,0.003644906,-0.9450663,-0.02574777
1698907577797,0.003891838,-0.9448711,-0.02546955
1698907577810,0.004090425,-0.9446916,-0.0253897
1698907577825,0.004576021,-0.944563,-0.02510365
1698907577839,0.004998387,-0.9444721,-0.02492444
1698907577853,0.005487194,-0.9444002,-0.02477501
1698907577867,0.006001556,-0.9443938,-0.02442142
1698907577880,0.006582353,-0.9443663,-0.0242457
1698907577894,0.007029172,-0.9444229,-0.02388657
1698907577908,0.007492686,-0.9444354,-0.02362696
1698907577923,0.007884964,-0.9445,-0.02338073
1698907577935,0.008089352,-0.9445632,-0.02318191
1698907577951,0.00834981,-0.9446548,-0.02309769
1698907577962,0.008470397,-0.9447725,-0.02293674
1698907577978,0.00848561,-0.9449022,-0.02285579
1698907577991,0.008641511,-0.9450509,-0.02281217
1698907578005,0.008644159,-0.9452133,-0.02267599
1698907578019,0.008465443,-0.9454075,-0.02264397
1698907578033,0.008404082,-0.945627,-0.02257104
1698907578048,0.008362029,-0.9459029,-0.02258476
1698907578062,0.008150969,-0.9461834,-0.02257683
1698907578074,0.008187409,-0.9464605,-0.02249202
1698907578089,0.008328583,-0.9467583,-0.02240323
1698907578103,0.008449409,-0.9470262,-0.02228198
1698907578117,0.00826407,-0.9473582,-0.02234122
1698907578131,0.008260911,-0.9475974,-0.02257687
1698907578145,0.008404454,-0.9478427,-0.02261142
1698907578158,0.008358343,-0.9479992,-0.02278644
1698907578172,0.008505163,-0.9481625,-0.02296469
1698907578186,0.008873734,-0.9483327,-0.02310405
1698907578201,0.008876897,-0.9484439,-0.02298643
1698907578215,0.008922838,-0.9485222,-0.02296027
1698907578227,0.008957376,-0.9486098,-0.02311131
1698907578241,0.008930122,-0.9486331,-0.0233176
1698907578255,0.008735131,-0.9486296,-0.02345185
1698907578269,0.008718477,-0.948624,-0.02374467
1698907578284,0.008618205,-0.9486537,-0.02386071
1698907578297,0.008261214,-0.9486138,-0.02407168
1698907578310,0.008036735,-0.9486058,-0.024211
1698907578325,0.007816483,-0.9485511,-0.02434927
1698907578338,0.007501526,-0.9485399,-0.02439741
1698907578352,0.007300688,-0.9485126,-0.02437994
1698907578366,0.0068155,-0.948507,-0.0244095
1698907578380,0.006491907,-0.9484523,-0.02452123
1698907578394,0.006351416,-0.9483938,-0.02469015
1698907578408,0.006087468,-0.9483866,-0.02481451
1698907578422,0.005788747,-0.9483844,-0.02478519
1698907578435,0.005433675,-0.9483671,-0.02467488
1698907578450,0.005446804,-0.9483066,-0.02477177
1698907578464,0.005176281,-0.9482931,-0.02465765
1698907578478,0.004971321,-0.9481842,-0.02476916
1698907578492,0.004762133,-0.9481755,-0.02505689
1698907578507,0.004558442,-0.9481174,-0.02532607
1698907578521,0.00443208,-0.9480378,-0.02543664
1698907578534,0.00444689,-0.9479836,-0.02551939
1698907578547,0.004368626,-0.9479066,-0.02550705
1698907578561,0.004334399,-0.9478467,-0.02566315
1698907578577,0.004240546,-0.9477515,-0.02576797
1698907578591,0.004113968,-0.9476793,-0.02590075
1698907578603,0.003976841,-0.9476361,-0.02602088
1698907578617,0.003744882,-0.947592,-0.02601638
1698907578632,0.003637479,-0.9474985,-0.02613262
1698907578645,0.00353127,-0.9475137,-0.02595098
1698907578658,0.003283232,-0.9474835,-0.02584384
1698907578672,0.003192336,-0.9474698,-0.02577065
1698907578686,0.003164141,-0.9474781,-0.02555429
1698907578701,0.003085539,-0.9474782,-0.02558213
1698907578715,0.002972587,-0.9475061,-0.0254805
1698907578728,0.002740729,-0.9475265,-0.02547221
1698907578740,0.002741517,-0.9475582,-0.0252184
1698907578755,0.002838127,-0.9475711,-0.02515107
1698907578769,0.002811939,-0.9475638,-0.02488954
1698907578783,0.002517471,-0.947626,-0.02477526
1698907578797,0.002629993,-0.9476757,-0.0247171
1698907578812,0.002636349,-0.947684,-0.02475711
1698907578825,0.002644016,-0.9476807,-0.02481111
1698907578839,0.002813321,-0.9476967,-0.02483973
1698907578853,0.00301727,-0.9476977,-0.02481408
1698907578867,0.003256046,-0.9477142,-0.0246348
1698907578881,0.003141531,-0.9477631,-0.02441299
1698907578894,0.003198769,-0.9478001,-0.0242719
1698907578909,0.0032774,-0.9478139,-0.02424641
1698907578923,0.003310964,-0.9478068,-0.02439583
1698907578937,0.003444191,-0.9478424,-0.02454441
1698907578951,0.003509453,-0.9479177,-0.02482606
1698907578965,0.003644581,-0.9479805,-0.02474198
1698907578978,0.003824498,-0.9480897,-0.02478097
1698907578991,0.004129674,-0.948207,-0.024829
1698907579005,0.004387185,-0.9483518,-0.02494675
1698907579019,0.004374119,-0.9484112,-0.02520084
1698907579034,0.00437567,-0.9485555,-0.02534446
1698907579047,0.004633717,-0.948665,-0.02567647
1698907579061,0.005049225,-0.9487791,-0.0257323
1698907579074,0.005074216,-0.948875,-0.02587185
1698907579088,0.005152979,-0.9489592,-0.02592989
1698907579103,0.005370805,-0.9490829,-0.02610509
1698907579116,0.005307885,-0.9491736,-0.02624049
1698907579130,0.005498515,-0.949274,-0.02637733
1698907579144,0.005704566,-0.9493329,-0.02668674
1698907579158,0.005774577,-0.9493988,-0.02695821
1698907579172,0.00593071,-0.94947,-0.02721372
1698907579186,0.005973201,-0.9495389,-0.02748042
1698907579200,0.006209289,-0.9495825,-0.02776167
1698907579214,0.006232495,-0.9496047,-0.0279744
1698907579227,0.006437735,-0.9496243,-0.02818814
1698907579242,0.006568508,-0.9496193,-0.02828241
1698907579256,0.006477841,-0.9496349,-0.02834874
1698907579270,0.006539839,-0.9496169,-0.02845823
1698907579283,0.006550953,-0.9495966,-0.02851887
1698907579297,0.006626081,-0.9495824,-0.02850304
1698907579311,0.006615497,-0.9495444,-0.02848575
1698907579326,0.00664632,-0.9495068,-0.02852464
1698907579338,0.006655303,-0.9494728,-0.02864441
1698907579352,0.006642592,-0.9494444,-0.02875812
1698907579367,0.006639617,-0.949374,-0.02895488
1698907579380,0.006701381,-0.9493694,-0.02894868
1698907579393,0.006950353,-0.9492943,-0.0289519
1698907579408,0.006915706,-0.9492802,-0.02889071
1698907579422,0.007019581,-0.9492658,-0.02876838
1698907579435,0.007299078,-0.9492199,-0.02881047
1698907579451,0.007513254,-0.9491667,-0.0287809
1698907579464,0.007299464,-0.949121,-0.02887756
1698907579477,0.007391708,-0.9491097,-0.02881326
1698907579491,0.007680385,-0.949063,-0.02875714
1698907579505,0.007712302,-0.9490365,-0.02888069
1698907579521,0.008008238,-0.9489258,-0.02888484
1698907579533,0.008046447,-0.9488573,-0.02868693
1698907579548,0.008085175,-0.9488803,-0.02868151
1698907579561,0.008058356,-0.9488429,-0.02857494
1698907579575,0.008042694,-0.9488252,-0.02851258
1698907579589,0.007996811,-0.9487948,-0.02844681
1698907579602,0.007933489,-0.9487866,-0.02837106
1698907579617,0.007858018,-0.9487976,-0.02839679
1698907579630,0.007771997,-0.9488075,-0.028527
1698907579645,0.007699156,-0.9488407,-0.02856801
1698907579658,0.007699594,-0.9488744,-0.02864273
1698907579671,0.00778416,-0.9488954,-0.02863779
1698907579685,0.007924786,-0.9488979,-0.02862079
1698907579700,0.007844656,-0.9489437,-0.02858234
1698907579714,0.0077215,-0.9489717,-0.02858853
1698907579727,0.007673551,-0.9489871,-0.02853758
1698907579741,0.007872525,-0.9489859,-0.0285257
1698907579756,0.007803604,-0.9490193,-0.02842544
1698907579770,0.007733821,-0.9490346,-0.02833382
1698907579782,0.007716309,-0.9490585,-0.02841416
1698907579796,0.007603952,-0.9490956,-0.0284377
1698907579810,0.007557055,-0.9491244,-0.02852481
1698907579826,0.007617935,-0.9491523,-0.02857098
1698907579839,0.007595144,-0.9491826,-0.02865521
1698907579856,0.007671762,-0.9491954,-0.02866897
1698907579867,0.007743361,-0.9492176,-0.02872716
1698907579881,0.0077278,-0.9492275,-0.02865866
1698907579894,0.007819951,-0.9492426,-0.02858501
1698907579908,0.007815546,-0.9492352,-0.0285632
1698907579923,0.007798449,-0.9492393,-0.02843409
1698907579936,0.007780559,-0.9492213,-0.02839427
1698907579951,0.007706,-0.9492087,-0.0283727
1698907579964,0.007651516,-0.9492151,-0.02840911
1698907579978,0.007632601,-0.9491873,-0.02832946
1698907579992,0.007561847,-0.949193,-0.02832233
1698907580005,0.007485434,-0.9491926,-0.02824284
1698907580019,0.007409644,-0.9491805,-0.02825551
1698907580033,0.007334072,-0.9491764,-0.02831161
1698907580048,0.007284886,-0.9491379,-0.02839771
1698907580061,0.007179813,-0.9491448,-0.02839168
1698907580075,0.007104769,-0.9491473,-0.02837845
1698907580090,0.006996367,-0.9491205,-0.02842192
1698907580103,0.006978961,-0.9491031,-0.02843181
1698907580116,0.006911946,-0.9490753,-0.02847259
1698907580131,0.006876783,-0.9490515,-0.02855846
1698907580145,0.006755845,-0.9490473,-0.02865409
1698907580159,0.006787281,-0.9489982,-0.02874906
1698907580173,0.006745579,-0.9489747,-0.02880447
1698907580186,0.006560006,-0.9489439,-0.02877131
1698907580199,0.006387115,-0.9489526,-0.02890629
1698907580214,0.006534002,-0.9489257,-0.02913856
1698907580228,0.006583378,-0.9488853,-0.02934286
1698907580242,0.00684546,-0.9488395,-0.02929809
1698907580255,0.00682945,-0.9488062,-0.02932968
1698907580268,0.006807755,-0.9487846,-0.02926163
1698907580283,0.006729478,-0.9487565,-0.02913696
1698907580298,0.006716184,-0.9487315,-0.02906087
1698907580311,0.006609946,-0.9486829,-0.02901468
1698907580325,0.006574624,-0.9486475,-0.02903379
1698907580338,0.006566523,-0.9486143,-0.02900114
1698907580352,0.006556818,-0.9486099,-0.0290305
1698907580366,0.006526417,-0.9486041,-0.02899428
1698907580381,0.006668938,-0.9486083,-0.02898085
1698907580395,0.006795142,-0.9485954,-0.02887448
1698907580409,0.006953388,-0.9486001,-0.02886897
1698907580423,0.006844472,-0.9485928,-0.02872546
1698907580436,0.00675366,-0.9486407,-0.02879116
1698907580450,0.00674517,-0.9486234,-0.02903577
1698907580465,0.006837815,-0.9485925,-0.02915719
1698907580477,0.006737778,-0.9486049,-0.02918471
1698907580492,0.006686012,-0.9485885,-0.02926615
1698907580505,0.006688684,-0.9485931,-0.02934147
1698907580520,0.006665279,-0.9486079,-0.02937175
1698907580533,0.006708959,-0.9485822,-0.0294521
1698907580547,0.006794055,-0.9485562,-0.02958966
1698907580561,0.006805958,-0.9485524,-0.02969148
1698907580574,0.006909014,-0.9485428,-0.02978041
1698907580588,0.007013208,-0.9485046,-0.02987422
1698907580603,0.007060413,-0.9484743,-0.02992215
1698907580617,0.007107506,-0.9484338,-0.02995152
1698907580631,0.007241067,-0.9484171,-0.0298847
1698907580644,0.007232984,-0.9483832,-0.0298308
1698907580657,0.00737177,-0.9483709,-0.02949658
1698907580671,0.007523027,-0.9483687,-0.02952736
1698907580686,0.007491535,-0.9483121,-0.02949414
1698907580700,0.007570783,-0.9483198,-0.02942
1698907580713,0.007590828,-0.9482876,-0.02938113
1698907580727,0.007571383,-0.9483202,-0.02930522
1698907580741,0.007619277,-0.9483295,-0.02932683
1698907580755,0.007635389,-0.948334,-0.02928897
1698907580769,0.007605981,-0.9483576,-0.02927948
1698907580784,0.00770066,-0.9483638,-0.02925627
1698907580797,0.007582046,-0.9483811,-0.02919945
1698907580812,0.007566091,-0.9484118,-0.02921039
1698907580826,0.007411988,-0.9484371,-0.02934784
1698907580838,0.007285441,-0.948457,-0.02946238
1698907580852,0.00725437,-0.9484828,-0.02954354
1698907580867,0.007136607,-0.9485015,-0.02964005
1698907580881,0.007098379,-0.9485629,-0.02970512
1698907580895,0.00710871,-0.9485424,-0.02984136
1698907580909,0.007105339,-0.9485697,-0.02985696
1698907580922,0.006878774,-0.9486048,-0.02986344
1698907580936,0.006759856,-0.9486285,-0.02982384
1698907580950,0.006777145,-0.9486338,-0.03003098
1698907580963,0.006765921,-0.9486229,-0.03013723
1698907580977,0.006924739,-0.9486279,-0.03008028
1698907580991,0.007006795,-0.9486404,-0.029988
1698907581005,0.006934732,-0.9486584,-0.0297654
1698907581020,0.006870436,-0.9486967,-0.02966672
1698907581034,0.006800045,-0.9486908,-0.02967415
1698907581046,0.006775152,-0.9487056,-0.02966657
1698907581060,0.00679097,-0.9486998,-0.02967248
1698907581075,0.006671159,-0.9487159,-0.02977569
1698907581090,0.006571215,-0.9487478,-0.02983043
1698907581104,0.006450467,-0.9487587,-0.02994503
1698907581118,0.006442825,-0.9488018,-0.03006637
1698907581131,0.006486388,-0.9488031,-0.03009696
1698907581145,0.006603722,-0.9488053,-0.03010126
1698907581158,0.006613453,-0.9488483,-0.02991087
1698907581172,0.006540617,-0.9488337,-0.02995457
1698907581187,0.006734936,-0.9488356,-0.03009872
1698907581200,0.006909277,-0.9487885,-0.03028525
1698907581215,0.006851793,-0.948781,-0.03041003
1698907581228,0.006791555,-0.9487519,-0.03049643
1698907581244,0.006841474,-0.9487324,-0.0305646
1698907581257,0.006894335,-0.9487023,-0.03065322
1698907581271,0.007012169,-0.9486501,-0.03070083
1698907581283,0.007104008,-0.9486107,-0.03076195
1698907581298,0.007295876,-0.9485545,-0.03081187
1698907581312,0.007322501,-0.9485123,-0.03089046
1698907581326,0.007455549,-0.9484712,-0.03086967
1698907581340,0.007685411,-0.9484238,-0.0309415
1698907581353,0.007677832,-0.948366,-0.03086683
1698907581367,0.007841585,-0.9483086,-0.03078019
1698907581381,0.007852436,-0.9482663,-0.03074897
1698907581395,0.008048384,-0.9482248,-0.03082816
1698907581408,0.007922626,-0.9481786,-0.03067421
1698907581421,0.008224603,-0.9481095,-0.03104274
1698907581436,0.008108544,-0.9481136,-0.03090683
1698907581450,0.00819194,-0.9481015,-0.03084895
1698907581466,0.008194537,-0.9481008,-0.03084766
1698907581477,0.008226062,-0.9480937,-0.03090465
1698907581491,0.008246323,-0.9480869,-0.03096968
1698907581505,0.008248866,-0.9480963,-0.03113731
1698907581521,0.008220399,-0.9480677,-0.03122352
1698907581534,0.008153031,-0.9480516,-0.0313438
1698907581548,0.008116733,-0.9480503,-0.03140838
1698907581562,0.008140271,-0.9480276,-0.03149461
1698907581575,0.008072947,-0.948037,-0.03158192
1698907581589,0.008080028,-0.948001,-0.03162758
1698907581602,0.007955789,-0.9479876,-0.03177577
1698907581617,0.007962077,-0.9480033,-0.03187457
1698907581632,0.00806713,-0.9479815,-0.0319954
1698907581645,0.008159612,-0.9480023,-0.03191239
1698907581658,0.008011783,-0.9480187,-0.03186802
1698907581672,0.007946199,-0.9480516,-0.03179805
1698907581686,0.008022808,-0.9480575,-0.03174827
1698907581699,0.008024926,-0.94806,-0.03179417
1698907581713,0.008124863,-0.9480551,-0.03189213
1698907581726,0.008202826,-0.9480782,-0.03190921
1698907581740,0.008124993,-0.9481115,-0.03183823
1698907581756,0.007972524,-0.9481165,-0.0318003
1698907581770,0.007959975,-0.9481109,-0.03176729
1698907581785,0.007849354,-0.9480928,-0.03169927
1698907581798,0.007699206,-0.9480916,-0.03168408
1698907581812,0.007606468,-0.9480907,-0.03176618
1698907581824,0.007527886,-0.9480928,-0.03176157
1698907581839,0.007430384,-0.9481213,-0.03179701
1698907581853,0.007480129,-0.9481359,-0.03186254
1698907581867,0.007609138,-0.9481476,-0.03183448
1698907581881,0.00763256,-0.9481484,-0.03177699
1698907581895,0.007577089,-0.9481655,-0.03164348
1698907581908,0.007492351,-0.9481791,-0.0315314
1698907581922,0.007495556,-0.9481552,-0.03154898
1698907581936,0.007587428,-0.9481056,-0.03163871
1698907581951,0.007419565,-0.9480575,-0.03165247
1698907581963,0.007302026,-0.9479964,-0.03163617
1698907581977,0.007286201,-0.9479756,-0.03157767
1698907581991,0.007120577,-0.9479125,-0.03143395
1698907582005,0.007411565,-0.9478451,-0.03159744
1698907582020,0.007255988,-0.94776,-0.03179638
1698907582033,0.007309504,-0.9476774,-0.03185925
1698907582048,0.007364739,-0.9476041,-0.0318943
1698907582063,0.007458716,-0.9474955,-0.03211391
1698907582076,0.007430629,-0.9474012,-0.03207444
1698907582090,0.007692445,-0.9472861,-0.03201659
1698907582104,0.007664938,-0.9471951,-0.03183762
1698907582117,0.007779308,-0.9470688,-0.03156789
1698907582131,0.00780467,-0.9469807,-0.03153121
1698907582144,0.007917525,-0.9468969,-0.03114093
1698907582159,0.007981439,-0.9468524,-0.03094439
1698907582173,0.008026658,-0.9467397,-0.03081727
1698907582186,0.008226316,-0.9466873,-0.03074099
1698907582201,0.008080532,-0.94666,-0.03051157
1698907582214,0.0081515,-0.94664,-0.0302944
1698907582228,0.008217543,-0.9466169,-0.0301342
1698907582242,0.008213538,-0.94651,-0.02986333
1698907582256,0.008230797,-0.9464617,-0.02987102
1698907582268,0.008334051,-0.9464228,-0.02977331
1698907582284,0.008384638,-0.9463415,-0.02963173
1698907582297,0.008461657,-0.9462453,-0.02947532
1698907582310,0.008534246,-0.9461597,-0.02925696
1698907582325,0.008639744,-0.9460438,-0.02915503
1698907582339,0.008669308,-0.9459388,-0.02903024
1698907582353,0.008685962,-0.945829,-0.02885129
1698907582366,0.008712005,-0.9457248,-0.0286998
1698907582382,0.008828197,-0.9455658,-0.02866945
1698907582395,0.008932441,-0.9454316,-0.02855027
1698907582407,0.008854745,-0.9452549,-0.02830883
1698907582422,0.008954014,-0.9451081,-0.02812357
1698907582435,0.00893589,-0.9449216,-0.02792497
1698907582450,0.00918293,-0.9447833,-0.02765146
1698907582465,0.009219147,-0.9446145,-0.02746854
1698907582478,0.009463294,-0.9443914,-0.02721754
1698907582493,0.009483747,-0.9442183,-0.0269173
1698907582507,0.009597422,-0.9440379,-0.02664216
1698907582520,0.009653704,-0.9438041,-0.02639138
1698907582534,0.009785081,-0.9435936,-0.02600255
1698907582547,0.01004273,-0.9433212,-0.02585361
1698907582561,0.01000758,-0.9431211,-0.02561524
1698907582575,0.01018164,-0.942785,-0.02558527
1698907582589,0.01010152,-0.9425069,-0.02541204
1698907582602,0.01004947,-0.9422339,-0.02515439
1698907582617,0.01022527,-0.9419054,-0.0250197
1698907582631,0.01041517,-0.9416064,-0.02481176
1698907582646,0.01035835,-0.941304,-0.02464953
1698907582659,0.01047153,-0.9409827,-0.02445265
1698907582671,0.0105895,-0.9406517,-0.02440282
1698907582685,0.01089645,-0.9402775,-0.02412539
1698907582700,0.01105595,-0.9399133,-0.02409748
1698907582714,0.01116654,-0.9395679,-0.02417117
1698907582728,0.01119104,-0.9392571,-0.02408038
1698907582741,0.01154609,-0.9388444,-0.02409416
1698907582756,0.01179085,-0.9384512,-0.02412969
1698907582769,0.01199522,-0.9380327,-0.02426782
1698907582784,0.01242063,-0.9375912,-0.02421781
1698907582797,0.01273441,-0.937086,-0.02446282
1698907582811,0.01334102,-0.9366372,-0.0246712
1698907582825,0.01392722,-0.936085,-0.0246912
1698907582839,0.01465091,-0.9354927,-0.02487136
1698907582851,0.01516072,-0.9348664,-0.02510086
1698907582866,0.01562317,-0.9342555,-0.02547374
1698907582881,0.01595502,-0.9336651,-0.02609023
1698907582894,0.01624811,-0.9330398,-0.0263659
1698907582910,0.01622961,-0.9324127,-0.0268103
1698907582922,0.01646287,-0.9317561,-0.02734885
1698907582935,0.0163942,-0.9310814,-0.02757747
1698907582949,0.01642592,-0.9304498,-0.02799976
1698907582964,0.01625561,-0.9298008,-0.02842473
1698907582978,0.01637385,-0.929081,-0.0287864
1698907582998,0.01630693,-0.9283859,-0.028795
1698907583004,0.01650299,-0.9276851,-0.02871057
1698907583018,0.0164781,-0.9270191,-0.02882959
1698907583032,0.01676177,-0.9263382,-0.02893158
1698907583046,0.01692911,-0.9257022,-0.02899757
1698907583061,0.01699725,-0.9250631,-0.02928142
1698907583075,0.01719199,-0.9244398,-0.02987126
1698907583089,0.01721438,-0.923788,-0.03065173
1698907583101,0.01713909,-0.9232036,-0.03121616
1698907583116,0.01699994,-0.9226692,-0.031937
1698907583131,0.01687156,-0.9221628,-0.03254103
1698907583144,0.01690582,-0.9216564,-0.03308434
1698907583158,0.01697066,-0.9211189,-0.03378193
1698907583170,0.01657522,-0.9205708,-0.03473877
1698907583185,0.01637652,-0.9199932,-0.03546366
1698907583199,0.0165993,-0.9194611,-0.03595721
1698907583214,0.01667602,-0.9188136,-0.03653873
1698907583227,0.01681522,-0.9181712,-0.03730583
1698907583242,0.0168533,-0.9175527,-0.03794255
1698907583256,0.01697068,-0.9169493,-0.03863932
1698907583269,0.01695021,-0.9163507,-0.03943107
1698907583282,0.01672178,-0.9157791,-0.04036023
1698907583297,0.01651617,-0.9152847,-0.0411942
1698907583313,0.01620875,-0.914723,-0.04192581
1698907583325,0.01592789,-0.9143473,-0.0426739
1698907583338,0.01566598,-0.9139944,-0.04305783
1698907583353,0.01531548,-0.9137228,-0.04317437
1698907583366,0.01496487,-0.9135714,-0.04312049
1698907583380,0.01455819,-0.9134844,-0.04267634
1698907583394,0.01428079,-0.9134771,-0.04186025
1698907583406,0.01400288,-0.9136654,-0.04099703
1698907583421,0.01376306,-0.9138323,-0.04004269
1698907583435,0.01366621,-0.9140927,-0.03891741
1698907583448,0.01368039,-0.9144164,-0.0380278
1698907583463,0.01352734,-0.9148644,-0.0368492
1698907583477,0.01335151,-0.9154427,-0.03590547
1698907583490,0.01329239,-0.9161178,-0.03483566
1698907583505,0.01312301,-0.9168052,-0.03426682
1698907583519,0.01322614,-0.917562,-0.03356832
1698907583532,0.01305034,-0.9183387,-0.03331981
1698907583547,0.01323699,-0.9191613,-0.03287047
1698907583561,0.01338331,-0.9200283,-0.03266764
1698907583573,0.01350088,-0.9209127,-0.03251805
1698907583587,0.01369595,-0.9217792,-0.03239723
1698907583602,0.01397177,-0.9226092,-0.03231737
1698907583617,0.01419255,-0.9235175,-0.03226133
1698907583631,0.01434743,-0.9244215,-0.03219385
1698907583645,0.01470006,-0.925311,-0.03238343
1698907583659,0.01500563,-0.9262314,-0.03244692
1698907583672,0.01505763,-0.9271488,-0.03275475
1698907583685,0.01518452,-0.9280699,-0.03299266
1698907583699,0.01535035,-0.9289777,-0.03345107
1698907583713,0.01543465,-0.9298745,-0.03367694
1698907583726,0.0154834,-0.9307792,-0.03437573
1698907583741,0.01561947,-0.9317847,-0.03493028
1698907583755,0.01555484,-0.9327509,-0.03584255
1698907583768,0.01585287,-0.9337183,-0.0365954
1698907583781,0.01657608,-0.9347059,-0.03679239
1698907583796,0.01824216,-0.9357864,-0.03518481
1698907583808,0.0194706,-0.9368467,-0.03478268
1698907583824,0.01854571,-0.9380574,-0.03879084
1698907583837,0.01868519,-0.9392568,-0.04083086
1698907583851,0.0200313,-0.9404393,-0.04181223
1698907583866,0.02204278,-0.9414592,-0.04300601
1698907583879,0.0232832,-0.94243,-0.04434406
1698907583893,0.02377574,-0.9434558,-0.04513117
1698907583907,0.02433077,-0.9446,-0.04492911
1698907583922,0.0249089,-0.945725,-0.0439228
1698907583936,0.02510374,-0.9466262,-0.04338976
1698907583950,0.02539138,-0.9472476,-0.04370911
1698907583963,0.02508747,-0.9477344,-0.04452656
1698907583977,0.02432824,-0.9480352,-0.04585218
1698907583990,0.02326714,-0.9483371,-0.04685275
1698907584003,0.02218624,-0.948627,-0.04732272
1698907584017,0.02149356,-0.9489266,-0.04697863
1698907584033,0.02093814,-0.9491984,-0.0463439
1698907584047,0.02068035,-0.9494438,-0.04579901
1698907584060,0.02097109,-0.949692,-0.04506325
1698907584075,0.02165947,-0.949928,-0.04395986
1698907584089,0.02274668,-0.9501051,-0.04250067
1698907584102,0.02396026,-0.9503051,-0.04040795
1698907584116,0.02525514,-0.9505062,-0.03787049
1698907584129,0.02631021,-0.9507278,-0.03505836
1698907584142,0.02685104,-0.9510345,-0.03210329
1698907584157,0.0270955,-0.9512189,-0.02997223
1698907584171,0.02684552,-0.9513274,-0.02901492
1698907584184,0.0264901,-0.9513792,-0.02889237
1698907584199,0.02584229,-0.9514593,-0.02880186
1698907584213,0.02522894,-0.9515405,-0.02870962
1698907584227,0.02465452,-0.9516468,-0.02858404
1698907584240,0.02407318,-0.9516493,-0.02843899
1698907584254,0.02370745,-0.9517039,-0.02839084
1698907584268,0.02349757,-0.9516913,-0.0281457
1698907584281,0.02320309,-0.9517533,-0.02736533
1698907584295,0.02306736,-0.9517595,-0.02704896
1698907584310,0.02327032,-0.9517224,-0.02660509
1698907584324,0.0236814,-0.9517195,-0.02616908
1698907584338,0.02411715,-0.9516951,-0.02523978
1698907584353,0.02455029,-0.9517049,-0.02493783
1698907584366,0.02470086,-0.9517363,-0.02417218
1698907584380,0.02472739,-0.9517148,-0.0237369
1698907584394,0.02482993,-0.9517251,-0.02321425
1698907584408,0.02453414,-0.9517767,-0.0227071
1698907584422,0.02429619,-0.9517362,-0.02231029
1698907584434,0.02386336,-0.9517183,-0.02195829
1698907584447,0.02325098,-0.9516998,-0.02128479
1698907584462,0.02255586,-0.9516578,-0.02123559
1698907584476,0.02166403,-0.9516445,-0.02095596
1698907584490,0.02059444,-0.9515483,-0.02107073
1698907584504,0.01977018,-0.9514021,-0.02117725
1698907584518,0.01870145,-0.9512471,-0.02086969
1698907584532,0.01754805,-0.9511147,-0.02053607
1698907584546,0.01624474,-0.9509351,-0.01990021
1698907584561,0.01458772,-0.9507806,-0.01939683
1698907584575,0.01303462,-0.9506073,-0.01861151
1698907584588,0.01111781,-0.9503821,-0.01770136
1698907584602,0.009469353,-0.9501723,-0.01711674
1698907584615,0.007689918,-0.9499322,-0.01633462
1698907584628,0.005526061,-0.9496454,-0.01558142
1698907584642,0.003456308,-0.949364,-0.01480374
1698907584657,0.001500145,-0.9490442,-0.01444806
1698907584672,-0.0006072219,-0.9486554,-0.01460991
1698907584685,-0.002346348,-0.948115,-0.01487264
1698907584700,-0.004118945,-0.9475715,-0.01564184
1698907584713,-0.00582215,-0.9469777,-0.01619661
1698907584727,-0.007024015,-0.9463566,-0.01563002
1698907584740,-0.007876429,-0.9457985,-0.01360267
1698907584754,-0.009290314,-0.945149,-0.01416183
1698907584768,-0.01062622,-0.9443477,-0.01663489
1698907584782,-0.01209058,-0.943489,-0.01897097
1698907584796,-0.01375255,-0.9428207,-0.01987946
1698907584810,-0.01509153,-0.9421973,-0.01934767
1698907584824,-0.01594491,-0.9416596,-0.01929685
1698907584837,-0.01624694,-0.9410817,-0.01981829
1698907584851,-0.0165369,-0.9404913,-0.01964728
1698907584864,-0.01672928,-0.9400415,-0.01946793
1698907584880,-0.01727046,-0.9395813,-0.02064375
1698907584896,-0.01746883,-0.9391903,-0.02258248
1698907584909,-0.01741695,-0.9386907,-0.02482459
1698907584922,-0.01708289,-0.938176,-0.0265649
1698907584935,-0.01610736,-0.9376704,-0.02724475
1698907584949,-0.01447002,-0.9372423,-0.02648556
1698907584962,-0.01246072,-0.9368501,-0.0251591
1698907584977,-0.009865687,-0.9365137,-0.0232135
1698907584992,-0.006928734,-0.9361658,-0.02048033
1698907585005,-0.003567661,-0.9357296,-0.01758645
1698907585017,-0.0008759643,-0.9353492,-0.01557132
1698907585030,0.001526166,-0.9349927,-0.01478919
1698907585045,0.003261091,-0.9346505,-0.01513371
1698907585060,0.005018375,-0.934273,-0.01680129
1698907585074,0.006651187,-0.9339539,-0.01873097
1698907585088,0.00826456,-0.9336606,-0.02047473
1698907585101,0.009388398,-0.9334841,-0.02195125
1698907585114,0.01055728,-0.9333857,-0.02329763
1698907585128,0.01154833,-0.9333182,-0.02422497
1698907585142,0.01227487,-0.9332803,-0.02487939
1698907585158,0.01302425,-0.9332426,-0.02546933
1698907585170,0.01368305,-0.9332607,-0.02571025
1698907585184,0.01444744,-0.9331918,-0.02582121
1698907585198,0.01504288,-0.9332085,-0.02543285
1698907585212,0.01520789,-0.9332501,-0.02511359
1698907585226,0.01533463,-0.9333258,-0.02489932
1698907585238,0.01545045,-0.9334072,-0.02447675
1698907585252,0.01600086,-0.9335144,-0.02360547
1698907585267,0.01676216,-0.9336568,-0.02285962
1698907585282,0.01707712,-0.9338308,-0.02209464
1698907585297,0.01759011,-0.9340308,-0.02146228
1698907585312,0.01801668,-0.9342912,-0.02077557
1698907585324,0.01847436,-0.9345193,-0.02043409
1698907585338,0.01868354,-0.9347271,-0.0201505
1698907585352,0.0189158,-0.9350389,-0.02017778
1698907585365,0.01876329,-0.9352032,-0.02052811
1698907585377,0.01870768,-0.9353713,-0.02115996
1698907585393,0.01869584,-0.9354727,-0.02170204
1698907585406,0.01853633,-0.9356324,-0.02234814
1698907585421,0.01826523,-0.9357737,-0.0225627
1698907585435,0.0180282,-0.9359825,-0.02261602
1698907585448,0.01771561,-0.9361308,-0.02267603
1698907585461,0.0175345,-0.936388,-0.02265663
1698907585477,0.01767914,-0.9367025,-0.02269273
1698907585489,0.01790821,-0.9370321,-0.02287129
1698907585502,0.01837181,-0.9373757,-0.02312249
1698907585518,0.01903841,-0.9378331,-0.02309486
1698907585532,0.01988408,-0.938351,-0.02348616
1698907585545,0.02093963,-0.9388208,-0.02401312
1698907585560,0.02201574,-0.9393955,-0.02480861
1698907585573,0.02311994,-0.9400316,-0.02633884
1698907585587,0.02412295,-0.9406769,-0.02783064
1698907585601,0.02510968,-0.9413787,-0.02923964
1698907585615,0.0260269,-0.9421499,-0.03118903
1698907585630,0.02722774,-0.942902,-0.03274782
1698907585643,0.02868167,-0.9437118,-0.03386033
1698907585656,0.03161485,-0.9444419,-0.03168115
1698907585671,0.03172954,-0.9451206,-0.03550593
1698907585685,0.03140962,-0.9457952,-0.03825949
1698907585699,0.0308433,-0.9464997,-0.04113334
1698907585712,0.03060672,-0.9470247,-0.04349005
1698907585726,0.0311898,-0.9473029,-0.04460923
1698907585739,0.03226514,-0.9473841,-0.04458565
1698907585754,0.03314299,-0.9473368,-0.04401619
1698907585768,0.034299,-0.9473858,-0.04227737
1698907585781,0.03586141,-0.9473605,-0.0404374
1698907585794,0.03705987,-0.9473738,-0.03952068
1698907585808,0.03720894,-0.9474609,-0.03992288
1698907585823,0.03595316,-0.9475726,-0.04166816
1698907585838,0.03399269,-0.9478357,-0.04397931
1698907585850,0.03257344,-0.9481407,-0.04491493
1698907585864,0.03184649,-0.9484371,-0.04499142
1698907585878,0.03209258,-0.9487231,-0.04394905
1698907585892,0.03263589,-0.9489453,-0.04289038
1698907585907,0.03301862,-0.9492326,-0.04241867
1698907585922,0.03312284,-0.9494776,-0.04199595
1698907585934,0.03305951,-0.94976,-0.04153564
1698907585948,0.03320861,-0.9499815,-0.0408623
1698907585962,0.0334153,-0.9501565,-0.04004964
1698907585978,0.03351691,-0.9501791,-0.03982645
1698907585991,0.03344544,-0.9501501,-0.03961588
1698907586005,0.03295624,-0.9501008,-0.03956827
1698907586018,0.03209785,-0.9500611,-0.04005291
1698907586032,0.03041584,-0.9499494,-0.04058938
1698907586048,0.02868003,-0.9498529,-0.04099489
1698907586060,0.02660581,-0.9497776,-0.0410755
1698907586073,0.02450058,-0.9496765,-0.04109366
1698907586087,0.02272487,-0.9495505,-0.04116757
1698907586101,0.02118972,-0.9493616,-0.04155549
1698907586117,0.01914072,-0.9492468,-0.04178094
1698907586131,0.0174753,-0.9491105,-0.04208568
1698907586143,0.01566256,-0.9490434,-0.0416133
1698907586158,0.0140804,-0.949013,-0.04090781
1698907586171,0.01272513,-0.9489513,-0.03987077
1698907586185,0.01161265,-0.9488888,-0.03878275
1698907586200,0.01066379,-0.9487736,-0.03744963
1698907586213,0.009739316,-0.9486666,-0.03617542
1698907586226,0.009043,-0.948611,-0.03479135
1698907586241,0.008665889,-0.9485179,-0.03362745
1698907586255,0.008630714,-0.9484289,-0.03228045
1698907586268,0.008942381,-0.948306,-0.03109802
1698907586282,0.009459542,-0.9481288,-0.03001014
1698907586296,0.01031421,-0.9478787,-0.02883026
1698907586308,0.01113559,-0.9476782,-0.02813102
1698907586322,0.0120819,-0.947324,-0.02804168
1698907586337,0.01281968,-0.9469529,-0.02791226
1698907586352,0.01316792,-0.9465843,-0.0276831
1698907586367,0.0135501,-0.9462361,-0.0275661
1698907586379,0.01381344,-0.9458922,-0.02743508
1698907586393,0.01384752,-0.9454346,-0.02733139
1698907586407,0.01397119,-0.9449925,-0.02700328
1698907586422,0.0142966,-0.9445012,-0.02686154
1698907586435,0.01451109,-0.9439743,-0.02687869
1698907586446,0.0145132,-0.9433869,-0.02710961
1698907586461,0.01449267,-0.9428471,-0.02728514
1698907586476,0.01461664,-0.9422557,-0.02780987
1698907586490,0.01453962,-0.9415939,-0.02863305
1698907586504,0.01430067,-0.9409255,-0.02956277
1698907586518,0.01448888,-0.9402525,-0.02986218
1698907586531,0.01519233,-0.9394819,-0.02967837
1698907586544,0.01674137,-0.9385763,-0.02909405
1698907586558,0.01744302,-0.937453,-0.03187774
1698907586573,0.01748396,-0.9362346,-0.03549494
1698907586588,0.01734578,-0.9353452,-0.03685531
1698907586602,0.0172891,-0.9346992,-0.03630729
1698907586615,0.01684791,-0.9340788,-0.03617239
1698907586628,0.01697341,-0.9334357,-0.03604534
1698907586642,0.01735297,-0.9326804,-0.03576052
1698907586656,0.01786217,-0.9320979,-0.03521957
1698907586670,0.01806095,-0.9315505,-0.03502601
1698907586686,0.01842364,-0.9311013,-0.03571746
1698907586698,0.01827159,-0.9305981,-0.03712357
1698907586712,0.01836552,-0.9301119,-0.03843065
1698907586727,0.01863855,-0.9296153,-0.03913781
1698907586740,0.01943881,-0.9290491,-0.03868384
1698907586754,0.02078144,-0.9285226,-0.03713635
1698907586768,0.02242366,-0.9278895,-0.03454838
1698907586783,0.02409405,-0.9271887,-0.03150163
1698907586796,0.02530192,-0.9264494,-0.0286174
1698907586811,0.02611493,-0.9257824,-0.02578958
1698907586824,0.02660063,-0.9251505,-0.02348906
1698907586837,0.02695539,-0.9245697,-0.02233856
1698907586851,0.02702108,-0.9239457,-0.02264962
1698907586866,0.02742861,-0.9233659,-0.02342669
1698907586879,0.02772045,-0.9228494,-0.0244328
1698907586893,0.02812315,-0.9224653,-0.02484361
1698907586907,0.02850263,-0.9222121,-0.0253331
1698907586921,0.02852664,-0.9220202,-0.02588894
1698907586936,0.02842557,-0.9218028,-0.02636214
1698907586948,0.02844483,-0.9216292,-0.02651731
1698907586962,0.02848639,-0.9214122,-0.02659437
1698907586975,0.0284164,-0.9212292,-0.02629615
1698907586989,0.02812187,-0.9211794,-0.02557704
1698907587003,0.02808185,-0.9211597,-0.02467901
1698907587018,0.02813894,-0.9212695,-0.02398759
1698907587033,0.02801489,-0.921389,-0.02307084
1698907587046,0.02787599,-0.9216284,-0.02232945
1698907587061,0.0275549,-0.9219413,-0.02166763
1698907587073,0.02742824,-0.92235,-0.0213146
1698907587088,0.02717774,-0.9227465,-0.02098762
1698907587102,0.02710382,-0.9232246,-0.02091561
1698907587117,0.02704035,-0.923691,-0.02098443
1698907587131,0.02706381,-0.9242093,-0.02114602
1698907587143,0.02718091,-0.924603,-0.02136045
1698907587158,0.02748218,-0.9251198,-0.02164469
1698907587170,0.02791541,-0.9255452,-0.0214288
1698907587186,0.02852083,-0.9260182,-0.02102046
1698907587200,0.02902818,-0.9265503,-0.02081226
1698907587214,0.02952528,-0.9270147,-0.02063913
1698907587227,0.02985451,-0.9276366,-0.02075068
1698907587241,0.03022158,-0.9282039,-0.02102679
1698907587255,0.03047097,-0.9288349,-0.02182052
1698907587269,0.03075026,-0.9294184,-0.02265009
1698907587281,0.03097043,-0.9301426,-0.02333752
1698907587295,0.03119883,-0.9308067,-0.02412636
1698907587311,0.0314687,-0.9315078,-0.02491597
1698907587325,0.03174982,-0.9322292,-0.02582246
1698907587338,0.03204552,-0.9329338,-0.02680973
1698907587351,0.03243982,-0.9336125,-0.02791588
1698907587364,0.03279182,-0.9343532,-0.02881003
1698907587378,0.03274716,-0.9351106,-0.02967079
1698907587393,0.03291225,-0.935884,-0.03068485
1698907587406,0.03312678,-0.9367039,-0.03180467
1698907587421,0.03292784,-0.9375468,-0.03312242
1698907587434,0.03260086,-0.9384272,-0.03479853
1698907587449,0.03195963,-0.9394484,-0.03658873
1698907587463,0.03110227,-0.9405063,-0.03853677
1698907587475,0.02989168,-0.9416614,-0.04044361
1698907587491,0.0290885,-0.9428765,-0.04168006
1698907587505,0.02841529,-0.9440777,-0.04291893
1698907587519,0.02928623,-0.9453607,-0.04132575
1698907587532,0.02899893,-0.9464364,-0.04259552
1698907587546,0.02736285,-0.9476191,-0.04542116
1698907587560,0.02556397,-0.9489219,-0.04801903
1698907587572,0.02404088,-0.9501668,-0.05034541
1698907587587,0.02399065,-0.9511762,-0.0520441
1698907587601,0.02421595,-0.9520075,-0.05370658
1698907587615,0.02397056,-0.9529444,-0.05474317
1698907587629,0.02369238,-0.9539362,-0.05511342
1698907587645,0.02361567,-0.9550354,-0.05548679
1698907587659,0.02351761,-0.9561307,-0.05666002
1698907587672,0.02327507,-0.9570206,-0.05864488
1698907587685,0.022808,-0.9578096,-0.06102161
1698907587699,0.02179874,-0.9584889,-0.06305344
1698907587713,0.02043062,-0.959231,-0.06432323
1698907587726,0.01936466,-0.9599491,-0.06496329
1698907587741,0.01828966,-0.9605719,-0.06529277
1698907587755,0.01739023,-0.9610066,-0.06536831
1698907587769,0.01692896,-0.9613227,-0.06516264
1698907587782,0.01641149,-0.9616624,-0.0647382
1698907587796,0.01558313,-0.9619754,-0.0641534
1698907587810,0.01468622,-0.9623538,-0.06329705
1698907587825,0.01386145,-0.9627438,-0.06268012
1698907587838,0.01325462,-0.9631591,-0.06201644
1698907587852,0.01275514,-0.9635503,-0.06134696
1698907587867,0.01240649,-0.9640016,-0.06058907
1698907587879,0.01220641,-0.9644156,-0.05998018
1698907587893,0.01181767,-0.9648542,-0.05941206
1698907587906,0.0114968,-0.9653211,-0.05869112
1698907587921,0.01112564,-0.9657543,-0.05809429
1698907587936,0.01075718,-0.966195,-0.05756428
1698907587951,0.00986113,-0.9666939,-0.05672703
1698907587964,0.009345874,-0.9670818,-0.0559489
1698907587978,0.008599939,-0.9674111,-0.05517896
1698907587991,0.007767625,-0.9677547,-0.05398488
1698907588004,0.006952465,-0.9680429,-0.05264974
1698907588018,0.00609282,-0.9683262,-0.05119895
1698907588032,0.005278343,-0.9685965,-0.04979676
1698907588047,0.004312582,-0.96883,-0.04832964
1698907588061,0.003231633,-0.9690397,-0.04714527
1698907588074,0.002138514,-0.9692041,-0.04636289
1698907588087,0.001377832,-0.9693803,-0.04538918
1698907588101,0.000600256,-0.9695147,-0.04444213
1698907588117,5.507842e-06,-0.9696704,-0.04341713
1698907588130,-0.000373099,-0.969742,-0.04279678
1698907588143,-0.000733763,-0.9698189,-0.04195848
1698907588157,-0.001122182,-0.9698411,-0.04136144
1698907588170,-0.001226159,-0.9698235,-0.04079983
1698907588185,-0.001747858,-0.9698068,-0.04035382
1698907588199,-0.002106854,-0.9697073,-0.04007752
1698907588213,-0.00245721,-0.9695924,-0.03992505
1698907588226,-0.002754005,-0.9693642,-0.04004146
1698907588240,-0.003431339,-0.9691386,-0.04010939
1698907588254,-0.004111945,-0.9688989,-0.0404365
1698907588268,-0.004606191,-0.9686167,-0.04067408
1698907588281,-0.005127596,-0.9682453,-0.04128587
1698907588295,-0.00543191,-0.9678614,-0.04181408
1698907588309,-0.005656989,-0.967397,-0.04191133
1698907588323,-0.005945514,-0.9669245,-0.041844
1698907588336,-0.005969502,-0.9664174,-0.04204167
1698907588350,-0.005702413,-0.9659008,-0.04245947
1698907588365,-0.004608395,-0.9652872,-0.042895
1698907588380,-0.003542285,-0.9646692,-0.04314607
1698907588393,-0.002452223,-0.9640269,-0.04292936
1698907588407,-0.001251141,-0.9634431,-0.04242433
1698907588420,-2.115965e-05,-0.9628676,-0.04203739
1698907588434,0.001140334,-0.9621646,-0.04171573
1698907588448,0.002483498,-0.9615047,-0.0409527
1698907588462,0.003662296,-0.9607977,-0.0407321
1698907588477,0.004477093,-0.9600267,-0.04102002
1698907588491,0.005148426,-0.9592409,-0.04147817
1698907588505,0.005341956,-0.9583992,-0.04208248
1698907588518,0.00552959,-0.9575992,-0.04266562
1698907588532,0.005403595,-0.9568301,-0.04324151
1698907588547,0.005066395,-0.956071,-0.04349403
1698907588559,0.004945749,-0.9554087,-0.04374393
1698907588573,0.00467591,-0.9547947,-0.04401878
1698907588588,0.00444643,-0.9542576,-0.04391444
1698907588601,0.003886953,-0.9538159,-0.04389352
1698907588614,0.003432926,-0.9534894,-0.04414866
1698907588629,0.002694806,-0.9532698,-0.04446878
1698907588643,0.001908915,-0.9531699,-0.04486394
1698907588658,0.001409378,-0.9531613,-0.04471844
1698907588672,0.0011354,-0.9532041,-0.04465166
1698907588685,0.001163749,-0.953395,-0.04426052
1698907588700,0.001617502,-0.9535862,-0.04394528
1698907588716,0.002331056,-0.9538754,-0.04338342
1698907588726,0.003000312,-0.9541751,-0.04282337
1698907588740,0.004065508,-0.9545813,-0.04216098
1698907588754,0.004711866,-0.9549866,-0.04163775
1698907588768,0.00505173,-0.9554111,-0.04130017
1698907588783,0.005321899,-0.9558088,-0.04111891
1698907588797,0.005590603,-0.9562036,-0.0411168
1698907588811,0.005728541,-0.9565771,-0.04111436
1698907588824,0.005813465,-0.9569104,-0.04144862
1698907588838,0.005949067,-0.957211,-0.04155928
1698907588852,0.00599842,-0.9574723,-0.04197443
1698907588866,0.006375449,-0.9576548,-0.04227965
1698907588880,0.006656995,-0.9577827,-0.0423863
1698907588893,0.006749706,-0.9579035,-0.04268508
1698907588906,0.00681504,-0.9580082,-0.04317391
1698907588920,0.006797811,-0.9580542,-0.04357111
1698907588935,0.006589135,-0.9580815,-0.04423733
1698907588949,0.006559793,-0.9580363,-0.04504696
1698907588963,0.006323768,-0.9580174,-0.04564166
1698907588976,0.006122606,-0.9579712,-0.04632226
1698907588991,0.005917674,-0.9578272,-0.04680901
1698907589003,0.005735401,-0.9577428,-0.04724123
1698907589019,0.005604919,-0.9576217,-0.04769326
1698907589033,0.005394615,-0.9574921,-0.04800367
1698907589045,0.005350152,-0.9573581,-0.0483895
1698907589059,0.005203713,-0.9572208,-0.04849794
1698907589075,0.004980156,-0.9571092,-0.04854808
1698907589089,0.004739551,-0.9570022,-0.04843062
1698907589102,0.004683118,-0.9568802,-0.04870028
1698907589116,0.004815513,-0.9567476,-0.04888026
1698907589130,0.004641654,-0.9566442,-0.04913671
1698907589143,0.00448723,-0.9565573,-0.04931215
1698907589158,0.004330887,-0.9564759,-0.04944055
1698907589170,0.004281675,-0.9564088,-0.04964321
1698907589188,0.003987964,-0.9563537,-0.04979801
1698907589200,0.003755089,-0.9562933,-0.04967713
1698907589212,0.00355573,-0.9562373,-0.04958514
1698907589227,0.003439538,-0.9561466,-0.04966174
1698907589241,0.003344171,-0.9560713,-0.04961457
1698907589256,0.0031331,-0.9560791,-0.04967906
1698907589269,0.003196398,-0.9560012,-0.0496039
1698907589281,0.003028456,-0.95596,-0.04955936
1698907589296,0.002959652,-0.955908,-0.04939954
1698907589311,0.003004894,-0.955841,-0.04926193
1698907589324,0.002909062,-0.9557935,-0.04898666
1698907589338,0.002680799,-0.9557505,-0.04878363
1698907589351,0.002673378,-0.9556942,-0.04852645
1698907589364,0.002741367,-0.9556261,-0.04825851
1698907589378,0.002638865,-0.955559,-0.0478903
1698907589393,0.002625151,-0.9554263,-0.04778875
1698907589408,0.00252936,-0.9553794,-0.0477833
1698907589421,0.002430718,-0.9552191,-0.04781938
1698907589435,0.002300842,-0.9551405,-0.0479781
1698907589448,0.0022595,-0.9550181,-0.04804828
1698907589463,0.002075758,-0.9549172,-0.04797188
1698907589476,0.002069931,-0.9548342,-0.04811513
1698907589491,0.001871942,-0.9547291,-0.04797062
1698907589504,0.001829416,-0.9546257,-0.04802488
1698907589518,0.001742445,-0.9545068,-0.04795938
1698907589532,0.001638783,-0.9543962,-0.04792298
1698907589547,0.001474367,-0.9542739,-0.04790099
1698907589561,0.001212044,-0.9541897,-0.04782403
1698907589574,0.001226187,-0.9540935,-0.04792839
1698907589588,0.0009525474,-0.9539824,-0.04784949
1698907589601,0.0006623641,-0.9539042,-0.04783756
1698907589616,0.0006624833,-0.9538004,-0.0480656
1698907589630,0.0004233643,-0.9538013,-0.04803357
1698907589644,0.0003125686,-0.9536913,-0.04821785
1698907589657,0.0003636219,-0.9536773,-0.0482698
1698907589670,0.0002629459,-0.9536508,-0.04815336
1698907589684,0.000176983,-0.9536489,-0.04812403
1698907589699,-4.656613e-08,-0.9536732,-0.04816047
1698907589713,-9.26014e-05,-0.9536929,-0.04814871
1698907589727,-0.00021578,-0.9537277,-0.04819074
1698907589740,-0.0002987403,-0.9537672,-0.04823211
1698907589755,-0.0003578458,-0.9538416,-0.04829084
1698907589768,-0.0004501641,-0.9538922,-0.04850879
1698907589782,-0.0006165933,-0.9539564,-0.04852108
1698907589796,-0.0005135238,-0.953985,-0.04869179
1698907589809,-0.0003778208,-0.9540365,-0.04868833
1698907589823,-0.0002879146,-0.9540355,-0.04884299
1698907589837,-0.0001456756,-0.9540834,-0.04882011
1698907589852,9.869784e-05,-0.9540746,-0.04884591
1698907589867,2.707541e-05,-0.9541299,-0.04876428
1698907589881,0.0002173856,-0.954119,-0.04907133
1698907589894,0.0005123802,-0.9541437,-0.04934647
1698907589908,0.0007979851,-0.9541302,-0.04956069
1698907589922,0.001037888,-0.9541149,-0.04961098
1698907589934,0.00143485,-0.9541005,-0.04981204
1698907589949,0.001739783,-0.9541044,-0.04989586
1698907589963,0.002070801,-0.9540827,-0.05004207
1698907589976,0.002464008,-0.9540743,-0.05010698
1698907589991,0.002813136,-0.9539828,-0.04994778
1698907590005,0.003114806,-0.9539864,-0.05000925
1698907590017,0.003341477,-0.9539623,-0.04988039
1698907590030,0.003319561,-0.9538954,-0.0499691
1698907590046,0.003324581,-0.9538972,-0.0500376
1698907590060,0.003374048,-0.9538536,-0.05008304
1698907590073,0.00341961,-0.9538211,-0.05003165
1698907590088,0.00345023,-0.9538251,-0.04984066
1698907590102,0.003421055,-0.9538538,-0.04958684
1698907590115,0.003343938,-0.9539297,-0.04920376
1698907590129,0.003564095,-0.9539117,-0.04906068
1698907590142,0.003540682,-0.953962,-0.04887192
1698907590157,0.003527807,-0.954007,-0.04878833
1698907590170,0.003517056,-0.9540752,-0.04869137
1698907590184,0.003676422,-0.9541184,-0.04855119
1698907590198,0.003600091,-0.9541854,-0.04854897
1698907590213,0.003635563,-0.9541812,-0.04851277
1698907590226,0.003639642,-0.9541929,-0.04841852
1698907590241,0.003661605,-0.9542018,-0.04829139
1698907590255,0.003632354,-0.954174,-0.04820036
1698907590268,0.003628444,-0.9541622,-0.04809234
1698907590282,0.003546847,-0.9541317,-0.04801824
1698907590296,0.003384525,-0.9541066,-0.0478704
1698907590310,0.003344405,-0.9540926,-0.04774565
1698907590324,0.003340442,-0.954121,-0.04769477
1698907590337,0.003343923,-0.9541379,-0.0476315
1698907590352,0.003328187,-0.9541905,-0.04757335
1698907590365,0.003405439,-0.9542323,-0.04755063
1698907590380,0.003504185,-0.9542628,-0.04752187
1698907590393,0.003454182,-0.954302,-0.04739048
1698907590405,0.003379002,-0.9543598,-0.04734923
1698907590419,0.003393343,-0.9543961,-0.04726967
1698907590434,0.003390076,-0.9544274,-0.04718076
1698907590449,0.003602184,-0.9544271,-0.04713146
1698907590462,0.003801016,-0.9544439,-0.04690387
1698907590476,0.003887303,-0.9544104,-0.04661166
1698907590490,0.003869845,-0.9544183,-0.04638857
1698907590504,0.003932044,-0.9544206,-0.04615369
1698907590519,0.004080823,-0.9543588,-0.04602157
1698907590532,0.0040772,-0.9543605,-0.04601415
1698907590545,0.004256409,-0.9543036,-0.04607472
1698907590561,0.004253315,-0.9542907,-0.04593625
1698907590574,0.004289208,-0.9542603,-0.04587979
1698907590588,0.004378716,-0.9542613,-0.04578649
1698907590601,0.004487732,-0.9542441,-0.04574528
1698907590616,0.004730841,-0.9542469,-0.04575799
1698907590630,0.004643792,-0.9542497,-0.04552828
1698907590642,0.004784677,-0.9542607,-0.04535726
1698907590657,0.004751343,-0.9542857,-0.0452724
1698907590670,0.004733289,-0.9543037,-0.0451735
1698907590685,0.004861902,-0.9543325,-0.04519933
1698907590699,0.004990023,-0.9543226,-0.04528306
1698907590711,0.005051121,-0.9543336,-0.04527169
1698907590727,0.005044568,-0.9543482,-0.04527787
1698907590741,0.005017925,-0.9543732,-0.04519575
1698907590755,0.004926551,-0.9544046,-0.04513898
1698907590768,0.004855301,-0.954408,-0.04516399
1698907590782,0.004918741,-0.9543951,-0.04523034
1698907590795,0.004855229,-0.9543947,-0.04529248
1698907590809,0.004770748,-0.9543797,-0.04537015
1698907590823,0.004763626,-0.9543692,-0.045476
1698907590837,0.004776508,-0.9543561,-0.04553412
1698907590850,0.00484431,-0.9543287,-0.04554474
1698907590865,0.004957899,-0.9543156,-0.04543217
1698907590879,0.005001649,-0.954299,-0.04534034
1698907590893,0.005001219,-0.9542595,-0.04529291
1698907590907,0.005050048,-0.9542297,-0.045306
1698907590921,0.004973849,-0.9542162,-0.04536372
1698907590935,0.00494297,-0.9541985,-0.04549693
1698907590947,0.004898954,-0.95417,-0.04557375
1698907590961,0.004908705,-0.9541301,-0.04559211
1698907590976,0.004929654,-0.9541082,-0.04553724
1698907590991,0.004878689,-0.9540933,-0.04553765
1698907591004,0.004760973,-0.9540694,-0.04557125
1698907591018,0.004673574,-0.9540358,-0.04574097
1698907591032,0.004551556,-0.954008,-0.04586055
1698907591045,0.004491946,-0.9539673,-0.045833
1698907591058,0.004458468,-0.9539311,-0.04562569
1698907591073,0.00425813,-0.9538663,-0.0457454
1698907591087,0.004205707,-0.9538441,-0.0457739
1698907591102,0.004181536,-0.9538157,-0.04580088
1698907591118,0.004049828,-0.953795,-0.04571375
1698907591130,0.003957434,-0.953717,-0.04563904
1698907591142,0.003975712,-0.9536717,-0.04561882
1698907591156,0.003771422,-0.9536244,-0.0455922
1698907591170,0.003699185,-0.9536014,-0.04551549
1698907591185,0.003423287,-0.9535444,-0.04555489
1698907591198,0.003443042,-0.9535097,-0.04556643
1698907591213,0.003397236,-0.9534522,-0.04557185
1698907591227,0.00337082,-0.9534132,-0.04559337
1698907591241,0.003180681,-0.9534039,-0.04566155
1698907591254,0.003058329,-0.9533707,-0.04577837
1698907591268,0.003036518,-0.9533263,-0.04576105
1698907591281,0.002851475,-0.9532893,-0.04585586
1698907591296,0.003028445,-0.9532558,-0.04589419
1698907591310,0.00317362,-0.9532301,-0.04581417
1698907591324,0.003275249,-0.9531788,-0.04562774
1698907591337,0.003237406,-0.9531782,-0.04535865
1698907591351,0.00317554,-0.9531426,-0.04549415
1698907591365,0.003100041,-0.9530801,-0.04541409
1698907591377,0.002968166,-0.9530442,-0.04547551
1698907591393,0.003013661,-0.9530216,-0.04556657
1698907591406,0.003032792,-0.9529984,-0.04541849
1698907591420,0.003019074,-0.952968,-0.04535618
1698907591435,0.003076322,-0.952966,-0.04537408
1698907591448,0.003178269,-0.9529542,-0.04546927
1698907591462,0.003251128,-0.9529565,-0.04560983
1698907591476,0.003319256,-0.9529632,-0.04577775
1698907591490,0.003308786,-0.9529592,-0.04583735
1698907591503,0.003317688,-0.9529569,-0.04582346
1698907591518,0.003325043,-0.9529511,-0.04592041
1698907591531,0.003408534,-0.9529212,-0.04596603
1698907591545,0.003541196,-0.9528817,-0.04622553
1698907591560,0.003489826,-0.9528117,-0.04637772
1698907591573,0.003150284,-0.9528309,-0.04655471
1698907591588,0.003158942,-0.952826,-0.04647098
1698907591602,0.003137495,-0.9527809,-0.04651593
1698907591615,0.003058376,-0.9527275,-0.04667205
1698907591629,0.003064711,-0.9527066,-0.04685674
1698907591643,0.003059566,-0.9526721,-0.04694718
1698907591657,0.002989087,-0.9526359,-0.04701413
1698907591670,0.003046311,-0.9525886,-0.04703338
1698907591684,0.003069008,-0.9525472,-0.04692972
1698907591698,0.003043694,-0.9524862,-0.04673874
1698907591713,0.00309884,-0.9524125,-0.04652333
1698907591727,0.003062045,-0.9524114,-0.04635382
1698907591740,0.003209749,-0.9523939,-0.04622962
1698907591756,0.003442818,-0.9523485,-0.04641048
1698907591768,0.003621493,-0.9523245,-0.04655713
1698907591781,0.003901012,-0.9523417,-0.04668948
1698907591795,0.00389329,-0.9523485,-0.0467166
1698907591808,0.003912274,-0.9523909,-0.04658214
1698907591824,0.004130993,-0.9524516,-0.0463017
1698907591837,0.004353816,-0.9525428,-0.04615474
1698907591851,0.004482033,-0.952603,-0.04620678
1698907591866,0.004708488,-0.9526343,-0.04640647
1698907591878,0.004978696,-0.9527045,-0.04648457
1698907591892,0.005196957,-0.9527605,-0.04650588
1698907591906,0.005411455,-0.9527693,-0.04641515
1698907591921,0.005411698,-0.9527617,-0.04623103
1698907591935,0.005418258,-0.9527435,-0.0458793
1698907591949,0.005590916,-0.952722,-0.04558856
1698907591963,0.006020747,-0.9526331,-0.04531381
1698907591975,0.006058741,-0.9525383,-0.04493795
1698907591989,0.006119009,-0.9523603,-0.04458439
1698907592004,0.006532725,-0.9521508,-0.04392819
1698907592017,0.006808009,-0.9518891,-0.04332112
1698907592031,0.007134972,-0.9515779,-0.04254822
1698907592046,0.007235667,-0.9512271,-0.04195498
1698907592061,0.007714774,-0.9507859,-0.04125782
1698907592074,0.008506582,-0.9502891,-0.04057262
1698907592088,0.00914217,-0.9498158,-0.03941213
1698907592100,0.009593363,-0.9492607,-0.03823933
1698907592114,0.009733581,-0.9487076,-0.03684361
1698907592130,0.009926422,-0.9481279,-0.03534196
1698907592142,0.01051373,-0.9475017,-0.03366305
1698907592158,0.01171104,-0.9467636,-0.03202242
1698907592171,0.01304603,-0.945935,-0.03049645
1698907592184,0.01446788,-0.945086,-0.02915511
1698907592199,0.01562686,-0.9442399,-0.02760641
1698907592212,0.01681323,-0.9434373,-0.02593081
1698907592226,0.01802325,-0.9426544,-0.02452876
1698907592240,0.01939591,-0.9417859,-0.02307607
1698907592254,0.0209642,-0.9409646,-0.02213786
1698907592268,0.02260631,-0.9400731,-0.02135356
1698907592282,0.02418207,-0.9392871,-0.02015015
1698907592296,0.02571255,-0.9385489,-0.01933037
1698907592308,0.02706436,-0.9378637,-0.01850828
1698907592322,0.02796272,-0.9372865,-0.0180899
1698907592336,0.02881125,-0.9367861,-0.01775123
1698907592352,0.02973683,-0.9363284,-0.0173121
1698907592366,0.03067451,-0.9359336,-0.01676338
1698907592379,0.03173805,-0.9356048,-0.01605981
1698907592392,0.03268624,-0.935353,-0.01543375
1698907592406,0.03325323,-0.9351057,-0.01502721
1698907592420,0.03358226,-0.9349893,-0.01477224
1698907592433,0.03395298,-0.9349853,-0.01459291
1698907592448,0.03471608,-0.9350054,-0.01438414
1698907592463,0.03536408,-0.9351511,-0.01434826
1698907592475,0.03576224,-0.9353091,-0.01430827
1698907592489,0.03617013,-0.9355622,-0.01449089
1698907592502,0.03650832,-0.9358718,-0.01473214
1698907592518,0.03696834,-0.9362377,-0.01484261
1698907592532,0.03729488,-0.9366062,-0.01499237
1698907592544,0.03748771,-0.9370432,-0.01538218
1698907592559,0.03762259,-0.9374589,-0.01582253
1698907592571,0.03773837,-0.9378909,-0.01626179
1698907592586,0.03761805,-0.938412,-0.01659923
1698907592599,0.03750071,-0.938795,-0.01693297
1698907592613,0.03723097,-0.9392501,-0.01737815
1698907592627,0.03698235,-0.9397475,-0.01782412
1698907592641,0.03651101,-0.9401401,-0.01855664
1698907592655,0.03645995,-0.9404956,-0.01907963
1698907592669,0.03622689,-0.9408516,-0.01938929
1698907592684,0.03616114,-0.9411716,-0.01968808
1698907592697,0.03579928,-0.9414594,-0.01984585
1698907592711,0.03560147,-0.9417032,-0.02013328
1698907592728,0.03566399,-0.9419118,-0.02057736
1698907592738,0.03559886,-0.942094,-0.02070067
1698907592752,0.03558278,-0.9423724,-0.02099974
1698907592766,0.03558745,-0.9425977,-0.02132029
1698907592781,0.03542396,-0.9428442,-0.02159841
1698907592794,0.03541201,-0.9430649,-0.02196239
1698907592808,0.03524051,-0.9433179,-0.02207072
1698907592823,0.03516895,-0.943555,-0.02198193
1698907592835,0.0349384,-0.9437978,-0.02199139
1698907592850,0.03490344,-0.9439781,-0.02182638
1698907592864,0.03448426,-0.9442294,-0.02175731
1698907592879,0.03394508,-0.9443559,-0.02167436
1698907592893,0.03341334,-0.944595,-0.02182532
1698907592905,0.03279964,-0.9447703,-0.02198734
1698907592918,0.03237298,-0.9449406,-0.02213833
1698907592933,0.03216062,-0.9451328,-0.02253827
1698907592947,0.03229437,-0.9452838,-0.02251996
1698907592961,0.03213199,-0.9453964,-0.02252655
1698907592975,0.03188485,-0.9455739,-0.02248264
1698907592991,0.03145266,-0.9457214,-0.02265193
1698907593003,0.03102234,-0.9459062,-0.02289864
1698907593017,0.03058674,-0.945986,-0.02312561
1698907593030,0.0303273,-0.9460828,-0.02325165
1698907593046,0.03012062,-0.9461712,-0.0231817
1698907593058,0.03001595,-0.9462503,-0.02306945
1698907593072,0.02968764,-0.9463287,-0.02299334
1698907593085,0.02947671,-0.9463667,-0.02288982
1698907593100,0.02929991,-0.9463762,-0.0228931
1698907593115,0.0292285,-0.9464778,-0.02297447
1698907593128,0.02893092,-0.9465128,-0.02307612
1698907593141,0.02880051,-0.9465593,-0.0230194
1698907593156,0.0285861,-0.9466403,-0.02309177
1698907593169,0.02868297,-0.9466956,-0.02330429
1698907593185,0.02857967,-0.9467146,-0.02315595
1698907593199,0.02849755,-0.9467586,-0.0231269
1698907593215,0.0284757,-0.9467753,-0.0230895
1698907593227,0.02851234,-0.9468183,-0.0229908
1698907593240,0.0284725,-0.9468302,-0.02280395
1698907593255,0.02839124,-0.9468653,-0.02281743
1698907593269,0.02828653,-0.9468756,-0.02275034
1698907593281,0.0282351,-0.9469149,-0.02277119
1698907593295,0.02820272,-0.9469528,-0.0228143
1698907593311,0.02818647,-0.9469783,-0.02275382
1698907593323,0.0282112,-0.9470134,-0.02263377
1698907593337,0.02818974,-0.9470544,-0.02254261
1698907593351,0.0281661,-0.9470695,-0.02237876
1698907593367,0.02807179,-0.9471018,-0.02213743
1698907593380,0.02787019,-0.9471623,-0.02205397
1698907593393,0.02773092,-0.9472126,-0.02181054
1698907593406,0.02749708,-0.9472768,-0.02186642
1698907593421,0.0274646,-0.9473653,-0.02186363
1698907593435,0.02733757,-0.9473813,-0.02177518
1698907593449,0.02723346,-0.9474671,-0.02151022
1698907593463,0.02716805,-0.9474578,-0.02129835
1698907593476,0.0272799,-0.947438,-0.02107219
1698907593490,0.02721402,-0.9474192,-0.02065424
1698907593504,0.02724369,-0.9473711,-0.02045148
1698907593519,0.02718972,-0.9473073,-0.02031755
1698907593533,0.0272277,-0.9472265,-0.02021467
1698907593546,0.02729156,-0.9471259,-0.02011255
1698907593559,0.02737811,-0.9470273,-0.0198348
1698907593573,0.0274364,-0.946934,-0.01973075
1698907593587,0.02765605,-0.946734,-0.01964557
1698907593601,0.02780936,-0.9465819,-0.01973946
1698907593615,0.02793559,-0.9464746,-0.0198655
1698907593629,0.02799341,-0.9463083,-0.01984095
1698907593643,0.02801815,-0.946208,-0.0198081
1698907593657,0.02797604,-0.9460729,-0.01991924
1698907593671,0.02819805,-0.9459404,-0.02017847
1698907593686,0.02826176,-0.9458314,-0.02030603
1698907593700,0.02838934,-0.9457182,-0.02042275
1698907593712,0.02871555,-0.9456682,-0.02024975
1698907593727,0.02878141,-0.9456189,-0.02013176
1698907593740,0.02878581,-0.9455857,-0.01992383
1698907593755,0.0286654,-0.9455793,-0.01967259
1698907593769,0.02877206,-0.9455405,-0.01939132
1698907593783,0.02891473,-0.9454786,-0.01900104
1698907593796,0.0289474,-0.9454517,-0.01862773
1698907593810,0.02904548,-0.9454286,-0.01829917
1698907593824,0.02905946,-0.9453644,-0.01797651
1698907593838,0.02901422,-0.9453679,-0.0176682
1698907593851,0.02903636,-0.9453291,-0.01722814
1698907593865,0.02917707,-0.9453079,-0.01682329
1698907593879,0.02919257,-0.9453245,-0.01637745
1698907593894,0.02925027,-0.9453332,-0.01610702
1698907593906,0.02928118,-0.9453722,-0.01602964
1698907593921,0.02926124,-0.9454132,-0.01588267
1698907593935,0.02937183,-0.9454174,-0.0158665
1698907593949,0.02934418,-0.9454474,-0.01572878
1698907593962,0.02924131,-0.9455138,-0.01560443
1698907593975,0.02909528,-0.9455738,-0.01568643
1698907593989,0.02926411,-0.9455914,-0.01561873
1698907594004,0.02922811,-0.9456432,-0.01566692
1698907594017,0.02918261,-0.9456664,-0.0158119
1698907594030,0.02926332,-0.9456987,-0.01597102
1698907594045,0.02931511,-0.9457464,-0.01622134
1698907594059,0.02924786,-0.9457383,-0.01620978
1698907594074,0.02925797,-0.9457475,-0.01622797
1698907594089,0.02924442,-0.9457589,-0.01612128
1698907594100,0.02922656,-0.9457526,-0.0160356
1698907594114,0.02919237,-0.9457481,-0.01600901
1698907594129,0.02912297,-0.9457396,-0.01590738
1698907594142,0.02904258,-0.9457458,-0.01583587
1698907594157,0.02899696,-0.9457535,-0.01571395
1698907594170,0.02895032,-0.9457984,-0.01571185
1698907594183,0.02891132,-0.9458585,-0.01566157
1698907594198,0.02888578,-0.9459377,-0.01570689
1698907594212,0.02877804,-0.9460183,-0.01534236
1698907594225,0.02890124,-0.9460802,-0.01536722
1698907594240,0.02881895,-0.9461412,-0.01521706
1698907594255,0.02870767,-0.9461983,-0.01506027
1698907594268,0.02861195,-0.9462965,-0.01508397
1698907594281,0.02839488,-0.9463578,-0.01500829
1698907594295,0.02834868,-0.9464144,-0.01506532
1698907594309,0.02825367,-0.946496,-0.01494769
1698907594323,0.02810358,-0.946539,-0.01502806
1698907594338,0.0280637,-0.9466237,-0.01505837
1698907594352,0.02797559,-0.9467138,-0.01509099
1698907594366,0.02793351,-0.9467548,-0.0151575
1698907594380,0.02785582,-0.946815,-0.01514263
1698907594393,0.02787332,-0.9468898,-0.01512755
1698907594406,0.02782355,-0.9469529,-0.01517315
1698907594420,0.0276932,-0.9469855,-0.01527249
1698907594434,0.02749661,-0.9470564,-0.01525829
1698907594448,0.02753033,-0.9470985,-0.01517753
1698907594463,0.0275436,-0.9471748,-0.01496028
1698907594475,0.02783531,-0.9472002,-0.01475701
1698907594490,0.02797714,-0.9472297,-0.01447807
1698907594503,0.027985,-0.9472956,-0.01412372
1698907594517,0.02815583,-0.9473324,-0.01405905
1698907594529,0.02803812,-0.9473489,-0.01391958
1698907594545,0.02807761,-0.9473665,-0.01376552
1698907594558,0.0280071,-0.947438,-0.01353954
1698907594572,0.02813978,-0.9474227,-0.01339654
1698907594587,0.02830872,-0.947468,-0.01322644
1698907594602,0.02845955,-0.9475352,-0.01298703
1698907594614,0.02830056,-0.9476256,-0.01289527
1698907594628,0.02830999,-0.9477321,-0.01262998
1698907594641,0.02844625,-0.9478195,-0.01242194
1698907594656,0.02850714,-0.9479411,-0.01215376
1698907594669,0.02849679,-0.9481496,-0.01182624
1698907594684,0.02850937,-0.9482799,-0.01147971
1698907594698,0.02859233,-0.948476,-0.01123419
1698907594712,0.02880597,-0.9486233,-0.01095011
1698907594726,0.0287797,-0.9488122,-0.01080068
1698907594738,0.02874329,-0.9490182,-0.0106503
1698907594752,0.02871419,-0.9492177,-0.01055315
1698907594766,0.02856853,-0.9493975,-0.01052346
1698907594781,0.02836997,-0.9495635,-0.01047095
1698907594794,0.0282882,-0.949692,-0.01039325
1698907594809,0.02807686,-0.949813,-0.0102798
1698907594823,0.02810787,-0.9498478,-0.01016009
1698907594836,0.02794042,-0.9499662,-0.009956994
1698907594849,0.02765518,-0.9500071,-0.009746982
1698907594863,0.02773462,-0.950033,-0.00957488
1698907594880,0.02777226,-0.9500464,-0.009271218
1698907594893,0.02743571,-0.95006,-0.008976785
1698907594905,0.02743041,-0.9500339,-0.008836673
1698907594920,0.02755238,-0.9499971,-0.008642956
1698907594933,0.02732905,-0.9499776,-0.008476707
1698907594947,0.02740288,-0.9499154,-0.008385098
1698907594961,0.02735468,-0.9498388,-0.008259514
1698907594976,0.02731349,-0.9497783,-0.008264123
1698907594990,0.02727601,-0.9496822,-0.008241184
1698907595003,0.02734374,-0.9496588,-0.00821072
1698907595017,0.02711335,-0.9496292,-0.00833793
1698907595031,0.02713512,-0.9496058,-0.008435864
1698907595045,0.02710338,-0.949569,-0.008584419
1698907595060,0.02708962,-0.9494942,-0.008642759
1698907595073,0.0270478,-0.9494894,-0.008650482
1698907595088,0.0269477,-0.949466,-0.008724404
1698907595101,0.02690551,-0.9494918,-0.00878258
1698907595117,0.02683378,-0.9494832,-0.008894514
1698907595130,0.02675488,-0.9494982,-0.009029463
1698907595144,0.02675776,-0.9495152,-0.009029945
1698907595158,0.02667126,-0.9495413,-0.00896979
1698907595172,0.02674206,-0.9495825,-0.008845536
1698907595185,0.02684093,-0.9495772,-0.008793514
1698907595199,0.02672181,-0.9495988,-0.008719252
1698907595215,0.02654725,-0.9496254,-0.008615201
1698907595227,0.0265739,-0.94964,-0.008629559
1698907595241,0.02659792,-0.9496374,-0.008648997
1698907595256,0.0268155,-0.9496031,-0.008632714
1698907595269,0.02708552,-0.9495536,-0.008462842
1698907595281,0.02729199,-0.9495195,-0.008311938
1698907595296,0.02730053,-0.9494697,-0.008070193
1698907595312,0.0274084,-0.9494017,-0.007873466
1698907595325,0.0275472,-0.9493353,-0.007844538
1698907595338,0.02782873,-0.9492608,-0.007728433
1698907595353,0.02800456,-0.9491444,-0.007632403
1698907595366,0.02811361,-0.9490927,-0.007618277
1698907595379,0.02804398,-0.9490042,-0.007847767
1698907595393,0.02783725,-0.9489933,-0.008113141
1698907595407,0.02789561,-0.9489543,-0.008310499
1698907595421,0.0278453,-0.9490039,-0.008384384
1698907595435,0.02782548,-0.9489629,-0.008418458
1698907595450,0.02785699,-0.9489989,-0.008275604
1698907595463,0.02782565,-0.9490306,-0.008154475
1698907595478,0.02806015,-0.9490392,-0.008108947
1698907595491,0.02821921,-0.9490365,-0.008223424
1698907595505,0.02821796,-0.9490406,-0.008443635
1698907595519,0.02820117,-0.9490364,-0.008546865
1698907595532,0.02812464,-0.9489966,-0.008583781
1698907595547,0.02807941,-0.9489438,-0.008663531
1698907595560,0.02805157,-0.9488646,-0.008623512
1698907595574,0.02826137,-0.9487312,-0.008645203
1698907595589,0.02827396,-0.9486375,-0.008534582
1698907595602,0.02824599,-0.9485741,-0.008462893
1698907595615,0.02811864,-0.9485041,-0.008423371
1698907595629,0.02830129,-0.9484431,-0.008216243
1698907595644,0.02828132,-0.9483998,-0.008155935
1698907595657,0.02832751,-0.9483469,-0.008101493
1698907595671,0.02832021,-0.9483014,-0.008055413
1698907595685,0.02850805,-0.9483026,-0.008005667
1698907595699,0.02845693,-0.9482998,-0.008030321
1698907595714,0.02843022,-0.9482999,-0.008104001
1698907595729,0.02846016,-0.9482958,-0.008014506
1698907595742,0.02837954,-0.9483076,-0.007998211
1698907595756,0.02830656,-0.9483274,-0.007960459
1698907595769,0.02816582,-0.94835,-0.007940492
1698907595783,0.02813739,-0.9483349,-0.007903777
1698907595795,0.02803054,-0.9483312,-0.007921165
1698907595810,0.02807058,-0.9483247,-0.00802904
1698907595824,0.02798629,-0.9483262,-0.008083804
1698907595838,0.02794907,-0.9483167,-0.00812926
1698907595853,0.02792596,-0.9482841,-0.008157189
1698907595867,0.02796426,-0.9482538,-0.008216159
1698907595880,0.02791098,-0.94823,-0.008216887
1698907595892,0.02786752,-0.9482192,-0.008333191
1698907595906,0.02782996,-0.9481978,-0.008325353
1698907595921,0.02783417,-0.9481727,-0.008392377
1698907595935,0.02790687,-0.9481847,-0.008358462
1698907595949,0.02813455,-0.948155,-0.008317536
1698907595961,0.02830866,-0.9481634,-0.008163079
1698907595976,0.02823201,-0.9481673,-0.007999543
1698907595991,0.02823155,-0.9482028,-0.007865952
1698907596003,0.0283541,-0.9482204,-0.007804097
1698907596019,0.02845437,-0.9482435,-0.007823588
1698907596031,0.02862492,-0.9482814,-0.007907929
1698907596045,0.02892063,-0.9482989,-0.007681144
1698907596059,0.02874721,-0.9483737,-0.007544644
1698907596073,0.02859447,-0.9484441,-0.007345972
1698907596087,0.02867774,-0.9485319,-0.007434094
1698907596101,0.02860465,-0.9485694,-0.007549986
1698907596116,0.02855051,-0.9486318,-0.007491363
1698907596130,0.028509,-0.9486886,-0.007649708
1698907596142,0.0284373,-0.9487897,-0.007675435
1698907596157,0.02855515,-0.9488823,-0.007713601
1698907596170,0.02847206,-0.9489875,-0.007796891
1698907596185,0.02849174,-0.9490417,-0.007589756
1698907596198,0.02845233,-0.9491081,-0.007473387
1698907596212,0.0287555,-0.949154,-0.007254332
1698907596227,0.02861854,-0.9491937,-0.007104912
1698907596240,0.02892367,-0.9491799,-0.006925245
1698907596254,0.02956018,-0.9491181,-0.006882681
1698907596268,0.02969096,-0.9490492,-0.006700669
1698907596281,0.0296958,-0.9489626,-0.006636895
1698907596296,0.02976945,-0.9489492,-0.006763231
1698907596309,0.02977737,-0.9489249,-0.006977191
1698907596321,0.02972234,-0.9489383,-0.007232646
1698907596338,0.02969581,-0.9489964,-0.00765444
1698907596352,0.02969627,-0.9490275,-0.007716698
1698907596366,0.02965334,-0.9491211,-0.007773775
1698907596378,0.0297664,-0.9492087,-0.007826488
1698907596392,0.02986012,-0.9492708,-0.007828142
1698907596405,0.02990878,-0.949353,-0.007798105
1698907596420,0.03000491,-0.9494326,-0.007644048
1698907596434,0.03016773,-0.9494693,-0.007682146
1698907596449,0.03036836,-0.9494401,-0.007557224
1698907596463,0.03048121,-0.9494233,-0.007353283
1698907596476,0.03070564,-0.9493452,-0.007087153
1698907596491,0.03077088,-0.9492826,-0.006953401
1698907596504,0.03069056,-0.9492354,-0.006975965
1698907596518,0.03074457,-0.949172,-0.006869528
1698907596532,0.03075619,-0.9490489,-0.006968518
1698907596547,0.03081435,-0.9489989,-0.006945178
1698907596561,0.03089579,-0.9489489,-0.006995573
1698907596574,0.03102268,-0.948904,-0.006945102
1698907596588,0.03090771,-0.948917,-0.006948661
1698907596602,0.03086554,-0.9489381,-0.006953466
1698907596616,0.03085794,-0.9489821,-0.006873522
1698907596630,0.03082197,-0.9490329,-0.006857333
1698907596644,0.0307885,-0.9490879,-0.006828712
1698907596659,0.03072906,-0.9491851,-0.006798677
1698907596672,0.03062708,-0.9492555,-0.006923406
1698907596686,0.03061096,-0.9493072,-0.006785854
1698907596700,0.0305456,-0.9493456,-0.006691992
1698907596714,0.03040317,-0.9494045,-0.006702172
1698907596728,0.03023367,-0.949478,-0.006565391
1698907596742,0.03032539,-0.949468,-0.006579535
1698907596756,0.03032491,-0.9495195,-0.006444459
1698907596770,0.03039003,-0.9495392,-0.006347031
1698907596784,0.03054827,-0.9495671,-0.006303838
1698907596798,0.03052253,-0.9496025,-0.006201872
1698907596812,0.03043146,-0.9496441,-0.00611409
1698907596825,0.03028843,-0.9497049,-0.006041656
1698907596839,0.03025404,-0.9497107,-0.006020217
1698907596853,0.03020117,-0.9497681,-0.00596734
1698907596867,0.03015289,-0.9498014,-0.005938819
1698907596881,0.03011131,-0.9498824,-0.006024744
1698907596894,0.03003086,-0.9499559,-0.005991259
1698907596908,0.02994159,-0.9500114,-0.006081372
1698907596922,0.02987743,-0.9500912,-0.006197657
1698907596936,0.03001406,-0.9501395,-0.006230294
1698907596951,0.02998506,-0.9501993,-0.006279029
1698907596965,0.02979291,-0.9502313,-0.006265991
1698907596979,0.02969286,-0.9502633,-0.006242038
1698907596992,0.02980581,-0.9502918,-0.006289308
1698907597006,0.02978985,-0.9503015,-0.006359372
1698907597020,0.02975831,-0.9502805,-0.006379191
1698907597033,0.02967447,-0.9502669,-0.006281858
1698907597048,0.0296084,-0.9502524,-0.006306749
1698907597062,0.02967447,-0.9502252,-0.006290764
1698907597075,0.02968612,-0.9501973,-0.006386548
1698907597089,0.02963816,-0.9501897,-0.006429574
1698907597102,0.02979415,-0.9501714,-0.006451912
1698907597117,0.02987383,-0.9501462,-0.006380947
1698907597131,0.02995434,-0.9501424,-0.00635444
1698907597145,0.03003669,-0.9501207,-0.006361069
1698907597159,0.03008658,-0.9501129,-0.006260739
1698907597173,0.03016509,-0.9501095,-0.006106095
1698907597187,0.03037771,-0.9500874,-0.005815016
1698907597201,0.03060198,-0.9500413,-0.005455376
1698907597216,0.03077762,-0.9500223,-0.005250034
1698907597229,0.03086704,-0.9499384,-0.00521927
1698907597243,0.0308512,-0.9499164,-0.005370463
1698907597257,0.03074997,-0.9499351,-0.005382881
1698907597270,0.03054581,-0.9499763,-0.005589357
1698907597284,0.03030124,-0.9500936,-0.005679839
1698907597298,0.03044405,-0.9501589,-0.005477212
1698907597312,0.03051172,-0.9502221,-0.005257035
1698907597326,0.03070013,-0.9502623,-0.004776767
1698907597340,0.03083657,-0.9503161,-0.004550293
1698907597354,0.03082697,-0.950304,-0.004338098
1698907597368,0.03080552,-0.9503225,-0.004632481
1698907597382,0.03080731,-0.950335,-0.004615646
1698907597396,0.03064798,-0.9503317,-0.004726976
1698907597409,0.03060761,-0.9502876,-0.004813422
1698907597422,0.03066355,-0.9502328,-0.004785758
1698907597436,0.03078024,-0.950153,-0.004662992
1698907597450,0.03050571,-0.9501584,-0.004665252
1698907597464,0.03049377,-0.9501297,-0.0047714
1698907597478,0.03045594,-0.9501157,-0.004901522
1698907597492,0.0305508,-0.9500834,-0.00518554
1698907597506,0.03073909,-0.9500915,-0.005276599
1698907597520,0.03076828,-0.9501228,-0.005456435
1698907597534,0.03067367,-0.9501339,-0.005502075
1698907597550,0.03062342,-0.9501737,-0.005519947
1698907597562,0.03055362,-0.9501963,-0.005449676
1698907597576,0.03054699,-0.9502113,-0.005298157
1698907597590,0.03051277,-0.9502334,-0.005207296
1698907597604,0.03047486,-0.9502537,-0.005165079
1698907597618,0.03042155,-0.9502858,-0.005251355
1698907597632,0.03031717,-0.9502977,-0.005390682
1698907597645,0.03004598,-0.9503572,-0.005632297
1698907597659,0.0298816,-0.9504253,-0.005739642
1698907597673,0.02988686,-0.9504902,-0.005512004
1698907597687,0.02980114,-0.9505077,-0.005344238
1698907597701,0.02987978,-0.9505427,-0.00493953
1698907597715,0.02984921,-0.9505481,-0.004723824
1698907597729,0.0300771,-0.9505004,-0.004856193
1698907597743,0.02996209,-0.9505382,-0.004711672
1698907597756,0.02993609,-0.9505336,-0.004807699
1698907597770,0.02991946,-0.9505374,-0.004772118
1698907597784,0.02995869,-0.9505225,-0.004665159
1698907597798,0.03014254,-0.9504789,-0.004376149
1698907597812,0.03040545,-0.9504181,-0.004139743
1698907597825,0.03049259,-0.9504184,-0.004023611
1698907597838,0.03043137,-0.9504064,-0.003996405
1698907597853,0.03048005,-0.9503984,-0.004085765
1698907597867,0.03043251,-0.9504036,-0.004217467
1698907597881,0.03037228,-0.9503972,-0.00435166
1698907597894,0.03024382,-0.9504123,-0.004360699
1698907597908,0.03015907,-0.9504193,-0.004380589
1698907597922,0.03007833,-0.9504109,-0.004462242
1698907597936,0.02994085,-0.9504133,-0.004643956
1698907597951,0.02980687,-0.9503867,-0.004806515
1698907597964,0.0298631,-0.9503448,-0.004864155
1698907597979,0.02988777,-0.9502761,-0.004962726
1698907597993,0.02982601,-0.950201,-0.005060829
1698907598006,0.02942152,-0.9501727,-0.005329162
1698907598020,0.02912267,-0.9502007,-0.00625578
1698907598033,0.0285883,-0.9503748,-0.007028058
1698907598047,0.02795419,-0.9505984,-0.007595581
1698907598061,0.02766679,-0.9507232,-0.007693204
1698907598075,0.02778131,-0.9509024,-0.007423148
1698907598090,0.02792797,-0.9509823,-0.006904633
1698907598103,0.02776072,-0.9511086,-0.006743525
1698907598117,0.02765229,-0.9511731,-0.006622258
1698907598131,0.02762994,-0.9512098,-0.006798945
1698907598145,0.0275607,-0.9512137,-0.007004629
1698907598158,0.02764346,-0.9511687,-0.00714285
1698907598172,0.02759029,-0.95108,-0.007210638
1698907598187,0.02742186,-0.950944,-0.007283585
1698907598201,0.02733708,-0.9507988,-0.007211333
1698907598215,0.02723934,-0.9506825,-0.007283788
1698907598228,0.02724409,-0.9505798,-0.007328255
1698907598242,0.02732659,-0.9504846,-0.007257675
1698907598256,0.0272403,-0.9503968,-0.007206522
1698907598270,0.02704684,-0.9504056,-0.007047978
1698907598284,0.02702146,-0.9504179,-0.006911468
1698907598298,0.02697141,-0.950411,-0.006973509
1698907598312,0.02691654,-0.9504206,-0.006947172
1698907598325,0.02678598,-0.9504415,-0.006956541
1698907598339,0.02666434,-0.9505019,-0.007070906
1698907598353,0.02658454,-0.9505702,-0.006946782
1698907598367,0.02656677,-0.9506054,-0.007044446
1698907598382,0.02644682,-0.9506282,-0.006862018
1698907598395,0.02654648,-0.9506546,-0.00652287
1698907598409,0.02668115,-0.9506503,-0.006181914
1698907598423,0.02669127,-0.9506652,-0.006109776
1698907598436,0.02655263,-0.9506873,-0.006026926
1698907598450,0.02660811,-0.9506564,-0.005946615
1698907598465,0.02675593,-0.9506149,-0.006029622
1698907598479,0.0268315,-0.9505541,-0.005986748
1698907598492,0.02677564,-0.9505321,-0.005928624
1698907598506,0.0267665,-0.9505005,-0.005860123
1698907598520,0.02678851,-0.9504556,-0.005805552
1698907598533,0.02682809,-0.9504058,-0.005795652
1698907598548,0.02686423,-0.9503766,-0.005876268
1698907598561,0.02690485,-0.9503581,-0.005986919
1698907598575,0.02693301,-0.9503648,-0.00610897
1698907598589,0.02704725,-0.9503714,-0.00617461
1698907598603,0.02718467,-0.9503808,-0.006291001
1698907598617,0.02735739,-0.9503721,-0.006321043
1698907598631,0.02750752,-0.9503627,-0.006341262
1698907598645,0.02764075,-0.9503416,-0.006292491
1698907598659,0.02770386,-0.9503095,-0.006276384
1698907598673,0.02778119,-0.9502878,-0.006143416
1698907598687,0.02776773,-0.9502653,-0.006057376
1698907598700,0.02781922,-0.9502379,-0.005908303
1698907598714,0.02779263,-0.9501866,-0.005763248
1698907598728,0.02799807,-0.9502274,-0.005616864
1698907598742,0.02792055,-0.9502135,-0.005409577
1698907598756,0.02795063,-0.9502549,-0.005262763
1698907598770,0.02810178,-0.9502376,-0.005260638
1698907598784,0.02811543,-0.950272,-0.005259583
1698907598798,0.02814083,-0.9502895,-0.005273021
1698907598812,0.02819297,-0.9503078,-0.0053356
1698907598826,0.0282454,-0.9502982,-0.005475312
1698907598839,0.02822136,-0.950303,-0.005532657
1698907598853,0.02818926,-0.9502992,-0.005674391
1698907598868,0.02807121,-0.950301,-0.005795635
1698907598882,0.02803056,-0.9502913,-0.005881627
1698907598895,0.02807183,-0.9502748,-0.005908763
1698907598909,0.0280096,-0.9502493,-0.005952413
1698907598923,0.02789992,-0.9502248,-0.006071175
1698907598936,0.02787785,-0.9501866,-0.006178917
1698907598950,0.02770368,-0.9501699,-0.006482873
1698907598965,0.0278587,-0.9501311,-0.006684583
1698907598979,0.02804571,-0.9501008,-0.006541236
1698907598993,0.02796708,-0.9500321,-0.006454644
1698907599006,0.0278796,-0.9499961,-0.005946138
1698907599019,0.02797917,-0.949962,-0.005755994
1698907599032,0.0278385,-0.9499083,-0.005566257
1698907599046,0.02778482,-0.9498824,-0.005350116
1698907599060,0.02778194,-0.9498795,-0.00529102
1698907599074,0.02784579,-0.9498832,-0.005211323
1698907599087,0.0278026,-0.9498919,-0.005070646
1698907599101,0.02781484,-0.949915,-0.004930771
1698907599114,0.02788462,-0.94991,-0.00475725
1698907599127,0.02811012,-0.949895,-0.004418761
1698907599139,0.02822679,-0.9499394,-0.004162782
1698907599156,0.02806051,-0.9498879,-0.003975405
1698907599167,0.02782767,-0.9499342,-0.003802612
1698907599184,0.02798642,-0.9499088,-0.00363882
1698907599195,0.02811408,-0.9498622,-0.003639019
1698907599209,0.02793869,-0.949824,-0.00345922
1698907599224,0.0278613,-0.9497535,-0.003229712
1698907599237,0.02793162,-0.9497643,-0.003098967
1698907599251,0.02816816,-0.9496768,-0.002989115
1698907599265,0.02814843,-0.9495939,-0.00290772
1698907599279,0.0283683,-0.9495757,-0.002639842
1698907599294,0.02841342,-0.9495573,-0.002446142
1698907599308,0.02869098,-0.9495412,-0.002322964
1698907599322,0.02883929,-0.9495164,-0.002249052
1698907599335,0.02899921,-0.9494865,-0.002004475
1698907599349,0.02905259,-0.9494686,-0.001717415
1698907599363,0.02931666,-0.9494679,-0.001617298
1698907599378,0.02920437,-0.9494938,-0.001450648
1698907599390,0.02920488,-0.9495339,-0.001350014
1698907599404,0.02925273,-0.9495476,-0.001250829
1698907599418,0.02941562,-0.9496412,-0.00124515
1698907599432,0.02919114,-0.9497586,-0.001202255
1698907599445,0.02921584,-0.9498634,-0.001145914
1698907599459,0.02922556,-0.9499906,-0.001333194
1698907599474,0.0293306,-0.9501143,-0.001166319
1698907599488,0.02937057,-0.950259,-0.00106199
1698907599502,0.02920166,-0.9504538,-0.0008176165
1698907599516,0.02921184,-0.9505581,-0.0008782726
1698907599530,0.02912429,-0.9507754,-0.000940877
1698907599544,0.02864413,-0.9510204,-0.001024548
1698907599557,0.02869801,-0.9512316,-0.001149476
1698907599571,0.02841846,-0.9514695,-0.001442013
1698907599585,0.02794914,-0.9517896,-0.001917476
1698907599599,0.02766653,-0.9520976,-0.00279658
1698907599613,0.02713911,-0.9525465,-0.004776011
1698907599628,0.02616016,-0.9531264,-0.007728704
1698907599642,0.02542175,-0.9537982,-0.01122218
1698907599655,0.02518755,-0.9545186,-0.01427342
1698907599668,0.02482388,-0.9552255,-0.0168955
1698907599684,0.02492036,-0.955942,-0.01906691
1698907599697,0.02466774,-0.9566263,-0.02114538
1698907599711,0.02453402,-0.9572899,-0.02293323
1698907599725,0.02424724,-0.9579101,-0.02457342
1698907599739,0.02429395,-0.9584788,-0.02595815
1698907599753,0.02399308,-0.959006,-0.0270499
1698907599768,0.02381774,-0.9595631,-0.02802366
1698907599781,0.02363481,-0.9599967,-0.02906443
1698907599797,0.02330239,-0.960403,-0.03023783
1698907599809,0.02298515,-0.9608458,-0.03114718
1698907599824,0.02264608,-0.9611982,-0.03198551
1698907599837,0.02204081,-0.9615297,-0.03265186
1698907599851,0.02162624,-0.9618515,-0.03329638
1698907599864,0.02146038,-0.9621253,-0.03388269
1698907599879,0.0209242,-0.9623579,-0.03451422
1698907599892,0.02038905,-0.9626486,-0.03509505
1698907599905,0.02018079,-0.9629087,-0.03595586
1698907599920,0.01966097,-0.9632355,-0.03694542
1698907599933,0.01898177,-0.9635854,-0.03795642
1698907599948,0.018381,-0.963941,-0.03876897
1698907599961,0.0178729,-0.9643227,-0.03970013
1698907599974,0.01746301,-0.964729,-0.04057348
1698907599987,0.01678142,-0.9651588,-0.04146534
1698907600001,0.01625271,-0.9656324,-0.04255944
1698907600017,0.01561419,-0.9660556,-0.04343924
1698907600030,0.01514563,-0.9664948,-0.04444733
1698907600044,0.01454409,-0.9669559,-0.04528489
1698907600058,0.01403871,-0.9673816,-0.0460334
1698907600072,0.01335284,-0.9678405,-0.04666168
1698907600087,0.01265034,-0.968259,-0.04724513
1698907600100,0.01185743,-0.9686798,-0.04798607
1698907600113,0.01092525,-0.9690758,-0.04858448
1698907600127,0.01013925,-0.9694501,-0.04913707
1698907600141,0.009367783,-0.9698107,-0.04932158
1698907600156,0.00847757,-0.9701179,-0.04977473
1698907600169,0.008149695,-0.9703893,-0.05009516
1698907600181,0.007460523,-0.9706252,-0.05031324
1698907600195,0.006983012,-0.9708408,-0.05047835
1698907600209,0.006587863,-0.9710028,-0.05071364
1698907600224,0.006031767,-0.9711283,-0.05092829
1698907600238,0.00570992,-0.9711839,-0.05104063
1698907600253,0.005364377,-0.9712667,-0.05133224
1698907600266,0.005049478,-0.9712336,-0.0516794
1698907600280,0.004605625,-0.9712158,-0.05199278
1698907600293,0.004197532,-0.9711741,-0.05240521
1698907600307,0.003835436,-0.9711312,-0.05241852
1698907600322,0.003678439,-0.9710845,-0.05271662
1698907600336,0.003468901,-0.9709882,-0.05288466
1698907600350,0.003055094,-0.9709343,-0.05319569
1698907600363,0.002847524,-0.9708778,-0.05324627
1698907600378,0.002812101,-0.970817,-0.05360587
1698907600391,0.002751442,-0.9707578,-0.05376766
1698907600404,0.002910493,-0.9706616,-0.05388045
1698907600418,0.003075343,-0.9706383,-0.05395353
1698907600433,0.002801575,-0.9705778,-0.05379469
1698907600447,0.002816075,-0.9705405,-0.05400383
1698907600461,0.002820522,-0.9705146,-0.0539424
1698907600474,0.002687283,-0.9704639,-0.0539666
1698907600488,0.002692215,-0.9704511,-0.05400766
1698907600501,0.002570042,-0.9704332,-0.05401675
1698907600515,0.002476303,-0.9704304,-0.05408637
1698907600529,0.002331277,-0.9704471,-0.05406388
1698907600543,0.002271479,-0.9704827,-0.05396427
1698907600557,0.002234798,-0.9705166,-0.05382728
1698907600570,0.002284912,-0.9705546,-0.05374818
1698907600586,0.002203092,-0.9706228,-0.05350043
1698907600600,0.001926903,-0.9706536,-0.05369421
1698907600613,0.002228145,-0.970672,-0.05353826
1698907600626,0.002201628,-0.9707189,-0.05356864
1698907600640,0.002200348,-0.9707412,-0.05349837
1698907600654,0.002060441,-0.9707673,-0.05347243
1698907600669,0.002085475,-0.9707924,-0.05351973
1698907600686,0.002111083,-0.9707947,-0.05368651
1698907600697,0.002115911,-0.9707847,-0.05378135
1698907600710,0.002239134,-0.9707636,-0.05400022
1698907600724,0.002264252,-0.970725,-0.05442959
1698907600737,0.002478939,-0.9706532,-0.05477194
1698907600751,0.002566317,-0.9706026,-0.05514545
1698907600767,0.002602812,-0.9705854,-0.05547947
1698907600780,0.002714369,-0.9705364,-0.05564763
1698907600793,0.002796799,-0.9704806,-0.05584711
1698907600807,0.002888316,-0.9704298,-0.05586861
1698907600822,0.002992177,-0.9704412,-0.05598482
1698907600836,0.002866942,-0.9704275,-0.05611444
1698907600851,0.002897032,-0.9704252,-0.05621995
1698907600863,0.002915367,-0.9704396,-0.0563782
1698907600877,0.002952864,-0.9704766,-0.05646935
1698907600891,0.003018526,-0.9705421,-0.05647554
1698907600905,0.002990512,-0.9705839,-0.05649092
1698907600918,0.003019294,-0.9706535,-0.05659519
1698907600932,0.002935892,-0.9707415,-0.05634534
1698907600946,0.00303217,-0.9707627,-0.05619189
1698907600960,0.003167512,-0.9707939,-0.05600067
1698907600974,0.003419554,-0.9708234,-0.05602672
1698907600989,0.003338482,-0.9708242,-0.05595946
1698907601002,0.003306907,-0.9708251,-0.05588564
1698907601015,0.003149902,-0.9708046,-0.05586857
1698907601029,0.003011305,-0.9707927,-0.05581815
1698907601043,0.002995886,-0.9707583,-0.05580327
1698907601057,0.003012763,-0.970757,-0.05578372
1698907601071,0.003116751,-0.9707322,-0.05575592
1698907601087,0.003010526,-0.970724,-0.05576634
1698907601099,0.003008882,-0.9707114,-0.05576095
1698907601114,0.003143137,-0.9706826,-0.05584703
1698907601128,0.00328959,-0.970638,-0.05592885
1698907601141,0.003559424,-0.9705633,-0.05597736
1698907601155,0.003632661,-0.9705017,-0.0558356
1698907601169,0.003562486,-0.9704535,-0.05576688
1698907601185,0.003272066,-0.9703985,-0.05574914
1698907601197,0.003372092,-0.9703317,-0.05586665
1698907601211,0.003203871,-0.9702474,-0.05594064
1698907601225,0.003049694,-0.9702008,-0.05598801
1698907601238,0.002975348,-0.970157,-0.05610194
1698907601252,0.00295563,-0.9701531,-0.05625193
1698907601266,0.00279787,-0.9701362,-0.05647992
1698907601279,0.002835361,-0.9700859,-0.05669674
1698907601296,0.002823357,-0.9700736,-0.0567561
