"t","p"
8.799228300E-2,9.881458130E2
1.279911380E-1,9.881171265E2
1.679927520E-1,9.880731812E2
2.079904610E-1,9.880833740E2
2.479918150E-1,9.880756836E2
2.879878560E-1,9.880368042E2
3.279853040E-1,9.880495605E2
3.679834810E-1,9.880498047E2
4.079845230E-1,9.880213013E2
4.479947830E-1,9.880419312E2
4.879823360E-1,9.880366211E2
5.279906170E-1,9.880393677E2
5.679838460E-1,9.880289917E2
6.079883250E-1,9.880056152E2
6.479841060E-1,9.880289917E2
6.879852520E-1,9.880289917E2
7.279911900E-1,9.880238647E2
7.679963460E-1,9.880185547E2
8.079824400E-1,9.880081177E2
8.479845230E-1,9.880338745E2
8.879922830E-1,9.880343018E2
9.279904610E-1,9.880289917E2
9.679887940E-1,9.880211182E2
1.007987127E0,9.880416870E2
1.047987075E0,9.880368042E2
1.087988117E0,9.880081177E2
1.127989367E0,9.880289917E2
1.167980825E0,9.880393677E2
1.207988481E0,9.880211182E2
1.247996815E0,9.880211182E2
1.287983065E0,9.880211182E2
1.327989106E0,9.880261841E2
1.367988533E0,9.880185547E2
1.407989367E0,9.880419312E2
1.447979940E0,9.880211182E2
1.487980669E0,9.880261841E2
1.527978013E0,9.880158081E2
1.567983065E0,9.880159912E2
1.607981606E0,9.880314941E2
1.647984158E0,9.880419312E2
1.687982440E0,9.880393677E2
1.727977596E0,9.880261841E2
1.767978898E0,9.880444946E2
1.807980200E0,9.880313110E2
1.847982179E0,9.880393677E2
1.887980044E0,9.880003052E2
1.927984836E0,9.880106812E2
1.967978638E0,9.880419312E2
2.007981033E0,9.880187378E2
2.047981033E0,9.880030518E2
2.087979158E0,9.880187378E2
2.127978533E0,9.880134277E2
2.167979783E0,9.880213013E2
2.207980929E0,9.879979248E2
2.247983325E0,9.880393677E2
2.287982075E0,9.880236206E2
2.327980461E0,9.880187378E2
2.367977492E0,9.880081177E2
2.407985721E0,9.880521240E2
2.447982231E0,9.879928589E2
2.487979731E0,9.880213013E2
2.527984106E0,9.880289917E2
2.567983065E0,9.880083618E2
2.607978898E0,9.880213013E2
2.647980304E0,9.880236206E2
2.687982127E0,9.880498047E2
2.727987752E0,9.880314941E2
2.767979940E0,9.880106812E2
2.807982023E0,9.880236206E2
2.847982023E0,9.880472412E2
2.887987336E0,9.880469971E2
2.927978690E0,9.880548706E2
2.967982544E0,9.880083618E2
3.007979263E0,9.880109253E2
3.047981971E0,9.880289917E2
3.087980044E0,9.880211182E2
3.127977752E0,9.880030518E2
3.167981398E0,9.880343018E2
3.207979888E0,9.880264282E2
3.247979679E0,9.880314941E2
3.287982336E0,9.880109253E2
3.327986190E0,9.880366211E2
3.367983117E0,9.880081177E2
3.407982023E0,9.879953613E2
3.447983846E0,9.880213013E2
3.487977388E0,9.880238647E2
3.527977700E0,9.880264282E2
3.567980252E0,9.880289917E2
3.607986033E0,9.880314941E2
3.647984106E0,9.880289917E2
3.687978638E0,9.880213013E2
3.727980200E0,9.880081177E2
3.767978117E0,9.880289917E2
3.807980044E0,9.880343018E2
3.847981398E0,9.880159912E2
3.887982804E0,9.879900513E2
3.927984106E0,9.880134277E2
3.967979419E0,9.880211182E2
4.007981867E0,9.880134277E2
4.047987648E0,9.880053711E2
4.087984002E0,9.880187378E2
4.127981502E0,9.880159912E2
4.167984158E0,9.880081177E2
4.207988273E0,9.880109253E2
4.247981919E0,9.880264282E2
4.287980877E0,9.880185547E2
4.327978533E0,9.880264282E2
4.367980981E0,9.879979248E2
4.407983586E0,9.880238647E2
4.448012804E0,9.880134277E2
4.487982596E0,9.880343018E2
4.527986606E0,9.880159912E2
4.567981190E0,9.880264282E2
4.607984627E0,9.880238647E2
4.647980461E0,9.880056152E2
4.687978065E0,9.880109253E2
4.727981086E0,9.880314941E2
4.767979523E0,9.880264282E2
4.807983690E0,9.880057983E2
4.847982283E0,9.880213013E2
4.887979211E0,9.880287476E2
4.927978013E0,9.880236206E2
4.967983377E0,9.880187378E2
5.007978846E0,9.880056152E2
5.047981554E0,9.880213013E2
5.087978273E0,9.880289917E2
5.127978950E0,9.879847412E2
5.167977700E0,9.880030518E2
5.207981346E0,9.879953613E2
5.247980721E0,9.880238647E2
5.287987440E0,9.880030518E2
5.327983586E0,9.880314941E2
5.367979106E0,9.880081177E2
5.407979002E0,9.880159912E2
5.447980721E0,9.880314941E2
5.487979888E0,9.880053711E2
5.527982283E0,9.880030518E2
5.567977544E0,9.880004883E2
5.607983846E0,9.880185547E2
5.647977388E0,9.879847412E2
5.687987127E0,9.880134277E2
5.727980461E0,9.879977417E2
5.767979419E0,9.880187378E2
5.807983325E0,9.879977417E2
5.847981294E0,9.879875488E2
5.887980981E0,9.880419312E2
5.927982127E0,9.880393677E2
5.967980148E0,9.880134277E2
6.007991658E0,9.880213013E2
6.047979731E0,9.880030518E2
6.087979888E0,9.879953613E2
6.127978429E0,9.880238647E2
6.167983950E0,9.880083618E2
6.207978898E0,9.880574341E2
6.247979679E0,9.879928589E2
6.287984367E0,9.880187378E2
6.327977648E0,9.880056152E2
6.367985669E0,9.880187378E2
6.407982388E0,9.879900513E2
6.447981450E0,9.880106812E2
6.487980461E0,9.880187378E2
6.527983638E0,9.880081177E2
6.567981346E0,9.880109253E2
6.607987648E0,9.880081177E2
6.647981086E0,9.880109253E2
6.687980304E0,9.879979248E2
6.727984627E0,9.880213013E2
6.767982231E0,9.880213013E2
6.807977231E0,9.880261841E2
6.847981346E0,9.879979248E2
6.887983481E0,9.880004883E2
6.927982231E0,9.880187378E2
6.967981763E0,9.880187378E2
7.007980721E0,9.879900513E2
7.047978742E0,9.880081177E2
7.087989888E0,9.879979248E2
7.127982336E0,9.880081177E2
7.167983481E0,9.880109253E2
7.207983586E0,9.880132446E2
7.247978586E0,9.879979248E2
7.287979523E0,9.879928589E2
7.327979002E0,9.880109253E2
7.367981554E0,9.880446777E2
7.407986190E0,9.880187378E2
7.447977648E0,9.880187378E2
7.487980200E0,9.880081177E2
7.527981190E0,9.880030518E2
7.567981763E0,9.880109253E2
7.607984836E0,9.880187378E2
7.647993481E0,9.880081177E2
7.687980981E0,9.880159912E2
7.727979367E0,9.880081177E2
7.767981919E0,9.879900513E2
7.807983950E0,9.879873047E2
7.847987179E0,9.879951782E2
7.887982804E0,9.880343018E2
7.927980721E0,9.880159912E2
7.967981867E0,9.880004883E2
8.007987127E0,9.880213013E2
8.047983117E0,9.880134277E2
8.087980981E0,9.880003052E2
8.127983846E0,9.880314941E2
8.167980721E0,9.880134277E2
8.207977961E0,9.879953613E2
8.247988950E0,9.880213013E2
8.287982023E0,9.879928589E2
8.327982440E0,9.880187378E2
8.367981502E0,9.880187378E2
8.407987283E0,9.880187378E2
8.447979158E0,9.880159912E2
8.487982336E0,9.880159912E2
8.527983221E0,9.880109253E2
8.567981502E0,9.880028076E2
8.607979940E0,9.880109253E2
8.647977544E0,9.879953613E2
8.687981606E0,9.880056152E2
8.727980669E0,9.880238647E2
8.767980825E0,9.879900513E2
8.807982283E0,9.880368042E2
8.847979315E0,9.879951782E2
8.887980773E0,9.879951782E2
8.927977961E0,9.880134277E2
8.967979836E0,9.879953613E2
9.007982908E0,9.880289917E2
9.047977075E0,9.880109253E2
9.087983325E0,9.880081177E2
9.127979992E0,9.880109253E2
9.167982648E0,9.880185547E2
9.207979419E0,9.879953613E2
9.247982596E0,9.879875488E2
9.287981502E0,9.879694824E2
9.327977908E0,9.880004883E2
9.367978429E0,9.879745483E2
9.407984888E0,9.879666748E2
9.447981450E0,9.879977417E2
9.487982075E0,9.880109253E2
9.527977231E0,9.880132446E2
9.567980200E0,9.880003052E2
9.607982908E0,9.880030518E2
9.647984575E0,9.880053711E2
9.687982179E0,9.880081177E2
9.727981502E0,9.879900513E2
9.767979940E0,9.880187378E2
9.807984888E0,9.879928589E2
9.847983325E0,9.880236206E2
9.887983898E0,9.880343018E2
9.927979836E0,9.879926147E2
9.967986606E0,9.880056152E2
1.000798359E1,9.880134277E2
1.004797822E1,9.880053711E2
1.008798760E1,9.880028076E2
1.012798249E1,9.880185547E2
1.016797916E1,9.880030518E2
1.020798984E1,9.879979248E2
1.024798228E1,9.879875488E2
1.028798093E1,9.880134277E2
1.032798374E1,9.880004883E2
1.036797947E1,9.880081177E2
1.040798426E1,9.880056152E2
1.044798593E1,9.879951782E2
1.048798046E1,9.880211182E2
1.052798275E1,9.879900513E2
1.056797728E1,9.879900513E2
1.060798135E1,9.879953613E2
1.064798536E1,9.879953613E2
1.068798442E1,9.880238647E2
1.072797822E1,9.880159912E2
1.076798067E1,9.879849854E2
1.080798879E1,9.880056152E2
1.084799905E1,9.880081177E2
1.088798103E1,9.880081177E2
1.092798161E1,9.880056152E2
1.096797994E1,9.880340576E2
1.100797874E1,9.879773560E2
1.104798202E1,9.880185547E2
1.108798322E1,9.880314941E2
1.112798249E1,9.879979248E2
1.116797968E1,9.879849854E2
1.120798385E1,9.880004883E2
1.124797963E1,9.880368042E2
1.128798155E1,9.879875488E2
1.132798010E1,9.880030518E2
1.136797921E1,9.879926147E2
1.140798020E1,9.879900513E2
1.144797994E1,9.879951782E2
1.148797916E1,9.880106812E2
1.152798463E1,9.880159912E2
1.156797890E1,9.879900513E2
1.160798213E1,9.880211182E2
1.164798020E1,9.880185547E2
1.168798051E1,9.879979248E2
1.172798135E1,9.880291748E2
1.176798015E1,9.880185547E2
1.180797905E1,9.879796753E2
1.184798827E1,9.879928589E2
1.188798124E1,9.879926147E2
1.192797812E1,9.880083618E2
1.196798098E1,9.879951782E2
1.200798109E1,9.879928589E2
1.204798239E1,9.880266113E2
1.208798051E1,9.880159912E2
1.212797801E1,9.880081177E2
1.216797968E1,9.880264282E2
1.220797765E1,9.879953613E2
1.224797817E1,9.879900513E2
1.228798062E1,9.879849854E2
1.232797879E1,9.880004883E2
1.236798228E1,9.880081177E2
1.240797853E1,9.880187378E2
1.244798093E1,9.880134277E2
1.248798291E1,9.880134277E2
1.252798124E1,9.879928589E2
1.256798280E1,9.880003052E2
1.260798249E1,9.880081177E2
1.264798213E1,9.879847412E2
1.268799187E1,9.880109253E2
1.272798234E1,9.880158081E2
1.276798176E1,9.880289917E2
1.280798171E1,9.880004883E2
1.284798020E1,9.880056152E2
1.288797843E1,9.880109253E2
1.292798338E1,9.880057983E2
1.296798379E1,9.879877319E2
1.300798114E1,9.880056152E2
1.304798437E1,9.880056152E2
1.308798442E1,9.879694824E2
1.312797754E1,9.880159912E2
1.316798067E1,9.880158081E2
1.320798551E1,9.880004883E2
1.324798593E1,9.880006714E2
1.328797994E1,9.880056152E2
1.332797859E1,9.879953613E2
1.336798036E1,9.879692383E2
1.340798046E1,9.880032349E2
1.344798135E1,9.879875488E2
1.348798228E1,9.879902954E2
1.352798020E1,9.880134277E2
1.356797994E1,9.880030518E2
1.360798770E1,9.879900513E2
1.364797869E1,9.880056152E2
1.368798265E1,9.880106812E2
1.372798228E1,9.879953613E2
1.376798458E1,9.880003052E2
1.380798280E1,9.879928589E2
1.384798421E1,9.879849854E2
1.388798280E1,9.880343018E2
1.392798327E1,9.879796753E2
1.396798306E1,9.880132446E2
1.400798958E1,9.880030518E2
1.404800307E1,9.879875488E2
1.408798812E1,9.879924316E2
1.412798572E1,9.880081177E2
1.416798098E1,9.879796753E2
1.420798025E1,9.879953613E2
1.424798645E1,9.880159912E2
1.428798332E1,9.880056152E2
1.432798275E1,9.880028076E2
1.436798270E1,9.880081177E2
1.440798437E1,9.879898682E2
1.444798036E1,9.880003052E2
1.448798109E1,9.879951782E2
1.452797812E1,9.880134277E2
1.456798447E1,9.879822388E2
1.460798234E1,9.879769287E2
1.464798515E1,9.879979248E2
1.468797879E1,9.880004883E2
1.472798385E1,9.880003052E2
1.476797770E1,9.880132446E2
1.480797874E1,9.880187378E2
1.484797916E1,9.879981689E2
1.488798161E1,9.880134277E2
1.492798046E1,9.879875488E2
1.496797786E1,9.879773560E2
1.500798202E1,9.880213013E2
1.504798046E1,9.880132446E2
1.508797989E1,9.879798584E2
1.512797994E1,9.879694824E2
1.516798025E1,9.879902954E2
1.520797801E1,9.879875488E2
1.524798536E1,9.880238647E2
1.528798270E1,9.880109253E2
1.532798228E1,9.879643555E2
1.536798280E1,9.880083618E2
1.540797885E1,9.879979248E2
1.544797780E1,9.879875488E2
1.548798270E1,9.880083618E2
1.552798228E1,9.879875488E2
1.556798197E1,9.880238647E2
1.560798905E1,9.879898682E2
1.564798046E1,9.879981689E2
1.568797723E1,9.880057983E2
1.572798421E1,9.879898682E2
1.576798213E1,9.879928589E2
1.580798161E1,9.879849854E2
1.584798468E1,9.880317383E2
1.588797942E1,9.880134277E2
1.592797765E1,9.880317383E2
1.596798036E1,9.880109253E2
1.600797942E1,9.880134277E2
1.604798879E1,9.879824219E2
1.608797973E1,9.879796753E2
1.612799322E1,9.879641724E2
1.616798041E1,9.880004883E2
1.620798718E1,9.879719849E2
1.624798093E1,9.879643555E2
1.628798062E1,9.879562988E2
1.632798098E1,9.879564819E2
1.636797885E1,9.879329224E2
1.640798150E1,9.879354858E2
1.644798124E1,9.878940430E2
1.648797963E1,9.879176025E2
1.652798353E1,9.879356689E2
1.656797754E1,9.879201660E2
1.660797942E1,9.879407959E2
1.664798942E1,9.879277954E2
1.668798838E1,9.879250488E2
1.672798567E1,9.879511719E2
1.676798182E1,9.879900513E2
1.680798374E1,9.880523682E2
1.684797765E1,9.880185547E2
1.688798468E1,9.880314941E2
1.692797885E1,9.880314941E2
1.696798484E1,9.880134277E2
1.700798150E1,9.880289917E2
1.704798301E1,9.880393677E2
1.708798114E1,9.880056152E2
1.712798025E1,9.880261841E2
1.716798187E1,9.880185547E2
1.720797989E1,9.880056152E2
1.724803411E1,9.879798584E2
1.728798124E1,9.879382324E2
1.732798635E1,9.879461060E2
1.736798004E1,9.879461060E2
1.740798786E1,9.879562988E2
1.744797843E1,9.879201660E2
1.748798306E1,9.879458618E2
1.752798129E1,9.879511719E2
1.756798687E1,9.879252930E2
1.760798708E1,9.878995361E2
1.764798364E1,9.878916626E2
1.768798567E1,9.878940430E2
1.772797796E1,9.878734131E2
1.776797952E1,9.878785400E2
1.780798056E1,9.878810425E2
1.784798364E1,9.879125366E2
1.788797905E1,9.879046631E2
1.792798306E1,9.879306030E2
1.796797926E1,9.879122925E2
1.800798489E1,9.879461060E2
1.804798525E1,9.879122925E2
1.808798541E1,9.879511719E2
1.812797869E1,9.879354858E2
1.816798051E1,9.879616089E2
1.820798260E1,9.879511719E2
1.824798114E1,9.879771118E2
1.828798051E1,9.879849854E2
1.832798228E1,9.880081177E2
1.836797999E1,9.879773560E2
1.840798020E1,9.880289917E2
1.844797843E1,9.880213013E2
1.848797968E1,9.880083618E2
1.852798166E1,9.879926147E2
1.856797921E1,9.880134277E2
1.860798280E1,9.880291748E2
1.864797801E1,9.879745483E2
1.868797942E1,9.879926147E2
1.872798176E1,9.880109253E2
1.876798010E1,9.879953613E2
1.880798208E1,9.880393677E2
1.884798114E1,9.879953613E2
1.888798385E1,9.880006714E2
1.892798025E1,9.880109253E2
1.896797879E1,9.879953613E2
1.900798046E1,9.880187378E2
1.904798556E1,9.879875488E2
1.908798046E1,9.880057983E2
1.912798171E1,9.879822388E2
1.916797780E1,9.879979248E2
1.920798072E1,9.879875488E2
1.924798036E1,9.879979248E2
1.928798249E1,9.880419312E2
1.932798593E1,9.880498047E2
1.936797822E1,9.879849854E2
1.940798234E1,9.879926147E2
1.944797812E1,9.879979248E2
1.948798056E1,9.879926147E2
1.952797817E1,9.879951782E2
1.956798984E1,9.879796753E2
1.960797942E1,9.879926147E2
1.964798364E1,9.879669189E2
1.968798041E1,9.879745483E2
1.972797968E1,9.880056152E2
1.976797952E1,9.880159912E2
1.980798359E1,9.879796753E2
1.984797708E1,9.879796753E2
1.988798364E1,9.880081177E2
1.992798109E1,9.879847412E2
1.996798082E1,9.879953613E2
2.000798291E1,9.879773560E2
2.004797958E1,9.879590454E2
2.008797968E1,9.879743652E2
2.012798124E1,9.879824219E2
2.016798390E1,9.879822388E2
2.020798103E1,9.879849854E2
2.024798140E1,9.879979248E2
2.028798385E1,9.880446777E2
2.032797968E1,9.880134277E2
2.036797775E1,9.879669189E2
2.040798182E1,9.879824219E2
2.044799187E1,9.879747925E2
2.048798223E1,9.879769287E2
2.052798385E1,9.880057983E2
2.056797791E1,9.879796753E2
2.060797848E1,9.880057983E2
2.064798135E1,9.879824219E2
2.068798254E1,9.879514160E2
2.072798494E1,9.879798584E2
2.076798478E1,9.879539795E2
2.080797994E1,9.879796753E2
2.084798098E1,9.879537354E2
2.088797926E1,9.879798584E2
2.092797822E1,9.879900513E2
2.096798098E1,9.879898682E2
2.100798072E1,9.880238647E2
2.104798327E1,9.880006714E2
2.108797999E1,9.880287476E2
2.112798484E1,9.880032349E2
2.116798213E1,9.880314941E2
2.120798239E1,9.880109253E2
2.124798072E1,9.880187378E2
2.128798072E1,9.880109253E2
2.132797937E1,9.880240479E2
2.136797916E1,9.880187378E2
2.140798286E1,9.879956055E2
2.144797723E1,9.879511719E2
2.148798333E1,9.879796753E2
2.152797765E1,9.879849854E2
2.156798338E1,9.880162354E2
2.160797843E1,9.879616089E2
2.164798619E1,9.879694824E2
2.168798254E1,9.879900513E2
2.172797984E1,9.880006714E2
2.176797843E1,9.879771118E2
2.180797973E1,9.879643555E2
2.184797905E1,9.879822388E2
2.188798072E1,9.879747925E2
2.192798411E1,9.879902954E2
2.196797968E1,9.879875488E2
2.200797780E1,9.879924316E2
2.204798265E1,9.879771118E2
2.208798030E1,9.879928589E2
2.212797905E1,9.879771118E2
2.216797994E1,9.879771118E2
2.220798442E1,9.879694824E2
2.224798379E1,9.879616089E2
2.228798041E1,9.879692383E2
2.232797958E1,9.879616089E2
2.236798155E1,9.879926147E2
2.240798046E1,9.879796753E2
2.244798364E1,9.879928589E2
2.248798041E1,9.879796753E2
2.252798598E1,9.880004883E2
2.256798213E1,9.879979248E2
2.260798775E1,9.879719849E2
2.264797796E1,9.879875488E2
2.268798301E1,9.879745483E2
2.272798676E1,9.880158081E2
2.276798098E1,9.879902954E2
2.280797942E1,9.879875488E2
2.284798306E1,9.880106812E2
2.288798385E1,9.879822388E2
2.292797911E1,9.880006714E2
2.296798062E1,9.879743652E2
2.300797937E1,9.879953613E2
2.304798353E1,9.879849854E2
2.308797994E1,9.880032349E2
2.312798025E1,9.879719849E2
2.316797744E1,9.879692383E2
2.320798432E1,9.879773560E2
2.324797869E1,9.879718018E2
2.328798150E1,9.880162354E2
2.332797812E1,9.879924316E2
2.336798020E1,9.880056152E2
2.340798275E1,9.879849854E2
2.344798806E1,9.880291748E2
2.348798869E1,9.880185547E2
2.352798166E1,9.880396118E2
2.356797994E1,9.879875488E2
2.360797739E1,9.879928589E2
2.364800588E1,9.879745483E2
2.368798687E1,9.880030518E2
2.372798775E1,9.879824219E2
2.376798176E1,9.879771118E2
2.380798187E1,9.879564819E2
2.384799166E1,9.879616089E2
2.388798176E1,9.880057983E2
2.392798390E1,9.879745483E2
2.396797978E1,9.880004883E2
2.400798348E1,9.879796753E2
2.404798489E1,9.880056152E2
2.408798124E1,9.879849854E2
2.412798249E1,9.880264282E2
2.416797780E1,9.879926147E2
2.420798244E1,9.879926147E2
2.424798432E1,9.880314941E2
2.428797822E1,9.880238647E2
2.432798572E1,9.880030518E2
2.436798020E1,9.880213013E2
2.440798327E1,9.880240479E2
2.444798166E1,9.879979248E2
2.448798020E1,9.880109253E2
2.452797994E1,9.880187378E2
2.456797760E1,9.879875488E2
2.460798333E1,9.879928589E2
2.464797723E1,9.880134277E2
2.468798254E1,9.879953613E2
2.472798494E1,9.880159912E2
2.476798546E1,9.880264282E2
2.480797780E1,9.880213013E2
2.484798749E1,9.880419312E2
2.488798197E1,9.880289917E2
2.492798046E1,9.880368042E2
2.496798046E1,9.879977417E2
2.500797760E1,9.880003052E2
2.504797879E1,9.880003052E2
2.508798275E1,9.879928589E2
2.512798135E1,9.880028076E2
2.516798228E1,9.880109253E2
2.520798327E1,9.879953613E2
2.524798103E1,9.880211182E2
2.528798145E1,9.880109253E2
2.532797984E1,9.880134277E2
2.536797770E1,9.880159912E2
2.540798312E1,9.880211182E2
2.544798385E1,9.880056152E2
2.548797827E1,9.880261841E2
2.552798098E1,9.880109253E2
2.556797885E1,9.879694824E2
2.560798369E1,9.880032349E2
2.564798046E1,9.880081177E2
2.568797744E1,9.880004883E2
2.572798296E1,9.879875488E2
2.576797994E1,9.879953613E2
2.580798692E1,9.879694824E2
2.584798312E1,9.879875488E2
2.588798322E1,9.879926147E2
2.592798322E1,9.879977417E2
2.596797739E1,9.879875488E2
2.600798015E1,9.879900513E2
2.604798317E1,9.879590454E2
2.608798463E1,9.879953613E2
2.612798077E1,9.880134277E2
2.616798426E1,9.880056152E2
2.620797780E1,9.879798584E2
2.624798432E1,9.880028076E2
2.628797905E1,9.879953613E2
2.632797947E1,9.880057983E2
2.636797968E1,9.879953613E2
2.640798520E1,9.880162354E2
2.644797947E1,9.880317383E2
2.648798442E1,9.880731812E2
2.652797895E1,9.880653076E2
2.656798046E1,9.880396118E2
2.660798072E1,9.880756836E2
2.664798364E1,9.880888672E2
2.668797838E1,9.880601807E2
2.672798624E1,9.880910034E2
2.676798239E1,9.880627441E2
2.680798796E1,9.880810547E2
2.684798629E1,9.880576782E2
2.688798447E1,9.880731812E2
2.692798442E1,9.880629883E2
2.696797864E1,9.880810547E2
2.700798155E1,9.881016235E2
2.704798234E1,9.880939941E2
2.708797754E1,9.880759277E2
2.712798478E1,9.880965576E2
2.716798103E1,9.880912476E2
2.720798332E1,9.881146240E2
2.724798051E1,9.881222534E2
2.728797926E1,9.881041870E2
2.732798072E1,9.881196899E2
2.736797822E1,9.880884399E2
2.740798103E1,9.880703735E2
2.744798072E1,9.880599976E2
2.748797801E1,9.880264282E2
2.752798046E1,9.880211182E2
2.756797952E1,9.880706177E2
2.760798057E1,9.880601807E2
2.764798155E1,9.880523682E2
2.768797900E1,9.880678711E2
2.772798010E1,9.880238647E2
2.776797754E1,9.880444946E2
2.780798020E1,9.880419312E2
2.784798432E1,9.880211182E2
2.788798671E1,9.880289917E2
2.792797806E1,9.880264282E2
2.796798536E1,9.880159912E2
2.800798306E1,9.880368042E2
2.804798098E1,9.880238647E2
2.808798197E1,9.880393677E2
2.812797932E1,9.880109253E2
2.816798051E1,9.880444946E2
2.820798905E1,9.880238647E2
2.824798958E1,9.880238647E2
2.828797952E1,9.880314941E2
2.832798129E1,9.880109253E2
2.836798197E1,9.880030518E2
2.840798083E1,9.880109253E2
2.844798468E1,9.880056152E2
2.848797822E1,9.880030518E2
2.852798332E1,9.880003052E2
2.856798890E1,9.880106812E2
2.860798135E1,9.880056152E2
2.864797838E1,9.880081177E2
2.868798676E1,9.879977417E2
2.872797838E1,9.879822388E2
2.876798155E1,9.880238647E2
2.880798312E1,9.880056152E2
2.884798145E1,9.880419312E2
2.888797859E1,9.880264282E2
2.892798463E1,9.880056152E2
2.896797796E1,9.880187378E2
2.900798567E1,9.879926147E2
2.904798379E1,9.880109253E2
2.908798025E1,9.879796753E2
2.912798270E1,9.879875488E2
2.916797874E1,9.879951782E2
2.920798411E1,9.880211182E2
2.924797796E1,9.880185547E2
2.928798077E1,9.880134277E2
2.932797900E1,9.879900513E2
2.936797905E1,9.880289917E2
2.940798958E1,9.879953613E2
2.944798030E1,9.880030518E2
2.948797859E1,9.880083618E2
2.952798760E1,9.880081177E2
2.956798004E1,9.880187378E2
2.960798155E1,9.880185547E2
2.964797885E1,9.880261841E2
2.968797921E1,9.880056152E2
2.972797760E1,9.880081177E2
2.976798208E1,9.880081177E2
2.980798020E1,9.880083618E2
2.984798275E1,9.879902954E2
2.988798280E1,9.880060425E2
2.992798963E1,9.879951782E2
2.996798109E1,9.879902954E2
3.000801171E1,9.880134277E2
3.004798129E1,9.879979248E2
3.008798827E1,9.880056152E2
3.012797780E1,9.879773560E2
3.016798416E1,9.880109253E2
3.020798030E1,9.880185547E2
3.024798582E1,9.880134277E2
3.028798145E1,9.880238647E2
3.032798463E1,9.880162354E2
3.036797770E1,9.880004883E2
3.040798442E1,9.880238647E2
3.044798832E1,9.880289917E2
3.048798187E1,9.879979248E2
3.052798343E1,9.880213013E2
3.056798046E1,9.880159912E2
3.060798411E1,9.879851685E2
3.064798098E1,9.879953613E2
3.068798452E1,9.880083618E2
3.072798426E1,9.879537354E2
3.076797926E1,9.880028076E2
3.080798010E1,9.880264282E2
3.084797780E1,9.879953613E2
3.088798129E1,9.880162354E2
3.092798208E1,9.880060425E2
3.096798234E1,9.879956055E2
3.100797869E1,9.880136719E2
3.104798296E1,9.880185547E2
3.108797968E1,9.880187378E2
3.112798056E1,9.880006714E2
3.116798030E1,9.879875488E2
3.120797869E1,9.880368042E2
3.124797833E1,9.880185547E2
3.128798020E1,9.880106812E2
3.132797952E1,9.880060425E2
3.136798109E1,9.879951782E2
3.140798864E1,9.880083618E2
3.144798150E1,9.880056152E2
3.148798124E1,9.879928589E2
3.152798213E1,9.880343018E2
3.156797968E1,9.880266113E2
3.160798109E1,9.879666748E2
3.164798082E1,9.880081177E2
3.168798093E1,9.880106812E2
3.172798510E1,9.880081177E2
3.176797786E1,9.880056152E2
3.180798338E1,9.880081177E2
3.184798494E1,9.879875488E2
3.188797989E1,9.880081177E2
3.192798405E1,9.880261841E2
3.196798385E1,9.880056152E2
3.200798489E1,9.880393677E2
3.204797744E1,9.880187378E2
3.208798520E1,9.880159912E2
3.212798124E1,9.880213013E2
3.216798088E1,9.879928589E2
3.220798051E1,9.879953613E2
3.224798202E1,9.880032349E2
3.228797916E1,9.880056152E2
3.232798520E1,9.880159912E2
3.236798041E1,9.880264282E2
3.240798187E1,9.880472412E2
3.244798072E1,9.880159912E2
3.248798046E1,9.879849854E2
3.252798260E1,9.880056152E2
3.256798671E1,9.880030518E2
3.260798286E1,9.880261841E2
3.264798161E1,9.879953613E2
3.268798202E1,9.880030518E2
3.272797859E1,9.879951782E2
3.276797765E1,9.880159912E2
3.280798411E1,9.880004883E2
3.284798109E1,9.880111084E2
3.288798848E1,9.880213013E2
3.292797812E1,9.879900513E2
3.296797786E1,9.880056152E2
3.300798239E1,9.880030518E2
3.304799129E1,9.880134277E2
3.308798176E1,9.879745483E2
3.312799166E1,9.880187378E2
3.316798359E1,9.879977417E2
3.320800338E1,9.879875488E2
3.324798692E1,9.880187378E2
3.328798202E1,9.879979248E2
3.332798353E1,9.879639282E2
3.336797968E1,9.880004883E2
3.340797916E1,9.880056152E2
3.344798416E1,9.880134277E2
3.348798489E1,9.880289917E2
3.352798150E1,9.879798584E2
3.356798182E1,9.880187378E2
3.360797723E1,9.880004883E2
3.364798541E1,9.880368042E2
3.368797853E1,9.879953613E2
3.372798952E1,9.880056152E2
3.376798197E1,9.880264282E2
3.380797937E1,9.880238647E2
3.384797770E1,9.880289917E2
3.388798905E1,9.880109253E2
3.392798473E1,9.880004883E2
3.396798192E1,9.880264282E2
3.400798900E1,9.880030518E2
3.404797905E1,9.880162354E2
3.408798218E1,9.879979248E2
3.412798338E1,9.880134277E2
3.416797921E1,9.879953613E2
3.420798796E1,9.879953613E2
3.424798374E1,9.880213013E2
3.428798254E1,9.880289917E2
3.432798135E1,9.880159912E2
3.436798364E1,9.880109253E2
3.440798640E1,9.879953613E2
3.444798833E1,9.880030518E2
3.448798197E1,9.880004883E2
3.452798124E1,9.880240479E2
3.456797994E1,9.880134277E2
3.460797796E1,9.879773560E2
3.464798715E1,9.879824219E2
3.468798934E1,9.880057983E2
3.472799496E1,9.880057983E2
3.476798861E1,9.880081177E2
3.480798517E1,9.880134277E2
3.484798465E1,9.879928589E2
3.488798736E1,9.880081177E2
3.492798861E1,9.880495605E2
3.496798981E1,9.879824219E2
3.500798663E1,9.880472412E2
3.504799460E1,9.880162354E2
3.508798491E1,9.879875488E2
3.512798798E1,9.879981689E2
3.516799033E1,9.880211182E2
3.520798991E1,9.880213013E2
3.524799121E1,9.880083618E2
3.528798996E1,9.879953613E2
3.532798517E1,9.880028076E2
3.536799069E1,9.880236206E2
3.540798741E1,9.880109253E2
3.544798949E1,9.880159912E2
3.548798632E1,9.880317383E2
3.552799199E1,9.880032349E2
3.556798454E1,9.880134277E2
3.560798757E1,9.880081177E2
3.564798652E1,9.879900513E2
3.568798954E1,9.879979248E2
3.572799017E1,9.880368042E2
3.576798991E1,9.880158081E2
3.580798559E1,9.880317383E2
3.584798804E1,9.879900513E2
3.588798673E1,9.880238647E2
3.592799194E1,9.880134277E2
3.596798652E1,9.880213013E2
3.600798444E1,9.880057983E2
3.604798501E1,9.880159912E2
3.608799267E1,9.880030518E2
3.612798658E1,9.880368042E2
3.616798887E1,9.880213013E2
3.620798397E1,9.880238647E2
3.624798809E1,9.879849854E2
3.628798626E1,9.879900513E2
3.632798965E1,9.880317383E2
3.636798835E1,9.880264282E2
3.640800007E1,9.880162354E2
3.644798731E1,9.879745483E2
3.648799137E1,9.880030518E2
3.652798746E1,9.880187378E2
3.656798788E1,9.880291748E2
3.660798736E1,9.880396118E2
3.664798991E1,9.880056152E2
3.668798902E1,9.880238647E2
3.672798543E1,9.879747925E2
3.676798725E1,9.880238647E2
3.680798679E1,9.880211182E2
3.684798939E1,9.879953613E2
3.688798616E1,9.879979248E2
3.692798475E1,9.880469971E2
3.696798460E1,9.879875488E2
3.700799215E1,9.880081177E2
3.704799111E1,9.880030518E2
3.708798668E1,9.880003052E2
3.712798913E1,9.880314941E2
3.716798939E1,9.880056152E2
3.720798741E1,9.880134277E2
3.724799137E1,9.879719849E2
3.728798788E1,9.880134277E2
3.732799777E1,9.879979248E2
3.736798658E1,9.879951782E2
3.740798757E1,9.879979248E2
3.744798762E1,9.880314941E2
3.748798996E1,9.880134277E2
3.752798830E1,9.880289917E2
3.756798913E1,9.880185547E2
3.760798809E1,9.880366211E2
3.764798991E1,9.880109253E2
3.768798663E1,9.879953613E2
3.772798673E1,9.880056152E2
3.776798663E1,9.880419312E2
3.780799069E1,9.880081177E2
3.784798757E1,9.879981689E2
3.788798449E1,9.879771118E2
3.792799231E1,9.879745483E2
3.796798533E1,9.880238647E2
3.800798751E1,9.879875488E2
3.804798626E1,9.880004883E2
3.808798876E1,9.879928589E2
3.812798720E1,9.879771118E2
3.816798772E1,9.880266113E2
3.820799111E1,9.879953613E2
3.824798439E1,9.879977417E2
3.828798762E1,9.879928589E2
3.832798840E1,9.880056152E2
3.836798658E1,9.880162354E2
3.840799762E1,9.879822388E2
3.844798777E1,9.880106812E2
3.848798902E1,9.880081177E2
3.852798996E1,9.880081177E2
3.856798835E1,9.879951782E2
3.860798569E1,9.880006714E2
3.864798757E1,9.880004883E2
3.868799064E1,9.880106812E2
3.872799475E1,9.879900513E2
3.876798465E1,9.880187378E2
3.880799048E1,9.880366211E2
3.884798538E1,9.879900513E2
3.888798861E1,9.880106812E2
3.892798522E1,9.879977417E2
3.896799022E1,9.880081177E2
3.900798626E1,9.879902954E2
3.904798678E1,9.880106812E2
3.908798429E1,9.880211182E2
3.912799111E1,9.879977417E2
3.916798715E1,9.880109253E2
3.920799699E1,9.879666748E2
3.924798720E1,9.879590454E2
3.928799048E1,9.880134277E2
3.932799158E1,9.879769287E2
3.936798798E1,9.879953613E2
3.940799168E1,9.879951782E2
3.944799085E1,9.880236206E2
3.948799043E1,9.879719849E2
3.952799486E1,9.880081177E2
3.956798804E1,9.880056152E2
3.960800059E1,9.880106812E2
3.964798902E1,9.880030518E2
3.968798783E1,9.880366211E2
3.972799231E1,9.879977417E2
3.976798850E1,9.880056152E2
3.980798705E1,9.879875488E2
3.984798663E1,9.880003052E2
3.988798527E1,9.879822388E2
3.992798704E1,9.880159912E2
3.996798908E1,9.880030518E2
4.000798850E1,9.880028076E2
4.004798798E1,9.879951782E2
4.008798616E1,9.880083618E2
4.012798580E1,9.880106812E2
4.016798507E1,9.879875488E2
4.020798814E1,9.879951782E2
4.024799038E1,9.880111084E2
4.028798751E1,9.880028076E2
4.032799210E1,9.880032349E2
4.036798580E1,9.880314941E2
4.040798710E1,9.880134277E2
4.044798804E1,9.880261841E2
4.048798757E1,9.880028076E2
4.052799418E1,9.879484253E2
4.056798850E1,9.879458618E2
4.060799220E1,9.879277954E2
4.064798475E1,9.879484253E2
4.068798678E1,9.879306030E2
4.072798892E1,9.879511719E2
4.076799319E1,9.879588623E2
4.080798981E1,9.880111084E2
4.084798798E1,9.879743652E2
4.088800866E1,9.879484253E2
4.092799048E1,9.879718018E2
4.096798621E1,9.879798584E2
4.100798819E1,9.879379883E2
4.104798725E1,9.879509888E2
4.108799251E1,9.879227295E2
4.112798835E1,9.879562988E2
4.116798465E1,9.879877319E2
4.120798856E1,9.879432983E2
4.124798762E1,9.879174194E2
4.128798965E1,9.879306030E2
4.132799298E1,9.879692383E2
4.136798652E1,9.879382324E2
4.140798835E1,9.879796753E2
4.144799501E1,9.879822388E2
4.148798934E1,9.880028076E2
4.152798850E1,9.879461060E2
4.156798731E1,9.879694824E2
4.160798913E1,9.879694824E2
4.164798746E1,9.879718018E2
4.168798887E1,9.879873047E2
4.172799132E1,9.879979248E2
4.176798600E1,9.879796753E2
4.180799069E1,9.879666748E2
4.184798423E1,9.879743652E2
4.188798939E1,9.879822388E2
4.192799210E1,9.879822388E2
4.196798626E1,9.879769287E2
4.200799330E1,9.879562988E2
4.204798949E1,9.880106812E2
4.208798439E1,9.879953613E2
4.212798736E1,9.879666748E2
4.216799142E1,9.879796753E2
4.220799147E1,9.879769287E2
4.224798793E1,9.879796753E2
4.228799043E1,9.880056152E2
4.232798694E1,9.880056152E2
4.236798788E1,9.880003052E2
4.240798845E1,9.880004883E2
4.244799283E1,9.879511719E2
4.248799277E1,9.879849854E2
4.252798621E1,9.879979248E2
4.256798731E1,9.880003052E2
4.260798991E1,9.880109253E2
4.264798970E1,9.880081177E2
4.268798616E1,9.879796753E2
4.272798757E1,9.879849854E2
4.276799048E1,9.880004883E2
4.280800944E1,9.879900513E2
4.284799241E1,9.879977417E2
4.288798731E1,9.880030518E2
4.292798637E1,9.879796753E2
4.296798731E1,9.880159912E2
4.300798684E1,9.879926147E2
4.304798694E1,9.880030518E2
4.308798720E1,9.879900513E2
4.312798689E1,9.880030518E2
4.316798595E1,9.879875488E2
4.320799048E1,9.880056152E2
4.324798809E1,9.879849854E2
4.328798501E1,9.879461060E2
4.332799241E1,9.879666748E2
4.336798741E1,9.879951782E2
4.340799001E1,9.879875488E2
4.344798835E1,9.880081177E2
4.348799330E1,9.879773560E2
4.352798507E1,9.879484253E2
4.356798793E1,9.879796753E2
4.360798908E1,9.879951782E2
4.364798757E1,9.879613647E2
4.368798840E1,9.879875488E2
4.372798507E1,9.879875488E2
4.376798746E1,9.880004883E2
4.380799481E1,9.880185547E2
4.384798538E1,9.880003052E2
4.388798887E1,9.880083618E2
4.392798507E1,9.879796753E2
4.396799033E1,9.879951782E2
4.400799142E1,9.880030518E2
4.404798788E1,9.880003052E2
4.408799017E1,9.880056152E2
4.412798882E1,9.880030518E2
4.416798632E1,9.880289917E2
4.420798658E1,9.879900513E2
4.424799225E1,9.879694824E2
4.428798975E1,9.880109253E2
4.432799126E1,9.879977417E2
4.436799043E1,9.879743652E2
4.440799059E1,9.879666748E2
4.444798548E1,9.880081177E2
4.448800116E1,9.879616089E2
4.452799288E1,9.879875488E2
4.456798777E1,9.879745483E2
4.460798699E1,9.879926147E2
4.464798678E1,9.879900513E2
4.468798606E1,9.879977417E2
4.472798699E1,9.879847412E2
4.476798673E1,9.880109253E2
4.480799418E1,9.880081177E2
4.484799090E1,9.880211182E2
4.488799163E1,9.880030518E2
4.492798913E1,9.879664917E2
4.496798866E1,9.879719849E2
4.500799231E1,9.879847412E2
4.504798939E1,9.879979248E2
4.508799074E1,9.879326782E2
4.512798507E1,9.880159912E2
4.516798475E1,9.879871216E2
4.520799017E1,9.879845581E2
4.524798741E1,9.880030518E2
4.528798809E1,9.879849854E2
4.532798934E1,9.879873047E2
4.536798486E1,9.879745483E2
4.540799413E1,9.879822388E2
4.544799038E1,9.880056152E2
4.548799210E1,9.880056152E2
4.552799434E1,9.880081177E2
4.556798704E1,9.880053711E2
4.560798913E1,9.879690552E2
4.564798720E1,9.879873047E2
4.568798720E1,9.879822388E2
4.572798975E1,9.879822388E2
4.576799152E1,9.880003052E2
4.580799048E1,9.879875488E2
4.584798564E1,9.879769287E2
4.588798840E1,9.879873047E2
4.592798866E1,9.879849854E2
4.596798663E1,9.879951782E2
4.600800642E1,9.879924316E2
4.604799199E1,9.879926147E2
4.608799027E1,9.879822388E2
4.612798892E1,9.880187378E2
4.616798892E1,9.879794312E2
4.620798751E1,9.879794312E2
4.624798783E1,9.879692383E2
4.628798965E1,9.880053711E2
4.632798647E1,9.879926147E2
4.636798741E1,9.880003052E2
4.640798710E1,9.879562988E2
4.644799277E1,9.879719849E2
4.648798783E1,9.879641724E2
4.652799043E1,9.879849854E2
4.656798470E1,9.879847412E2
4.660798704E1,9.879900513E2
4.664798548E1,9.879796753E2
4.668798751E1,9.880053711E2
4.672798746E1,9.879435425E2
4.676799074E1,9.879926147E2
4.680798970E1,9.879796753E2
4.684798699E1,9.879796753E2
4.688798694E1,9.879641724E2
4.692799251E1,9.879692383E2
4.696798710E1,9.879382324E2
4.700798621E1,9.879771118E2
4.704798970E1,9.879926147E2
4.708798861E1,9.880109253E2
4.712798944E1,9.879743652E2
4.716799069E1,9.879537354E2
4.720799038E1,9.879562988E2
4.724799126E1,9.879798584E2
4.728799189E1,9.880030518E2
4.732799194E1,9.879977417E2
4.736798887E1,9.880056152E2
4.740799361E1,9.880028076E2
4.744798996E1,9.879949341E2
4.748798527E1,9.880004883E2
4.752799220E1,9.880236206E2
4.756799100E1,9.880004883E2
4.760798715E1,9.880106812E2
4.764798809E1,9.880003052E2
4.768798413E1,9.879979248E2
4.772798522E1,9.880289917E2
4.776799267E1,9.879898682E2
4.780798710E1,9.880106812E2
4.784798757E1,9.880028076E2
4.788798449E1,9.880030518E2
4.792798777E1,9.880185547E2
4.796798580E1,9.880081177E2
4.800799522E1,9.880343018E2
4.804798804E1,9.879951782E2
4.808798923E1,9.880211182E2
4.812799017E1,9.880132446E2
4.816799095E1,9.880159912E2
4.820798569E1,9.880236206E2
4.824799267E1,9.880366211E2
4.828798975E1,9.880236206E2
4.832799481E1,9.880289917E2
4.836798814E1,9.880521240E2
4.840799147E1,9.881222534E2
4.844798574E1,9.881481934E2
4.848798986E1,9.881118164E2
4.852798741E1,9.880544434E2
4.856798861E1,9.880444946E2
4.860798783E1,9.880343018E2
4.864799121E1,9.880340576E2
4.868798543E1,9.880236206E2
4.872798705E1,9.880574341E2
4.876798527E1,9.880469971E2
4.880798731E1,9.880289917E2
4.884798731E1,9.880289917E2
4.888798882E1,9.880004883E2
4.892798673E1,9.880498047E2
4.896798767E1,9.880236206E2
4.900799236E1,9.880134277E2
4.904798783E1,9.880289917E2
4.908798606E1,9.880208740E2
4.912798876E1,9.880393677E2
4.916799205E1,9.880287476E2
4.920802116E1,9.880106812E2
4.924798975E1,9.880056152E2
4.928798882E1,9.880363770E2
4.932798783E1,9.880444946E2
4.936798913E1,9.880264282E2
4.940799376E1,9.880236206E2
4.944798996E1,9.880211182E2
4.948798944E1,9.880030518E2
4.952799121E1,9.880056152E2
4.956798507E1,9.879979248E2
4.960798809E1,9.880313110E2
4.964798871E1,9.879928589E2
4.968798887E1,9.880264282E2
4.972799277E1,9.880314941E2
4.976798517E1,9.880238647E2
4.980798809E1,9.880106812E2
4.984798517E1,9.880003052E2
4.988799132E1,9.880159912E2
4.992798923E1,9.880314941E2
4.996798710E1,9.879926147E2
5.000798809E1,9.879951782E2
5.004799251E1,9.879928589E2
5.008798705E1,9.880314941E2
5.012798793E1,9.879928589E2
5.016799132E1,9.879873047E2
5.020798939E1,9.880261841E2
5.024799460E1,9.880238647E2
5.028798887E1,9.879898682E2
5.032798642E1,9.880185547E2
5.036799100E1,9.880159912E2
5.040798663E1,9.880343018E2
5.044799267E1,9.880081177E2
5.048799121E1,9.879951782E2
5.052798981E1,9.880081177E2
5.056798772E1,9.879794312E2
5.060798819E1,9.880081177E2
5.064798527E1,9.879847412E2
5.068799684E1,9.880106812E2
5.072799173E1,9.879743652E2
5.076798970E1,9.879822388E2
5.080798694E1,9.880030518E2
5.084799158E1,9.880185547E2
5.088798835E1,9.879977417E2
5.092799225E1,9.880081177E2
5.096798590E1,9.880185547E2
5.100798616E1,9.879819946E2
5.104798731E1,9.879847412E2
5.108798892E1,9.880030518E2
5.112799340E1,9.880028076E2
5.116798449E1,9.879873047E2
5.120798684E1,9.880081177E2
5.124798689E1,9.880106812E2
5.128798892E1,9.880053711E2
5.132798527E1,9.879951782E2
5.136799038E1,9.879715576E2
5.140799074E1,9.880003052E2
5.144798413E1,9.879873047E2
5.148798507E1,9.879949341E2
5.152799106E1,9.879924316E2
5.156798658E1,9.880211182E2
5.160798991E1,9.879847412E2
5.164798871E1,9.879977417E2
5.168798788E1,9.879743652E2
5.172798809E1,9.879977417E2
5.176798861E1,9.879771118E2
5.180798574E1,9.879873047E2
5.184798496E1,9.880056152E2
5.188799251E1,9.880211182E2
5.192798731E1,9.880003052E2
5.196798637E1,9.879769287E2
5.200798918E1,9.880158081E2
5.204798699E1,9.879847412E2
5.208799095E1,9.880079346E2
5.212799048E1,9.880003052E2
5.216798507E1,9.879847412E2
5.220799637E1,9.879977417E2
5.224798850E1,9.880211182E2
5.228798470E1,9.880003052E2
5.232798678E1,9.880158081E2
5.236798762E1,9.880106812E2
5.240798710E1,9.879794312E2
5.244799585E1,9.880211182E2
5.248798741E1,9.880003052E2
5.252798715E1,9.880003052E2
5.256798783E1,9.879953613E2
5.260798668E1,9.880134277E2
5.264799189E1,9.879926147E2
5.268799095E1,9.879977417E2
5.272799137E1,9.879819946E2
5.276799116E1,9.879949341E2
5.280798809E1,9.879769287E2
5.284798533E1,9.880183105E2
5.288798475E1,9.880081177E2
5.292799215E1,9.880004883E2
5.296798512E1,9.880132446E2
5.300799199E1,9.879898682E2
5.304798512E1,9.879900513E2
5.308799069E1,9.880234375E2
5.312798955E1,9.879718018E2
5.316798804E1,9.879953613E2
5.320798996E1,9.879639282E2
5.324799033E1,9.880056152E2
5.328798652E1,9.880213013E2
5.332798481E1,9.880158081E2
5.336798418E1,9.879715576E2
5.340798955E1,9.880004883E2
5.344798694E1,9.879949341E2
5.348798814E1,9.880056152E2
5.352798689E1,9.879928589E2
5.356798559E1,9.880081177E2
5.360799048E1,9.880081177E2
5.364799225E1,9.879873047E2
5.368799168E1,9.880185547E2
5.372798923E1,9.880234375E2
5.376798725E1,9.880004883E2
5.380799095E1,9.880028076E2
5.384798684E1,9.879873047E2
5.388799007E1,9.880132446E2
5.392798600E1,9.880236206E2
5.396798918E1,9.879873047E2
5.400799121E1,9.880187378E2
5.404798507E1,9.880185547E2
5.408799345E1,9.879951782E2
5.412798840E1,9.879769287E2
5.416798767E1,9.879743652E2
5.420798704E1,9.879845581E2
5.424798543E1,9.880132446E2
5.428798647E1,9.879951782E2
5.432799590E1,9.879924316E2
5.436799012E1,9.879743652E2
5.440798887E1,9.880134277E2
5.444799001E1,9.879924316E2
5.448798939E1,9.880079346E2
5.452798856E1,9.880134277E2
5.456799392E1,9.880158081E2
5.460799298E1,9.879951782E2
5.464798710E1,9.880158081E2
5.468799486E1,9.879951782E2
5.472798449E1,9.879924316E2
5.476798824E1,9.880004883E2
5.480798804E1,9.879639282E2
5.484799001E1,9.880028076E2
5.488798777E1,9.880158081E2
5.492798809E1,9.879977417E2
5.496798684E1,9.880211182E2
5.500798501E1,9.879949341E2
5.504798793E1,9.879873047E2
5.508798762E1,9.879974976E2
5.512798684E1,9.880104980E2
5.516798705E1,9.879977417E2
5.520798814E1,9.879769287E2
5.524799137E1,9.880053711E2
5.528798928E1,9.880106812E2
5.532799257E1,9.880236206E2
5.536798652E1,9.879951782E2
5.540798783E1,9.880003052E2
5.544798449E1,9.879664917E2
5.548798986E1,9.879977417E2
5.552799090E1,9.879898682E2
5.556798918E1,9.880028076E2
5.560799173E1,9.879873047E2
5.564799705E1,9.879794312E2
5.568798689E1,9.880028076E2
5.572799460E1,9.880106812E2
5.576798934E1,9.880030518E2
5.580800085E1,9.880158081E2
5.584798731E1,9.880003052E2
5.588799069E1,9.880211182E2
5.592799038E1,9.880028076E2
5.596798824E1,9.880053711E2
5.600798580E1,9.879977417E2
5.604798835E1,9.880028076E2
5.608798887E1,9.879977417E2
5.612798590E1,9.880053711E2
5.616798772E1,9.879743652E2
5.620799100E1,9.880079346E2
5.624799022E1,9.879771118E2
5.628799147E1,9.880211182E2
5.632798668E1,9.880081177E2
5.636799043E1,9.879924316E2
5.640798543E1,9.880132446E2
5.644798637E1,9.879928589E2
5.648798460E1,9.880106812E2
5.652798887E1,9.880183105E2
5.656799048E1,9.879875488E2
5.660798527E1,9.880106812E2
5.664798783E1,9.879718018E2
5.668798658E1,9.880236206E2
5.672799080E1,9.880028076E2
5.676798679E1,9.880158081E2
5.680798632E1,9.879977417E2
5.684798522E1,9.880106812E2
5.688799283E1,9.879926147E2
5.692798725E1,9.880053711E2
5.696798423E1,9.879900513E2
5.700798902E1,9.879875488E2
5.704799152E1,9.879875488E2
5.708798710E1,9.879822388E2
5.712799168E1,9.879900513E2
5.716798788E1,9.880081177E2
5.720799491E1,9.880028076E2
5.724799100E1,9.879743652E2
5.728799642E1,9.880081177E2
5.732799184E1,9.880028076E2
5.736798772E1,9.880106812E2
5.740798824E1,9.879875488E2
5.744799184E1,9.880003052E2
5.748798658E1,9.880053711E2
5.752798830E1,9.879977417E2
5.756798408E1,9.880185547E2
5.760799340E1,9.879900513E2
5.764799085E1,9.880081177E2
5.768798918E1,9.879977417E2
5.772798809E1,9.879822388E2
5.776799095E1,9.880109253E2
5.780799017E1,9.880081177E2
5.784798626E1,9.879769287E2
5.788799074E1,9.880028076E2
5.792799955E1,9.880134277E2
5.796798481E1,9.879875488E2
5.800798944E1,9.880106812E2
5.804798913E1,9.879924316E2
5.808798673E1,9.879898682E2
5.812798637E1,9.880053711E2
5.816798705E1,9.879924316E2
5.820798866E1,9.879873047E2
5.824798783E1,9.879871216E2
5.828798642E1,9.880081177E2
5.832798710E1,9.880053711E2
5.836799408E1,9.880159912E2
5.840798804E1,9.879690552E2
5.844799121E1,9.879977417E2
5.848798632E1,9.879949341E2
5.852798632E1,9.879847412E2
5.856798684E1,9.879949341E2
5.860798606E1,9.880056152E2
5.864798741E1,9.879769287E2
5.868798455E1,9.879974976E2
5.872799116E1,9.879637451E2
5.876799574E1,9.880132446E2
5.880799746E1,9.879769287E2
5.884798850E1,9.879949341E2
5.888798840E1,9.880053711E2
5.892798762E1,9.879690552E2
5.896798439E1,9.879794312E2
5.900798595E1,9.879690552E2
5.904799043E1,9.880000610E2
5.908799231E1,9.879896240E2
5.912798725E1,9.880053711E2
5.916799319E1,9.879974976E2
5.920798949E1,9.880106812E2
5.924799215E1,9.880132446E2
5.928799293E1,9.879769287E2
5.932798710E1,9.879845581E2
5.936798673E1,9.880003052E2
5.940799220E1,9.880130005E2
5.944798621E1,9.879666748E2
5.948798788E1,9.880079346E2
5.952798637E1,9.879875488E2
5.956798866E1,9.879924316E2
5.960798986E1,9.879769287E2
5.964798762E1,9.880159912E2
5.968798783E1,9.879924316E2
5.972798949E1,9.880056152E2
5.976798647E1,9.879924316E2
5.980798626E1,9.879871216E2
5.984798830E1,9.879900513E2
5.988798637E1,9.879822388E2
5.992798965E1,9.879715576E2
5.996799054E1,9.880106812E2
6.000798705E1,9.879871216E2
6.004798757E1,9.880079346E2
6.008798934E1,9.880285645E2
6.012798512E1,9.879666748E2
6.016798725E1,9.879900513E2
6.020798658E1,9.880158081E2
6.024799017E1,9.880106812E2
6.028798887E1,9.879639282E2
6.032799126E1,9.880106812E2
6.036798538E1,9.879822388E2
6.040799210E1,9.879974976E2
6.044799007E1,9.879664917E2
6.048799257E1,9.879896240E2
6.052799173E1,9.880003052E2
6.056798465E1,9.879639282E2
6.060798970E1,9.879613647E2
6.064799132E1,9.880003052E2
6.068798981E1,9.880028076E2
6.072798850E1,9.879690552E2
6.076798449E1,9.879951782E2
6.080798460E1,9.880028076E2
6.084798736E1,9.880289917E2
6.088798783E1,9.880053711E2
6.092798913E1,9.880056152E2
6.096798704E1,9.879741211E2
6.100798705E1,9.879637451E2
6.104798679E1,9.879896240E2
6.108799033E1,9.880134277E2
6.112798960E1,9.880000610E2
6.116798470E1,9.879822388E2
6.120799095E1,9.879819946E2
6.124798725E1,9.879896240E2
6.128798512E1,9.880208740E2
6.132799220E1,9.879847412E2
6.136799204E1,9.880028076E2
6.140799033E1,9.879924316E2
6.144798965E1,9.880053711E2
6.148798486E1,9.880104980E2
6.152798428E1,9.879769287E2
6.156799194E1,9.879845581E2
6.160798824E1,9.880104980E2
6.164798507E1,9.879586182E2
6.168798527E1,9.880158081E2
6.172798996E1,9.880028076E2
6.176798934E1,9.879613647E2
6.180799736E1,9.879613647E2
6.184798850E1,9.879016724E2
6.188798897E1,9.878678589E2
6.192799710E1,9.878991089E2
6.196798741E1,9.878808594E2
6.200799460E1,9.878782959E2
6.204799132E1,9.878732300E2
6.208799293E1,9.878732300E2
6.212799251E1,9.878627930E2
6.216798902E1,9.878757324E2
6.220799069E1,9.878757324E2
6.224798501E1,9.879016724E2
6.228799293E1,9.878602295E2
6.232799043E1,9.878808594E2
6.236798918E1,9.878808594E2
6.240799512E1,9.878681030E2
6.244799205E1,9.878445435E2
6.248798835E1,9.878553467E2
6.252798559E1,9.878266602E2
6.256798715E1,9.878782959E2
6.260798783E1,9.879252930E2
6.264799069E1,9.879067993E2
6.268798840E1,9.879432983E2
6.272799085E1,9.879871216E2
6.276799449E1,9.879662476E2
6.280799048E1,9.879845581E2
6.284798835E1,9.879590454E2
6.288798678E1,9.879662476E2
6.292798871E1,9.880159912E2
6.296799054E1,9.880132446E2
6.300799574E1,9.880442505E2
6.304798804E1,9.879741211E2
6.308798809E1,9.880053711E2
6.312799017E1,9.880028076E2
6.316798866E1,9.880159912E2
6.320798892E1,9.879873047E2
6.324798606E1,9.879405518E2
6.328798611E1,9.879611816E2
6.332798783E1,9.879794312E2
6.336798876E1,9.879974976E2
6.340798475E1,9.879639282E2
6.344798840E1,9.879769287E2
6.348799001E1,9.879537354E2
6.352798580E1,9.879822388E2
6.356798481E1,9.879745483E2
6.360799257E1,9.879771118E2
6.364798892E1,9.879666748E2
6.368799168E1,9.879690552E2
6.372798804E1,9.880185547E2
6.376798637E1,9.879900513E2
6.380799147E1,9.879690552E2
6.384798678E1,9.879588623E2
6.388798522E1,9.879639282E2
6.392799402E1,9.879743652E2
6.396799220E1,9.879818115E2
6.400798929E1,9.879560547E2
6.404798527E1,9.879715576E2
6.408798783E1,9.879794312E2
6.412798704E1,9.879769287E2
6.416798824E1,9.879873047E2
6.420799054E1,9.880104980E2
6.424799001E1,9.879715576E2
6.428799095E1,9.879871216E2
6.432799147E1,9.879743652E2
6.436799027E1,9.879664917E2
6.440798684E1,9.879743652E2
6.444798704E1,9.879690552E2
6.448799095E1,9.879871216E2
6.452799069E1,9.879845581E2
6.456798731E1,9.879819946E2
6.460798788E1,9.879741211E2
6.464798975E1,9.879562988E2
6.468798642E1,9.879611816E2
6.472799069E1,9.879715576E2
6.476798663E1,9.879769287E2
6.480798611E1,9.879845581E2
6.484799272E1,9.879690552E2
6.488798668E1,9.879639282E2
6.492798830E1,9.879741211E2
6.496799043E1,9.879845581E2
6.500798678E1,9.879611816E2
6.504798804E1,9.879819946E2
6.508799012E1,9.879715576E2
6.512799116E1,9.879509888E2
6.516798652E1,9.879715576E2
6.520799069E1,9.879819946E2
6.524798835E1,9.879871216E2
6.528798564E1,9.879664917E2
6.532798871E1,9.880026245E2
6.536798470E1,9.879769287E2
6.540799595E1,9.880053711E2
6.544798897E1,9.879743652E2
6.548798991E1,9.879822388E2
6.552798507E1,9.880053711E2
6.556798746E1,9.879769287E2
6.560799012E1,9.880158081E2
6.564798871E1,9.880053711E2
6.568798731E1,9.880130005E2
6.572798902E1,9.879794312E2
6.576798736E1,9.879845581E2
6.580798777E1,9.879641724E2
6.584799064E1,9.880003052E2
6.588799064E1,9.879847412E2
6.592799215E1,9.879896240E2
6.596798965E1,9.879794312E2
6.600798554E1,9.879769287E2
6.604798824E1,9.879822388E2
6.608798512E1,9.879690552E2
6.612798970E1,9.879974976E2
6.616798824E1,9.879666748E2
6.620798533E1,9.880104980E2
6.624799543E1,9.879845581E2
6.628799116E1,9.879794312E2
6.632798939E1,9.879896240E2
6.636798710E1,9.880106812E2
6.640798710E1,9.879690552E2
6.644798819E1,9.880183105E2
6.648799116E1,9.879974976E2
6.652798595E1,9.879847412E2
6.656798939E1,9.879560547E2
6.660798991E1,9.879458618E2
6.664799486E1,9.879847412E2
6.668798444E1,9.879611816E2
6.672798731E1,9.879924316E2
6.676798897E1,9.879949341E2
6.680798590E1,9.879819946E2
6.684798996E1,9.879690552E2
6.688798757E1,9.879743652E2
6.692798710E1,9.879896240E2
6.696798830E1,9.880130005E2
6.700798902E1,9.880285645E2
6.704798788E1,9.879822388E2
6.708798965E1,9.879896240E2
6.712798871E1,9.879898682E2
6.716798465E1,9.879871216E2
6.720799022E1,9.880444946E2
6.724798600E1,9.880234375E2
6.728798814E1,9.880416870E2
6.732798845E1,9.880234375E2
6.736798684E1,9.880003052E2
6.740798517E1,9.880287476E2
6.744799413E1,9.880570068E2
6.748798486E1,9.880468140E2
6.752798918E1,9.880519409E2
6.756798658E1,9.880674438E2
6.760798475E1,9.881607056E2
6.764799554E1,9.881347656E2
6.768798694E1,9.881426392E2
6.772798944E1,9.881375732E2
6.776798970E1,9.881896362E2
6.780799012E1,9.881324463E2
6.784798501E1,9.881116333E2
6.788798804E1,9.881322632E2
6.792799356E1,9.880935669E2
6.796798465E1,9.880935669E2
6.800798975E1,9.880961304E2
6.804799184E1,9.880856934E2
6.808798444E1,9.880544434E2
6.812798850E1,9.880676270E2
6.816798616E1,9.880986328E2
6.820798574E1,9.880544434E2
6.824798955E1,9.880623169E2
6.828798830E1,9.880313110E2
6.832798814E1,9.880572510E2
6.836801293E1,9.880208740E2
6.840799559E1,9.880544434E2
6.844799954E1,9.880442505E2
6.848799460E1,9.880363770E2
6.852799330E1,9.880208740E2
6.856798512E1,9.880416870E2
6.860799027E1,9.880310669E2
6.864798876E1,9.880234375E2
6.868799147E1,9.879947510E2
6.872798767E1,9.880183105E2
6.876798731E1,9.880287476E2
6.880799283E1,9.880079346E2
6.884798809E1,9.880003052E2
6.888799345E1,9.879977417E2
6.892798850E1,9.880053711E2
6.896799147E1,9.880053711E2
6.900799048E1,9.880076904E2
6.904799611E1,9.880466309E2
6.908798559E1,9.880183105E2
6.912799054E1,9.880000610E2
6.916799147E1,9.880130005E2
6.920798783E1,9.879819946E2
6.924798731E1,9.879843140E2
6.928799517E1,9.880208740E2
6.932798704E1,9.880181274E2
6.936798866E1,9.879871216E2
6.940798845E1,9.879949341E2
6.944799043E1,9.880079346E2
6.948798392E1,9.880310669E2
6.952799283E1,9.879924316E2
6.956798871E1,9.880208740E2
6.960799251E1,9.880028076E2
6.964798705E1,9.880132446E2
6.968798704E1,9.879715576E2
6.972798647E1,9.879873047E2
6.976799220E1,9.879662476E2
6.980798699E1,9.879896240E2
6.984798944E1,9.879766846E2
6.988798585E1,9.880026245E2
6.992798496E1,9.880079346E2
6.996798517E1,9.880234375E2
7.000799330E1,9.879871216E2
7.004798569E1,9.880338745E2
7.008798658E1,9.879792480E2
7.012798757E1,9.880260010E2
7.016799043E1,9.880053711E2
7.020799137E1,9.879896240E2
7.024799647E1,9.880003052E2
7.028799262E1,9.880130005E2
7.032799283E1,9.880104980E2
7.036798496E1,9.880028076E2
7.040798819E1,9.880208740E2
7.044798668E1,9.880028076E2
7.048798793E1,9.879819946E2
7.052798679E1,9.880313110E2
7.056799043E1,9.879873047E2
7.060798840E1,9.880053711E2
7.064798658E1,9.879794312E2
7.068799527E1,9.879973145E2
7.072798741E1,9.879898682E2
7.076799064E1,9.880079346E2
7.080798626E1,9.879949341E2
7.084798678E1,9.880287476E2
7.088798902E1,9.880261841E2
7.092799277E1,9.880261841E2
7.096798606E1,9.880208740E2
7.100798590E1,9.880104980E2
7.104798762E1,9.880338745E2
7.108798460E1,9.880338745E2
7.112798486E1,9.879973145E2
7.116798772E1,9.879819946E2
7.120798564E1,9.880313110E2
7.124798824E1,9.879947510E2
7.128799059E1,9.879949341E2
7.132799048E1,9.879715576E2
7.136798481E1,9.879924316E2
7.140799168E1,9.880338745E2
7.144798861E1,9.879898682E2
7.148798897E1,9.879949341E2
7.152799017E1,9.879845581E2
7.156799215E1,9.880079346E2
7.160799319E1,9.879766846E2
7.164799085E1,9.880260010E2
7.168798704E1,9.880260010E2
7.172799137E1,9.880158081E2
7.176799798E1,9.880028076E2
7.180799147E1,9.880132446E2
7.184798746E1,9.880130005E2
7.188798663E1,9.880181274E2
7.192799017E1,9.880158081E2
7.196798731E1,9.879769287E2
7.200799048E1,9.879843140E2
7.204798788E1,9.879769287E2
7.208799007E1,9.880000610E2
7.212798882E1,9.880079346E2
7.216799048E1,9.880079346E2
7.220799121E1,9.880104980E2
7.224798757E1,9.880026245E2
7.228798757E1,9.880003052E2
7.232798819E1,9.880053711E2
7.236798574E1,9.880053711E2
7.240798986E1,9.879949341E2
7.244798684E1,9.880053711E2
7.248799022E1,9.880028076E2
7.252798986E1,9.880104980E2
7.256798767E1,9.879896240E2
7.260799246E1,9.879794312E2
7.264799012E1,9.879873047E2
7.268798501E1,9.879947510E2
7.272798887E1,9.880132446E2
7.276798470E1,9.880285645E2
7.280799413E1,9.880106812E2
7.284798595E1,9.880003052E2
7.288798866E1,9.880028076E2
7.292798413E1,9.880234375E2
7.296798470E1,9.879949341E2
7.300799074E1,9.880079346E2
7.304800486E1,9.880028076E2
7.308798548E1,9.880000610E2
7.312798793E1,9.879819946E2
7.316798876E1,9.880104980E2
7.320799642E1,9.880003052E2
7.324798804E1,9.879949341E2
7.328798663E1,9.879535522E2
7.332798850E1,9.880000610E2
7.336798731E1,9.880053711E2
7.340799215E1,9.880234375E2
7.344799147E1,9.879977417E2
7.348798762E1,9.879977417E2
7.352798824E1,9.879973145E2
7.356799074E1,9.880104980E2
7.360799225E1,9.879818115E2
7.364799069E1,9.880051880E2
7.368799554E1,9.880183105E2
7.372799116E1,9.880260010E2
7.376798720E1,9.880234375E2
7.380798944E1,9.879949341E2
7.384798861E1,9.880028076E2
7.388798720E1,9.880260010E2
7.392798501E1,9.880338745E2
7.396798850E1,9.880158081E2
7.400798804E1,9.880130005E2
7.404798580E1,9.880158081E2
7.408799382E1,9.880287476E2
7.412799059E1,9.880051880E2
7.416799064E1,9.879974976E2
7.420799606E1,9.880338745E2
7.424799168E1,9.880028076E2
7.428799116E1,9.879924316E2
7.432799199E1,9.880079346E2
7.436798486E1,9.880183105E2
7.440798981E1,9.880053711E2
7.444798944E1,9.880079346E2
7.448798981E1,9.880416870E2
7.452798606E1,9.880236206E2
7.456798533E1,9.879741211E2
7.460798991E1,9.880338745E2
7.464799371E1,9.880104980E2
7.468798830E1,9.880079346E2
7.472798569E1,9.880003052E2
7.476799423E1,9.879743652E2
7.480799720E1,9.880104980E2
7.484798465E1,9.879794312E2
7.488798913E1,9.880158081E2
7.492799319E1,9.880260010E2
7.496798923E1,9.880079346E2
7.500798861E1,9.879743652E2
7.504798517E1,9.880416870E2
7.508798991E1,9.880079346E2
7.512798819E1,9.880208740E2
7.516799309E1,9.880234375E2
7.520798798E1,9.880000610E2
7.524798850E1,9.880442505E2
7.528798731E1,9.879898682E2
7.532798777E1,9.879949341E2
7.536799272E1,9.879973145E2
7.540798856E1,9.880155640E2
7.544799538E1,9.880130005E2
7.548799147E1,9.880079346E2
7.552798704E1,9.880104980E2
7.556798705E1,9.880208740E2
7.560799262E1,9.880491333E2
7.564798845E1,9.879974976E2
7.568798882E1,9.880181274E2
7.572798731E1,9.880183105E2
7.576798861E1,9.880416870E2
7.580798564E1,9.880079346E2
7.584798991E1,9.880104980E2
7.588798600E1,9.880000610E2
7.592798777E1,9.879819946E2
7.596799043E1,9.879845581E2
7.600799095E1,9.880208740E2
7.604798694E1,9.880183105E2
7.608799439E1,9.879845581E2
7.612798678E1,9.880260010E2
7.616798580E1,9.880104980E2
7.620799095E1,9.880053711E2
7.624798527E1,9.880079346E2
7.628798616E1,9.880260010E2
7.632798788E1,9.880391846E2
7.636798944E1,9.880181274E2
7.640798913E1,9.880234375E2
7.644798626E1,9.879898682E2
7.648798652E1,9.879974976E2
7.652798512E1,9.879819946E2
7.656799184E1,9.879379883E2
7.660798647E1,9.879509888E2
7.664798850E1,9.879352417E2
7.668798626E1,9.879276123E2
7.672798694E1,9.879301758E2
7.676798486E1,9.879042358E2
7.680798850E1,9.879301758E2
7.684798793E1,9.879586182E2
7.688799173E1,9.879431152E2
7.692798449E1,9.879507446E2
7.696798798E1,9.879301758E2
7.700798793E1,9.879586182E2
7.704798840E1,9.879766846E2
7.708798850E1,9.879769287E2
7.712798616E1,9.879769287E2
7.716798679E1,9.879769287E2
7.720799637E1,9.879637451E2
7.724799548E1,9.879535522E2
7.728799116E1,9.879794312E2
7.732799022E1,9.879664917E2
7.736798673E1,9.879845581E2
7.740799606E1,9.879611816E2
7.744799090E1,9.880130005E2
7.748798788E1,9.880000610E2
7.752798736E1,9.879715576E2
7.756798850E1,9.879664917E2
7.760798679E1,9.879924316E2
7.764798533E1,9.879845581E2
7.768798454E1,9.879871216E2
7.772798897E1,9.879974976E2
7.776799001E1,9.879819946E2
7.780799027E1,9.879949341E2
7.784799074E1,9.879769287E2
7.788798882E1,9.879794312E2
7.792798512E1,9.879794312E2
7.796798960E1,9.879769287E2
7.800799929E1,9.879898682E2
7.804798835E1,9.879949341E2
7.808799538E1,9.880158081E2
7.812799277E1,9.880053711E2
7.816798481E1,9.880028076E2
7.820799658E1,9.880158081E2
7.824798955E1,9.880076904E2
7.828798830E1,9.880003052E2
7.832799220E1,9.879843140E2
7.836799168E1,9.880236206E2
7.840799001E1,9.880158081E2
7.844798632E1,9.880389404E2
7.848799017E1,9.880130005E2
7.852799371E1,9.880338745E2
7.856799121E1,9.880468140E2
7.860799048E1,9.880493774E2
7.864799658E1,9.880313110E2
7.868799074E1,9.880028076E2
7.872799022E1,9.880468140E2
7.876798704E1,9.880415039E2
7.880798736E1,9.880313110E2
7.884798606E1,9.880363770E2
7.888798777E1,9.880415039E2
7.892798637E1,9.880261841E2
7.896798866E1,9.880363770E2
7.900798486E1,9.880260010E2
7.904798939E1,9.880181274E2
7.908798788E1,9.880130005E2
7.912798975E1,9.879920044E2
7.916798574E1,9.879977417E2
7.920798501E1,9.880153809E2
7.924799121E1,9.880234375E2
7.928799147E1,9.880158081E2
7.932799012E1,9.879715576E2
7.936798783E1,9.880076904E2
7.940799225E1,9.879998779E2
7.944799444E1,9.880338745E2
7.948799277E1,9.880338745E2
7.952799194E1,9.880130005E2
7.956798538E1,9.880391846E2
7.960798814E1,9.880440674E2
7.964798824E1,9.880468140E2
7.968799204E1,9.880285645E2
7.972798798E1,9.880076904E2
7.976798678E1,9.880340576E2
7.980798897E1,9.880336304E2
7.984798678E1,9.879974976E2
7.988798882E1,9.880338745E2
7.992798902E1,9.880285645E2
7.996798658E1,9.880287476E2
8.000798444E1,9.880106812E2
8.004798819E1,9.880081177E2
8.008798866E1,9.880023804E2
8.012799262E1,9.880287476E2
8.016799069E1,9.880153809E2
8.020798840E1,9.880079346E2
8.024798465E1,9.880287476E2
8.028798887E1,9.880493774E2
8.032799184E1,9.880181274E2
8.036799126E1,9.880208740E2
8.040798762E1,9.880442505E2
8.044799163E1,9.880076904E2
8.048798606E1,9.879998779E2
8.052799543E1,9.880051880E2
8.056798960E1,9.880026245E2
8.060798767E1,9.880158081E2
8.064798777E1,9.879921875E2
8.068798939E1,9.879974976E2
8.072798392E1,9.880106812E2
8.076798720E1,9.880336304E2
8.080798835E1,9.879920044E2
8.084798554E1,9.880261841E2
8.088798632E1,9.880261841E2
8.092799017E1,9.880257568E2
8.096798741E1,9.880158081E2
8.100799439E1,9.880310669E2
8.104798720E1,9.879921875E2
8.108799481E1,9.880701904E2
8.112800710E1,9.880104980E2
8.116798444E1,9.880338745E2
8.120798746E1,9.879998779E2
8.124798944E1,9.880285645E2
8.128798991E1,9.880183105E2
8.132798897E1,9.880261841E2
8.136798632E1,9.879921875E2
8.140798772E1,9.879896240E2
8.144798772E1,9.879741211E2
8.148799012E1,9.880544434E2
8.152799168E1,9.880232544E2
8.156798731E1,9.880104980E2
8.160798585E1,9.880028076E2
8.164798678E1,9.880130005E2
8.168799293E1,9.879871216E2
8.172798647E1,9.879977417E2
8.176798600E1,9.880260010E2
8.180798595E1,9.880051880E2
8.184798626E1,9.880415039E2
8.188799033E1,9.880232544E2
8.192798897E1,9.880415039E2
8.196798621E1,9.880130005E2
8.200798892E1,9.880000610E2
8.204798704E1,9.880053711E2
8.208798861E1,9.880387573E2
8.212798548E1,9.880338745E2
8.216798704E1,9.880206909E2
8.220799043E1,9.880338745E2
8.224799012E1,9.879921875E2
8.228798673E1,9.880026245E2
8.232799199E1,9.880232544E2
8.236798715E1,9.880026245E2
8.240798830E1,9.880260010E2
8.244798762E1,9.880363770E2
8.248799163E1,9.880285645E2
8.252798652E1,9.880106812E2
8.256798658E1,9.879973145E2
8.260798574E1,9.880466309E2
8.264798809E1,9.880081177E2
8.268798819E1,9.880026245E2
8.272799356E1,9.880206909E2
8.276798704E1,9.880104980E2
8.280799361E1,9.879741211E2
8.284798908E1,9.880130005E2
8.288798996E1,9.880155640E2
8.292798736E1,9.879973145E2
8.296799512E1,9.880076904E2
8.300798678E1,9.879947510E2
8.304799043E1,9.879921875E2
8.308798559E1,9.880130005E2
8.312798637E1,9.880208740E2
8.316798736E1,9.880076904E2
8.320798887E1,9.880363770E2
8.324798809E1,9.880391846E2
8.328799001E1,9.880674438E2
8.332798465E1,9.880440674E2
8.336798876E1,9.880595703E2
8.340798762E1,9.880102539E2
8.344799095E1,9.880491333E2
8.348798720E1,9.880366211E2
8.352798501E1,9.880570068E2
8.356799215E1,9.880806274E2
8.360798704E1,9.880285645E2
8.364798694E1,9.880621338E2
8.368799007E1,9.880933228E2
8.372798939E1,9.880595703E2
8.376798626E1,9.880544434E2
8.380799048E1,9.880595703E2
8.384798835E1,9.880338745E2
8.388798960E1,9.880595703E2
8.392799059E1,9.880102539E2
8.396798694E1,9.880595703E2
8.400798866E1,9.880466309E2
8.404798871E1,9.880287476E2
8.408799184E1,9.879794312E2
8.412799126E1,9.880491333E2
8.416799137E1,9.879769287E2
8.420799069E1,9.880285645E2
8.424798814E1,9.880366211E2
8.428799434E1,9.880493774E2
8.432801205E1,9.881063232E2
8.436799074E1,9.880984497E2
8.440798939E1,9.880984497E2
8.444799017E1,9.880910034E2
8.448799481E1,9.880908203E2
8.452799298E1,9.880727539E2
8.456798590E1,9.881166992E2
8.460799673E1,9.881063232E2
8.464798887E1,9.880595703E2
8.468798913E1,9.880750732E2
8.472798741E1,9.880650635E2
8.476798772E1,9.880466309E2
8.480798673E1,9.880648804E2
8.484799986E1,9.880648804E2
8.488798679E1,9.880544434E2
8.492799074E1,9.880595703E2
8.496798751E1,9.880674438E2
8.500798845E1,9.880440674E2
8.504798512E1,9.880468140E2
8.508799043E1,9.880595703E2
8.512799204E1,9.880387573E2
8.516798408E1,9.880442505E2
8.520799658E1,9.880516968E2
8.524799054E1,9.880336304E2
8.528799173E1,9.880725098E2
8.532798731E1,9.880466309E2
8.536798392E1,9.880363770E2
8.540798454E1,9.880440674E2
8.544798892E1,9.880232544E2
8.548798663E1,9.880544434E2
8.552799054E1,9.880338745E2
8.556798663E1,9.880232544E2
8.560798736E1,9.880260010E2
8.564798439E1,9.880544434E2
8.568798725E1,9.880287476E2
8.572799001E1,9.880287476E2
8.576799189E1,9.880285645E2
8.580799147E1,9.880206909E2
8.584798663E1,9.880336304E2
8.588798830E1,9.880519409E2
8.592798970E1,9.880155640E2
8.596798460E1,9.879947510E2
8.600799225E1,9.880363770E2
8.604798882E1,9.880363770E2
8.608799199E1,9.880519409E2
8.612798689E1,9.880208740E2
8.616798668E1,9.880232544E2
8.620798491E1,9.880232544E2
8.624798908E1,9.880468140E2
8.628798835E1,9.880232544E2
8.632798928E1,9.880051880E2
8.636798757E1,9.880079346E2
8.640799033E1,9.880391846E2
8.644798684E1,9.880234375E2
8.648799095E1,9.880183105E2
8.652798830E1,9.880132446E2
8.656798611E1,9.880130005E2
8.660799043E1,9.880416870E2
8.664799387E1,9.880336304E2
8.668798939E1,9.880391846E2
8.672799085E1,9.880336304E2
8.676798527E1,9.880466309E2
8.680798684E1,9.880232544E2
8.684798705E1,9.880597534E2
8.688799043E1,9.880336304E2
8.692798465E1,9.880285645E2
8.696798496E1,9.880130005E2
8.700799069E1,9.880178833E2
8.704798928E1,9.880415039E2
8.708798902E1,9.880623169E2
8.712798824E1,9.880701904E2
8.716798777E1,9.880491333E2
8.720798965E1,9.880442505E2
8.724798668E1,9.880178833E2
8.728799283E1,9.880104980E2
8.732798871E1,9.880544434E2
8.736798793E1,9.880287476E2
8.740798876E1,9.880516968E2
8.744798762E1,9.880232544E2
8.748798861E1,9.880361938E2
8.752799408E1,9.880079346E2
8.756798788E1,9.880285645E2
8.760799012E1,9.880595703E2
8.764799038E1,9.880416870E2
8.768799048E1,9.880285645E2
8.772798996E1,9.879998779E2
8.776798684E1,9.880363770E2
8.780799074E1,9.880206909E2
8.784799517E1,9.880466309E2
8.788799121E1,9.880491333E2
8.792799048E1,9.880415039E2
8.796798595E1,9.880232544E2
8.800799152E1,9.880260010E2
8.804799152E1,9.880285645E2
8.808798642E1,9.880206909E2
8.812798814E1,9.880232544E2
8.816798600E1,9.880391846E2
8.820798929E1,9.880336304E2
8.824798746E1,9.880391846E2
8.828798746E1,9.880155640E2
8.832799059E1,9.880128174E2
8.836799017E1,9.880415039E2
8.840798861E1,9.880051880E2
8.844798496E1,9.880519409E2
8.848798876E1,9.880336304E2
8.852798835E1,9.880257568E2
8.856798902E1,9.880260010E2
8.860798981E1,9.880106812E2
8.864798871E1,9.880285645E2
8.868798632E1,9.880257568E2
8.872798819E1,9.880336304E2
8.876798908E1,9.880366211E2
8.880798866E1,9.880361938E2
8.884798949E1,9.879998779E2
8.888798835E1,9.880313110E2
8.892798606E1,9.880206909E2
8.896799220E1,9.880466309E2
8.900799069E1,9.880363770E2
8.904799012E1,9.880285645E2
8.908799283E1,9.880338745E2
8.912798517E1,9.880102539E2
8.916798554E1,9.880519409E2
8.920798762E1,9.880468140E2
8.924798725E1,9.880415039E2
8.928799277E1,9.880415039E2
8.932798475E1,9.880334473E2
8.936799043E1,9.880695801E2
8.940798918E1,9.880958862E2
8.944799220E1,9.880671997E2
8.948799152E1,9.880285645E2
8.952799012E1,9.880389404E2
8.956798678E1,9.880516968E2
8.960799126E1,9.880128174E2
8.964798460E1,9.880128174E2
8.968798928E1,9.880310669E2
8.972798543E1,9.880440674E2
8.976799543E1,9.880387573E2
8.980798632E1,9.880232544E2
8.984798684E1,9.880104980E2
8.988799241E1,9.880076904E2
8.992799199E1,9.880336304E2
8.996799080E1,9.880051880E2
9.000799147E1,9.880051880E2
9.004798704E1,9.880361938E2
9.008798512E1,9.880206909E2
9.012798689E1,9.880130005E2
9.016798512E1,9.880102539E2
9.020798981E1,9.880130005E2
9.024798652E1,9.880519409E2
9.028798658E1,9.880361938E2
9.032798611E1,9.879871216E2
9.036799205E1,9.880206909E2
9.040798908E1,9.880310669E2
9.044798892E1,9.880257568E2
9.048799069E1,9.880363770E2
9.052798600E1,9.880232544E2
9.056798798E1,9.880491333E2
9.060798814E1,9.880466309E2
9.064798814E1,9.880361938E2
9.068799512E1,9.880440674E2
9.072800647E1,9.880361938E2
9.076798652E1,9.880260010E2
9.080798699E1,9.880206909E2
9.084798913E1,9.880285645E2
9.088799137E1,9.880570068E2
9.092798965E1,9.880570068E2
9.096798652E1,9.880415039E2
9.100799054E1,9.880102539E2
9.104798762E1,9.880389404E2
9.108798897E1,9.880363770E2
9.112798580E1,9.880361938E2
9.116799330E1,9.880076904E2
9.120798564E1,9.880132446E2
9.124798861E1,9.880076904E2
9.128798736E1,9.880544434E2
9.132799663E1,9.880544434E2
9.136798710E1,9.880493774E2
9.140798658E1,9.880155640E2
9.144799095E1,9.880361938E2
9.148799121E1,9.880181274E2
9.152798527E1,9.880023804E2
9.156798574E1,9.880387573E2
9.160798939E1,9.880338745E2
9.164798783E1,9.880415039E2
9.168799069E1,9.880570068E2
9.172798554E1,9.880257568E2
9.176798731E1,9.880334473E2
9.180798871E1,9.879998779E2
9.184798876E1,9.880387573E2
9.188799173E1,9.880440674E2
9.192799486E1,9.880466309E2
9.196798845E1,9.880204468E2
9.200799345E1,9.879974976E2
9.204799283E1,9.880023804E2
9.208798902E1,9.879790039E2
9.212798746E1,9.879794312E2
9.216798835E1,9.879558716E2
9.220798944E1,9.879507446E2
9.224798767E1,9.879818115E2
9.228798830E1,9.879223022E2
9.232799798E1,9.878806152E2
9.236799100E1,9.878808594E2
9.240798871E1,9.878936157E2
9.244798741E1,9.879739380E2
9.248798731E1,9.880855103E2
9.252799074E1,9.880674438E2
9.256799538E1,9.880516968E2
9.260799048E1,9.879713745E2
9.264799121E1,9.880076904E2
9.268798887E1,9.879739380E2
9.272798981E1,9.879375610E2
9.276798699E1,9.879454346E2
9.280798538E1,9.879456787E2
9.284799189E1,9.879350586E2
9.288798736E1,9.879197388E2
9.292798975E1,9.879715576E2
9.296798819E1,9.879038086E2
9.300799116E1,9.879014893E2
9.304798861E1,9.879091187E2
9.308798455E1,9.878706665E2
9.312799069E1,9.879479980E2
9.316798772E1,9.879896240E2
9.320798699E1,9.879896240E2
9.324799220E1,9.879974976E2
9.328798517E1,9.879871216E2
9.332798835E1,9.880232544E2
9.336798423E1,9.880128174E2
9.340798882E1,9.880776367E2
9.344798908E1,9.880697632E2
9.348798783E1,9.880466309E2
9.352798991E1,9.880750732E2
9.356799017E1,9.881790161E2
9.360799184E1,9.882023926E2
9.364799392E1,9.882748413E2
9.368799126E1,9.883496094E2
9.372798548E1,9.885340576E2
9.376798621E1,9.885442505E2
9.380798715E1,9.884924316E2
9.384798663E1,9.884146729E2
9.388799027E1,9.883343506E2
9.392799350E1,9.883058472E2
9.396799517E1,9.882433472E2
9.400798991E1,9.880699463E2
9.404799241E1,9.881011963E2
9.408798595E1,9.881426392E2
9.412798751E1,9.881195068E2
9.416798590E1,9.879947510E2
9.420799017E1,9.879146118E2
9.424798684E1,9.879324951E2
9.428798538E1,9.877433472E2
9.432798491E1,9.877641602E2
9.436798616E1,9.878937988E2
9.440798981E1,9.880285645E2
9.444798835E1,9.876994019E2
9.448798606E1,9.874558716E2
9.452798736E1,9.874220581E2
9.456798705E1,9.875308838E2
9.460798902E1,9.875463867E2
9.464799490E1,9.876083984E2
9.468799021E1,9.876294556E2
9.472799703E1,9.876810913E2
9.476799287E1,9.877199707E2
9.480799938E1,9.877225342E2
9.484799370E1,9.877641602E2
9.488799599E1,9.877641602E2
9.492799302E1,9.878315430E2
9.496799906E1,9.878157959E2
9.500799031E1,9.878496094E2
9.504799729E1,9.878547363E2
9.508799401E1,9.878808594E2
9.512799162E1,9.878961792E2
9.516799203E1,9.878781128E2
9.520799542E1,9.878884888E2
9.524799099E1,9.879403687E2
9.528799500E1,9.879246216E2
9.532799521E1,9.879456787E2
9.536799156E1,9.879560547E2
9.540799307E1,9.879456787E2
9.544799281E1,9.879688110E2
9.548799323E1,9.879818115E2
9.552799698E1,9.879998779E2
9.556799386E1,9.879637451E2
9.560800115E1,9.879947510E2
9.564799589E1,9.879741211E2
9.568799130E1,9.879896240E2
9.572798979E1,9.880076904E2
9.576799849E1,9.879662476E2
9.580799120E1,9.880153809E2
9.584799547E1,9.880153809E2
9.588799261E1,9.879894409E2
9.592799594E1,9.879790039E2
9.596799458E1,9.879973145E2
9.600799375E1,9.879871216E2
9.604799099E1,9.879794312E2
9.608799021E1,9.880076904E2
9.612799448E1,9.880051880E2
9.616799547E1,9.880076904E2
9.620800292E1,9.880232544E2
9.624799427E1,9.880128174E2
9.628799500E1,9.880181274E2
9.632799776E1,9.880076904E2
9.636799432E1,9.880285645E2
9.640799057E1,9.879947510E2
9.644799750E1,9.880155640E2
9.648799401E1,9.879845581E2
9.652799396E1,9.879894409E2
9.656798964E1,9.880000610E2
9.660799386E1,9.880412598E2
9.664799031E1,9.880389404E2
9.668799703E1,9.880466309E2
9.672799453E1,9.880023804E2
9.676799776E1,9.880051880E2
9.680799646E1,9.879920044E2
9.684799188E1,9.880051880E2
9.688799089E1,9.879947510E2
9.692799245E1,9.879947510E2
9.696799380E1,9.879896240E2
9.700800005E1,9.879845581E2
9.704799255E1,9.880076904E2
9.708799714E1,9.880026245E2
9.712799531E1,9.879947510E2
9.716799287E1,9.880026245E2
9.720799375E1,9.880051880E2
9.724799360E1,9.880153809E2
9.728799677E1,9.880155640E2
9.732799229E1,9.879896240E2
9.736799474E1,9.880232544E2
9.740799448E1,9.879947510E2
9.744799094E1,9.880023804E2
9.748800115E1,9.880415039E2
9.752799490E1,9.879818115E2
9.756799037E1,9.879947510E2
9.760799115E1,9.880130005E2
9.764799333E1,9.880363770E2
9.768799787E1,9.879790039E2
9.772799333E1,9.879896240E2
9.776799505E1,9.880051880E2
9.780799307E1,9.880285645E2
9.784799620E1,9.879920044E2
9.788799224E1,9.880153809E2
9.792799620E1,9.879896240E2
9.796799412E1,9.880130005E2
9.800799261E1,9.879843140E2
9.804799245E1,9.879894409E2
9.808799844E1,9.880204468E2
9.812799177E1,9.879947510E2
9.816799229E1,9.879973145E2
9.820799255E1,9.880051880E2
9.824798984E1,9.880051880E2
9.828799021E1,9.879998779E2
9.832799500E1,9.880181274E2
9.836799328E1,9.880075073E2
9.840799208E1,9.879973145E2
9.844799021E1,9.879973145E2
9.848799229E1,9.880102539E2
9.852799172E1,9.880102539E2
9.856799620E1,9.880130005E2
9.860799292E1,9.880051880E2
9.864799057E1,9.880051880E2
9.868799646E1,9.880387573E2
9.872799208E1,9.879896240E2
9.876799099E1,9.879998779E2
9.880799849E1,9.880181274E2
9.884799787E1,9.880178833E2
9.888799573E1,9.880232544E2
9.892800271E1,9.880076904E2
9.896799729E1,9.880232544E2
9.900798979E1,9.879819946E2
9.904799276E1,9.880051880E2
9.908799479E1,9.880051880E2
9.912800141E1,9.880051880E2
9.916799568E1,9.880051880E2
9.920799260E1,9.880338745E2
9.924799156E1,9.880285645E2
9.928799245E1,9.880153809E2
9.932799167E1,9.880155640E2
9.936799755E1,9.880051880E2
9.940799333E1,9.880260010E2
9.944799766E1,9.880308838E2
9.948799818E1,9.880128174E2
9.952799057E1,9.880051880E2
9.956799021E1,9.880257568E2
9.960799828E1,9.879920044E2
9.964799266E1,9.880102539E2
9.968798974E1,9.880206909E2
9.972799469E1,9.880023804E2
9.976799401E1,9.880102539E2
9.980799234E1,9.880104980E2
9.984799318E1,9.880232544E2
9.988799438E1,9.879868774E2
9.992799115E1,9.880206909E2
9.996799276E1,9.880051880E2
1.000079919E2,9.880130005E2
1.000479976E2,9.880128174E2
1.000879959E2,9.880102539E2
1.001279945E2,9.880204468E2
1.001679931E2,9.880285645E2
1.002079957E2,9.879998779E2
1.002479926E2,9.880208740E2
1.002880013E2,9.880336304E2
1.003280113E2,9.880128174E2
1.003679926E2,9.880155640E2
1.004079914E2,9.880232544E2
1.004479954E2,9.880204468E2
1.004879928E2,9.880260010E2
1.005279928E2,9.880155640E2
1.005679920E2,9.880075073E2
1.006079954E2,9.879843140E2
1.006479956E2,9.880023804E2
1.006879933E2,9.880260010E2
1.007279956E2,9.880232544E2
1.007680009E2,9.880104980E2
1.008080017E2,9.879920044E2
1.008479926E2,9.880155640E2
1.008879980E2,9.880128174E2
1.009279948E2,9.880026245E2
1.009679913E2,9.880076904E2
1.010079936E2,9.880285645E2
1.010479978E2,9.880155640E2
1.010879906E2,9.880076904E2
1.011279954E2,9.880051880E2
1.011679908E2,9.880130005E2
1.012079920E2,9.879947510E2
1.012479965E2,9.880155640E2
1.012879918E2,9.880051880E2
1.013279937E2,9.880338745E2
1.013679972E2,9.880310669E2
1.014079915E2,9.880023804E2
1.014479916E2,9.879765015E2
1.014879972E2,9.879741211E2
1.015279926E2,9.879894409E2
1.015679968E2,9.879584351E2
1.016079970E2,9.879688110E2
1.016479950E2,9.879246216E2
1.016879946E2,9.879171753E2
1.017279899E2,9.879197388E2
1.017679929E2,9.878806152E2
1.018079928E2,9.878391724E2
1.018479950E2,9.879431152E2
1.018879898E2,9.879790039E2
1.019279910E2,9.879921875E2
1.019679926E2,9.880856934E2
1.020079934E2,9.880260010E2
1.020479934E2,9.880542603E2
1.020879964E2,9.881010132E2
1.021280000E2,9.880982666E2
1.021680001E2,9.881010132E2
1.022079957E2,9.881345825E2
1.022479923E2,9.881035767E2
1.022879934E2,9.880648804E2
1.023279947E2,9.880750732E2
1.023679907E2,9.880623169E2
1.024079905E2,9.880260010E2
1.024479962E2,9.879690552E2
1.024880030E2,9.879790039E2
1.025279929E2,9.879556274E2
1.025679948E2,9.879766846E2
1.026079986E2,9.879635010E2
1.026479918E2,9.880128174E2
1.026879923E2,9.880958862E2
1.027279904E2,9.881141968E2
1.027679923E2,9.880958862E2
1.028079949E2,9.881345825E2
1.028479948E2,9.880880127E2
1.028879913E2,9.881113892E2
1.029279924E2,9.880750732E2
1.029679902E2,9.880674438E2
1.030079931E2,9.880855103E2
1.030479969E2,9.880361938E2
1.030879931E2,9.881632690E2
1.031279906E2,9.881477661E2
1.031679918E2,9.881192627E2
1.032079960E2,9.881060791E2
1.032480052E2,9.881166992E2
1.032879976E2,9.880674438E2
1.033279933E2,9.880516968E2
1.033679954E2,9.880723267E2
1.034079925E2,9.880516968E2
1.034479923E2,9.880519409E2
1.034879914E2,9.880697632E2
1.035279928E2,9.880725098E2
1.035679980E2,9.880595703E2
1.036079920E2,9.880623169E2
1.036479970E2,9.880466309E2
1.036879915E2,9.880674438E2
1.037279995E2,9.880359497E2
1.037679911E2,9.880674438E2
1.038080008E2,9.880387573E2
1.038479943E2,9.880153809E2
1.038879942E2,9.880260010E2
1.039279933E2,9.880285645E2
1.039679964E2,9.880440674E2
1.040079956E2,9.880466309E2
1.040479981E2,9.880361938E2
1.040880002E2,9.880285645E2
1.041279924E2,9.880076904E2
1.041679979E2,9.880257568E2
1.042079933E2,9.880516968E2
1.042479937E2,9.880153809E2
1.042879926E2,9.880206909E2
1.043279967E2,9.880232544E2
1.043679902E2,9.880313110E2
1.044079965E2,9.880232544E2
1.044479983E2,9.880153809E2
1.044879913E2,9.880178833E2
1.045279933E2,9.880723267E2
1.045679923E2,9.880310669E2
1.046079921E2,9.880338745E2
1.046479992E2,9.880387573E2
1.046879965E2,9.880076904E2
1.047279926E2,9.880076904E2
1.047679926E2,9.880232544E2
1.048079928E2,9.880130005E2
1.048479945E2,9.880440674E2
1.048880044E2,9.879921875E2
1.049279981E2,9.879973145E2
1.049679909E2,9.880076904E2
1.050079956E2,9.880076904E2
1.050479907E2,9.880181274E2
1.050879961E2,9.879818115E2
1.051279942E2,9.880000610E2
1.051679946E2,9.880102539E2
1.052079913E2,9.880076904E2
1.052479928E2,9.880128174E2
1.052879926E2,9.880232544E2
1.053279909E2,9.880544434E2
1.053679967E2,9.879921875E2
1.054079928E2,9.880336304E2
1.054480009E2,9.880260010E2
1.054879944E2,9.880232544E2
1.055279926E2,9.880260010E2
1.055679918E2,9.880285645E2
1.056079990E2,9.879843140E2
1.056479945E2,9.880075073E2
1.056879950E2,9.880130005E2
1.057279959E2,9.880051880E2
1.057679896E2,9.880387573E2
1.058080001E2,9.880204468E2
1.058479928E2,9.880181274E2
1.058879963E2,9.880310669E2
1.059279936E2,9.880023804E2
1.059679949E2,9.880285645E2
1.060079899E2,9.880260010E2
1.060480016E2,9.880051880E2
1.060879940E2,9.880519409E2
1.061279929E2,9.880128174E2
1.061679918E2,9.880338745E2
1.062079925E2,9.880208740E2
1.062479907E2,9.879947510E2
1.062879963E2,9.880232544E2
1.063279961E2,9.880285645E2
1.063679908E2,9.880051880E2
1.064080004E2,9.880313110E2
1.064479970E2,9.880075073E2
1.064879927E2,9.880181274E2
1.065279945E2,9.880208740E2
1.065679925E2,9.880051880E2
1.066079960E2,9.880361938E2
1.066479941E2,9.880232544E2
1.066879917E2,9.880361938E2
1.067279904E2,9.880387573E2
1.067679931E2,9.880181274E2
1.068079946E2,9.880313110E2
1.068480022E2,9.880128174E2
1.068879936E2,9.880361938E2
1.069279963E2,9.880519409E2
1.069679939E2,9.880076904E2
1.070079971E2,9.880208740E2
1.070479920E2,9.879843140E2
1.070879951E2,9.880232544E2
1.071279907E2,9.880153809E2
1.071680004E2,9.880128174E2
1.072079911E2,9.880570068E2
1.072479936E2,9.880285645E2
1.072879964E2,9.880415039E2
1.073279931E2,9.880285645E2
1.073679952E2,9.880051880E2
1.074079930E2,9.880208740E2
1.074480006E2,9.879998779E2
1.074879976E2,9.880104980E2
1.075279972E2,9.880232544E2
1.075679954E2,9.880338745E2
1.076079951E2,9.880260010E2
1.076479899E2,9.880155640E2
1.076879994E2,9.879896240E2
1.077279946E2,9.879947510E2
1.077679972E2,9.880570068E2
1.078079952E2,9.880260010E2
1.078479926E2,9.880104980E2
1.078879927E2,9.880285645E2
1.079279972E2,9.879998779E2
1.079679937E2,9.879921875E2
1.080079915E2,9.880519409E2
1.080480039E2,9.880412598E2
1.080879896E2,9.879921875E2
1.081280003E2,9.879920044E2
1.081679971E2,9.879920044E2
1.082079917E2,9.880570068E2
1.082479980E2,9.880674438E2
1.082879905E2,9.880338745E2
1.083279976E2,9.880336304E2
1.083679966E2,9.880181274E2
1.084079975E2,9.880153809E2
1.084480028E2,9.880076904E2
1.084879946E2,9.880440674E2
1.085279946E2,9.880155640E2
1.085679905E2,9.880415039E2
1.086079938E2,9.879896240E2
1.086479923E2,9.880204468E2
1.086879964E2,9.880389404E2
1.087279988E2,9.880023804E2
1.087679933E2,9.880178833E2
1.088079923E2,9.879947510E2
1.088480004E2,9.880440674E2
1.088879948E2,9.880128174E2
1.089279932E2,9.880544434E2
1.089679897E2,9.880130005E2
1.090079968E2,9.880257568E2
1.090480020E2,9.880232544E2
1.090879932E2,9.880206909E2
1.091279961E2,9.880204468E2
1.091679927E2,9.880595703E2
1.092079933E2,9.880260010E2
1.092479968E2,9.880361938E2
1.092879928E2,9.880491333E2
1.093279991E2,9.880440674E2
1.093679913E2,9.880153809E2
1.094079939E2,9.880257568E2
1.094479936E2,9.880260010E2
1.094879927E2,9.880361938E2
1.095279938E2,9.880128174E2
1.095679970E2,9.880387573E2
1.096079941E2,9.880597534E2
1.096479959E2,9.880051880E2
1.096879959E2,9.880308838E2
1.097279959E2,9.880519409E2
1.097679950E2,9.880438232E2
1.098079938E2,9.880023804E2
1.098479952E2,9.880023804E2
1.098879948E2,9.880153809E2
1.099279920E2,9.880128174E2
1.099679927E2,9.880285645E2
1.100079899E2,9.880440674E2
1.100479924E2,9.879998779E2
1.100879942E2,9.880491333E2
1.101279983E2,9.880308838E2
1.101679944E2,9.880387573E2
1.102079971E2,9.880257568E2
1.102479919E2,9.880075073E2
1.102879944E2,9.880128174E2
1.103279915E2,9.880257568E2
1.103679914E2,9.880183105E2
1.104079944E2,9.880076904E2
1.104479898E2,9.880204468E2
1.104879905E2,9.880155640E2
1.105279940E2,9.880466309E2
1.105679988E2,9.880336304E2
1.106079931E2,9.880285645E2
1.106479893E2,9.880153809E2
1.106879920E2,9.880283203E2
1.107279930E2,9.880181274E2
1.107679940E2,9.880646362E2
1.108079932E2,9.880023804E2
1.108479935E2,9.880257568E2
1.108879923E2,9.880389404E2
1.109279941E2,9.880595703E2
1.109679927E2,9.880361938E2
1.110079909E2,9.880412598E2
1.110479944E2,9.880051880E2
1.110879961E2,9.880361938E2
1.111279976E2,9.880283203E2
1.111679944E2,9.880051880E2
1.112080031E2,9.880310669E2
1.112479936E2,9.880544434E2
1.112879952E2,9.880234375E2
1.113279964E2,9.880026245E2
1.113679915E2,9.880283203E2
1.114079907E2,9.880102539E2
1.114479965E2,9.880181274E2
1.114879898E2,9.880387573E2
1.115279944E2,9.880285645E2
1.115679938E2,9.880415039E2
1.116079979E2,9.880387573E2
1.116479907E2,9.880232544E2
1.116879950E2,9.880440674E2
1.117279932E2,9.880102539E2
1.117679951E2,9.880285645E2
1.118079965E2,9.880204468E2
1.118479918E2,9.880183105E2
1.118879916E2,9.880232544E2
1.119279947E2,9.880260010E2
1.119679955E2,9.880283203E2
1.120080046E2,9.880257568E2
1.120479907E2,9.880310669E2
1.120879898E2,9.880128174E2
1.121279911E2,9.880336304E2
1.121679949E2,9.880023804E2
1.122079932E2,9.880338745E2
1.122479906E2,9.880257568E2
1.122879972E2,9.880051880E2
1.123279910E2,9.880285645E2
1.123679932E2,9.880181274E2
1.124079921E2,9.880285645E2
1.124479963E2,9.880206909E2
1.124879933E2,9.880181274E2
1.125279920E2,9.880493774E2
1.125679895E2,9.880285645E2
1.126080005E2,9.880260010E2
1.126479961E2,9.880206909E2
1.126879934E2,9.880079346E2
1.127279931E2,9.880051880E2
1.127679952E2,9.880387573E2
1.128079944E2,9.880310669E2
1.128479937E2,9.880440674E2
1.128879993E2,9.880336304E2
1.129279989E2,9.880232544E2
1.129679954E2,9.880440674E2
1.130079931E2,9.880415039E2
1.130479904E2,9.880102539E2
1.130880194E2,9.880051880E2
1.131279989E2,9.880257568E2
1.131680017E2,9.880336304E2
1.132079966E2,9.880491333E2
1.132479902E2,9.880466309E2
1.132879926E2,9.880338745E2
1.133279998E2,9.880051880E2
1.133679920E2,9.880049438E2
1.134080004E2,9.880336304E2
1.134479961E2,9.880363770E2
1.134879926E2,9.880255737E2
1.135279916E2,9.880310669E2
1.135679918E2,9.879970703E2
1.136079952E2,9.880285645E2
1.136479921E2,9.880181274E2
1.136879967E2,9.880387573E2
1.137279946E2,9.880338745E2
1.137680015E2,9.880389404E2
1.138079971E2,9.880336304E2
1.138479998E2,9.880206909E2
1.138879962E2,9.880125732E2
1.139279911E2,9.880285645E2
1.139679914E2,9.880283203E2
1.140080009E2,9.880491333E2
1.140480003E2,9.880359497E2
1.140879937E2,9.880204468E2
1.141279958E2,9.880310669E2
1.141679954E2,9.880178833E2
1.142079927E2,9.880130005E2
1.142479996E2,9.880075073E2
1.142879964E2,9.880204468E2
1.143279959E2,9.880308838E2
1.143679921E2,9.880387573E2
1.144080063E2,9.880466309E2
1.144479925E2,9.879970703E2
1.144879954E2,9.880075073E2
1.145279976E2,9.880540161E2
1.145679914E2,9.880257568E2
1.146079962E2,9.880516968E2
1.146480016E2,9.880336304E2
1.146879910E2,9.880181274E2
1.147279924E2,9.880283203E2
1.147679957E2,9.880336304E2
1.148079952E2,9.880151367E2
1.148479901E2,9.880336304E2
1.148879949E2,9.880204468E2
1.149279901E2,9.880334473E2
1.149679914E2,9.880646362E2
1.150079945E2,9.880204468E2
1.150479942E2,9.880568237E2
1.150879918E2,9.880255737E2
1.151279916E2,9.880387573E2
1.151679901E2,9.880023804E2
1.152079936E2,9.880463867E2
1.152479946E2,9.880232544E2
1.152880014E2,9.880255737E2
1.153279941E2,9.880308838E2
1.153679901E2,9.880283203E2
1.154079980E2,9.880128174E2
1.154479952E2,9.880412598E2
1.154879972E2,9.880440674E2
1.155279942E2,9.879970703E2
1.155679939E2,9.880463867E2
1.156079903E2,9.880359497E2
1.156479923E2,9.880181274E2
1.156879923E2,9.880204468E2
1.157279934E2,9.880515137E2
1.157679952E2,9.880232544E2
1.158079947E2,9.880410767E2
1.158479940E2,9.880336304E2
1.158879950E2,9.880151367E2
1.159279926E2,9.880359497E2
1.159679957E2,9.880336304E2
1.160079929E2,9.880646362E2
1.160480016E2,9.880489502E2
1.160879901E2,9.880232544E2
1.161279934E2,9.880308838E2
1.161679952E2,9.880206909E2
1.162079928E2,9.879947510E2
1.162479959E2,9.880621338E2
1.162879996E2,9.880000610E2
1.163280034E2,9.880361938E2
1.163679970E2,9.880748901E2
1.164079960E2,9.880387573E2
1.164479949E2,9.880463867E2
1.164879972E2,9.880232544E2
1.165279924E2,9.880232544E2
1.165679928E2,9.880178833E2
1.166079964E2,9.880023804E2
1.166479926E2,9.879894409E2
1.166879967E2,9.880051880E2
1.167279902E2,9.880181274E2
1.167679954E2,9.880051880E2
1.168079930E2,9.880049438E2
1.168479922E2,9.880336304E2
1.168879932E2,9.880440674E2
1.169279930E2,9.880412598E2
1.169679932E2,9.880415039E2
1.170079943E2,9.880463867E2
1.170479988E2,9.880310669E2
1.170879957E2,9.880387573E2
1.171279949E2,9.880102539E2
1.171679929E2,9.880595703E2
1.172079941E2,9.880466309E2
1.172479919E2,9.880128174E2
1.172880044E2,9.880593262E2
1.173279944E2,9.880412598E2
1.173679937E2,9.880412598E2
1.174079914E2,9.880336304E2
1.174480055E2,9.880646362E2
1.174879969E2,9.880466309E2
1.175279931E2,9.880466309E2
1.175679922E2,9.880255737E2
1.176079990E2,9.880544434E2
1.176479934E2,9.880178833E2
1.176879944E2,9.880230103E2
1.177279916E2,9.880232544E2
1.177679918E2,9.880178833E2
1.178079932E2,9.879970703E2
1.178479986E2,9.879790039E2
1.178879965E2,9.880257568E2
1.179279926E2,9.880568237E2
1.179679925E2,9.880515137E2
1.180079955E2,9.880125732E2
1.180479976E2,9.880257568E2
1.180879976E2,9.880644531E2
1.181279929E2,9.880281372E2
1.181679955E2,9.880308838E2
1.182079960E2,9.880281372E2
1.182479928E2,9.880359497E2
1.182879951E2,9.880387573E2
1.183279996E2,9.880593262E2
1.183679900E2,9.880306396E2
1.184079968E2,9.880125732E2
1.184479918E2,9.880540161E2
1.184879953E2,9.879998779E2
1.185279924E2,9.880491333E2
1.185679931E2,9.880359497E2
1.186079934E2,9.880178833E2
1.186479931E2,9.880387573E2
1.186879964E2,9.880334473E2
1.187279919E2,9.880075073E2
1.187679966E2,9.880151367E2
1.188079950E2,9.880204468E2
1.188479939E2,9.880283203E2
1.188879948E2,9.880178833E2
1.189279943E2,9.880204468E2
1.189679898E2,9.880334473E2
1.190079989E2,9.880359497E2
1.190479920E2,9.880491333E2
1.190879945E2,9.880177002E2
1.191279941E2,9.879998779E2
1.191679949E2,9.880257568E2
1.192079966E2,9.880308838E2
1.192479959E2,9.880153809E2
1.192879968E2,9.880153809E2
1.193279968E2,9.880204468E2
1.193679909E2,9.880204468E2
1.194079987E2,9.880463867E2
1.194479976E2,9.880204468E2
1.194880047E2,9.880387573E2
1.195279945E2,9.880049438E2
1.195679909E2,9.880334473E2
1.196079930E2,9.880489502E2
1.196480024E2,9.881966553E2
1.196879967E2,9.880723267E2
