time,angularVelocity_x,angularVelocity_y,angularVelocity_z
1699310147788,0.03179274,0.01149133,0.00577236
1699310147799,-0.00244551,-0.01491858,0.006496586
1699310147813,-0.004802693,-0.0190037,0.005852339
1699310147833,-0.001937128,-0.02243514,0.006579155
1699310147853,0.003117082,-0.02062243,0.004582171
1699310147873,0.002985473,-0.01944983,0.001268437
1699310147889,-0.0002763556,-0.01486468,-0.001760093
1699310147906,-0.002704563,-0.009304876,-0.00346133
1699310147922,-0.00696383,-0.003687171,-0.002327016
1699310147939,-0.008481386,0.003910138,-0.002672511
1699310147956,-0.004068619,0.007832142,-0.001501866
1699310147971,0.003164406,0.007371026,-0.004038786
1699310147986,0.008978292,0.005814867,-0.001435199
1699310148003,0.01343238,0.006565006,-0.00137675
1699310148015,0.01640984,0.004304868,-0.005026045
1699310148029,0.01301964,0.007721224,-0.003683679
1699310148048,0.01299642,0.00676122,-0.008107304
1699310148060,0.01135652,0.005766647,-0.006336584
1699310148074,0.01281463,0.005499065,0.0006629729
1699310148089,0.01736407,0.003162251,-0.004776954
1699310148103,0.02421346,0.004815246,-0.005182809
1699310148117,0.02376548,0.006841963,0.001331264
1699310148129,0.02383055,0.004645438,0.004642894
1699310148143,0.01648393,0.008203032,0.01266595
1699310148159,0.01353066,0.006315745,0.01077915
1699310148172,0.004916131,0.008090614,0.006310724
1699310148185,0.006469266,0.007030859,9.571222e-05
1699310148200,0.004202914,0.007268535,-0.003814061
1699310148214,0.002968186,0.007426991,-0.007450995
1699310148228,0.002620359,0.006364851,-0.006438673
1699310148243,-0.001076494,0.005538712,-0.005205677
1699310148258,0.002229857,0.008485514,-0.004338406
1699310148273,0.008956794,0.01226328,-0.003664623
1699310148287,0.009803221,0.01651122,-0.005651971
1699310148304,0.009561015,0.01977453,-0.007916999
1699310148318,0.004158776,0.02115043,-0.003840471
1699310148331,0.002530155,0.02441552,-0.0009458462
1699310148340,-0.003853498,0.02268175,0.001767606
1699310148353,-0.001963346,0.02138545,0.006701903
1699310148368,-0.003865341,0.01843476,0.0006553502
1699310148382,0.009300045,0.01529285,0.004193754
1699310148395,0.01308973,0.01171444,0.009635265
1699310148409,0.01364578,0.006266003,0.01421208
1699310148422,0.02186314,0.00365391,0.007586684
1699310148437,0.02183941,-0.0005974632,0.006482181
1699310148451,0.01857536,-0.000297518,0.002293202
1699310148465,0.008851254,-0.002781254,0.0007831151
1699310148478,0.004742852,-0.001468052,0.004092732
1699310148491,0.00215083,-0.002302732,0.001185777
1699310148504,0.004667328,-0.002529151,0.004076244
1699310148518,0.006791866,-0.001623712,0.004644629
1699310148533,0.006360111,-0.003743601,0.005641123
1699310148548,0.002339981,-0.002367218,0.004552449
1699310148561,0.002072057,-0.003365601,0.001168326
1699310148575,0.0003012138,-0.003213086,-0.0004144971
1699310148588,-0.004373292,-0.008143838,-0.004963668
1699310148602,-0.008740344,-0.008827131,-0.009449225
1699310148616,-0.01231145,-0.01277707,-0.01370605
1699310148631,-0.02183164,-0.01632182,-0.01625024
1699310148644,-0.0182607,-0.01336758,-0.01640499
1699310148656,-0.01680264,-0.01232135,-0.02154678
1699310148672,-0.01673952,-0.01126288,-0.02151832
1699310148685,-0.01390809,-0.007237882,-0.01857318
1699310148700,-0.01580227,-0.005948605,-0.02350623
1699310148712,-0.0169595,-0.003725532,-0.022712
1699310148726,-0.01872228,0.0006577221,-0.02317327
1699310148741,-0.0198884,0.002852383,-0.02236679
1699310148755,-0.01604813,0.005831097,-0.02354881
1699310148769,-0.01009478,0.005451305,-0.02528377
1699310148783,-0.005994441,0.005171863,-0.02418813
1699310148796,-0.006548958,0.005170814,-0.02212409
1699310148810,-0.008524611,0.003093903,-0.01935416
1699310148822,-0.007969646,0.003107683,-0.02141714
1699310148837,-0.008950545,0.005215563,-0.01724155
1699310148852,-0.01296933,0.002320221,-0.01943883
1699310148866,-0.01571999,0.004555917,-0.01684611
1699310148880,-0.02002618,0.002629405,-0.01359476
1699310148894,-0.01975479,0.002622959,-0.01462142
1699310148907,-0.01945719,0.001666291,-0.02008205
1699310148920,-0.02548422,0.004228413,-0.02166923
1699310148933,-0.0314633,0.008767791,-0.01880828
1699310148947,-0.03973829,0.009255531,-0.01659809
1699310148964,-0.05204264,0.01395799,-0.006593314
1699310148979,-0.06558742,0.01588895,-0.009108797
1699310148991,-0.06761952,0.01843178,-0.01732039
1699310149005,-0.07314891,0.01661902,-0.01774318
1699310149020,-0.07330253,0.0187293,-0.01664464
1699310149033,-0.0724862,0.02308471,-0.01852966
1699310149046,-0.07193727,0.02596775,-0.01168084
1699310149060,-0.06773039,0.02778407,-0.01047627
1699310149075,-0.06641226,0.0320765,-0.010022
1699310149088,-0.06647602,0.03100868,-0.01006924
1699310149103,-0.06852694,0.03115668,-0.01059526
1699310149116,-0.06903871,0.03024277,-0.0129941
1699310149130,-0.06971966,0.02807396,-0.01106659
1699310149144,-0.06138108,0.02727586,-0.005429475
1699310149158,-0.05115972,0.0212831,-0.003912563
1699310149171,-0.04263222,0.01465851,-0.008469
1699310149184,-0.03540729,0.01520825,-0.006445297
1699310149199,-0.03264099,0.009685602,-0.005886209
1699310149213,-0.03472597,0.01017806,0.005758491
1699310149227,-0.02939099,0.003536688,0.004763031
1699310149241,-0.02452033,-0.001097698,0.005913759
1699310149255,-0.02042285,-0.003264686,0.002522762
1699310149268,-0.02015929,-0.006629444,0.004668343
1699310149281,-0.02066705,-0.007522126,0.002266434
1699310149297,-0.02107978,-0.009684492,0.003151232
1699310149310,-0.02472343,-0.007690951,0.008897593
1699310149324,-0.02216338,-0.006975501,0.01186638
1699310149337,-0.02209277,-0.00406612,0.0164744
1699310149350,-0.01890996,-0.002183101,0.01744204
1699310149365,-0.01822185,-0.001522563,0.02321872
1699310149380,-0.02090364,-0.000699763,0.0291664
1699310149394,-0.0260157,-0.002117295,0.02324309
1699310149408,-0.02608749,-0.005016307,0.01864253
1699310149421,-0.02230111,-0.007220108,0.01624736
1699310149435,-0.01482852,-0.01193009,0.01587255
1699310149448,-0.005074238,-0.01600887,0.0194692
1699310149462,0.002123357,-0.01736601,0.01695887
1699310149476,0.003046974,-0.01772469,0.02164107
1699310149490,0.006936575,-0.01365716,0.02069462
1699310149505,0.009662267,-0.01083563,0.0237944
1699310149520,0.005951687,-0.00755374,0.02626402
1699310149533,0.002373239,-0.002140496,0.02888465
1699310149547,0.003200702,-0.001217002,0.0302596
1699310149561,0.01160301,-0.002945167,0.031367
1699310149575,0.01548995,-0.002280391,0.03357014
1699310149588,0.01616699,-0.003489753,0.03479876
1699310149602,0.0111906,-0.005100683,0.03224783
1699310149616,0.004617008,-0.006700664,0.03148855
1699310149631,-0.003367081,-0.008534982,0.03587374
1699310149644,-0.005426371,-0.008361191,0.03531829
1699310149656,-0.006866836,-0.01041332,0.03594106
1699310149671,-0.008805629,-0.01152984,0.03868159
1699310149685,-0.01188212,-0.01046395,0.04232199
1699310149701,-0.01034558,-0.01384157,0.0437055
1699310149715,-0.003998983,-0.01779438,0.04746874
1699310149728,0.007261431,-0.02046457,0.0415407
1699310149742,0.009605348,-0.021425,0.03657815
1699310149755,0.007377795,-0.0225633,0.04035707
1699310149770,0.001901159,-0.02314933,0.03996382
1699310149783,-0.01388583,-0.02529552,0.04450078
1699310149797,-0.02356661,-0.02181333,0.03653066
1699310149810,-0.0255456,-0.02521076,0.02592261
1699310149825,-0.0169306,-0.02781112,0.02146729
1699310149839,-0.002640556,-0.02538502,0.01430652
1699310149853,0.004421846,-0.02721161,0.01608641
1699310149866,0.01018111,-0.02973072,0.01418017
1699310149880,0.01301497,-0.02695596,0.01725387
1699310149893,0.01390228,-0.02265094,0.01546959
1699310149909,0.01454755,-0.01601805,0.01147317
1699310149922,0.01170133,-0.01641807,0.005202354
1699310149936,0.01217152,-0.01112444,0.005534911
1699310149951,0.01153097,-0.00678009,0.00554308
1699310149964,0.01292035,-0.005791266,0.004839615
1699310149977,0.01111256,-0.00266786,0.008908289
1699310149991,0.01545369,-0.0007238894,0.005693753
1699310150006,0.01630742,0.0001856331,0.007053987
1699310150019,0.01040141,0.003760202,0.01007207
1699310150033,0.01015529,0.007387321,0.02118258
1699310150047,0.00531076,0.008521019,0.02768365
1699310150061,0.0003933111,0.008308774,0.02088896
1699310150075,-0.0006100597,0.006087112,0.02385532
1699310150087,0.0003040577,0.007252979,0.0208234
1699310150103,0.0006252509,-0.0002669008,0.02063541
1699310150116,0.002854876,-0.003849263,0.02329693
1699310150130,0.0006599081,-0.002585881,0.02386416
1699310150145,0.001084112,-0.003579273,0.02173457
1699310150159,-0.001666149,-0.002389687,0.0243727
1699310150172,0.001123947,-0.0004376492,0.02295877
1699310150187,0.0005839756,-0.0005193549,0.02502383
1699310150198,0.001787975,-0.001655816,0.02419468
1699310150214,0.007167664,-0.002215773,0.02447069
1699310150227,0.009430918,-0.003218993,0.01950259
1699310150242,0.01023635,-0.005453483,0.01964046
1699310150256,0.009910826,-0.006291704,0.01621529
1699310150269,0.009914397,-0.006276056,0.01621742
1699310150282,0.006999454,-0.006938072,0.01433994
1699310150296,0.006460443,-0.004668316,0.01316989
1699310150312,0.01109052,-0.005089865,0.01214788
1699310150325,0.01217211,-0.002064763,0.01361656
1699310150340,0.01111171,-0.002188391,0.01774412
1699310150353,0.01201722,-0.003374238,0.01794829
1699310150367,0.01034788,-0.002034572,0.01645464
1699310150380,0.009967904,-0.003116769,0.01742987
1699310150394,0.008835965,-0.004048602,0.01710562
1699310150408,0.009669599,-0.00837585,0.01609914
1699310150421,0.01313498,-0.009994501,0.01913499
1699310150440,0.01597547,-0.01247592,0.01980461
1699310150449,0.02261565,-0.01571573,0.02693831
1699310150464,0.029959,-0.01971673,0.02651952
1699310150476,0.02902105,-0.01876028,0.03070614
1699310150491,0.02961681,-0.02522403,0.02958091
1699310150506,0.03825,-0.02467325,0.02191377
1699310150519,0.03919133,-0.02563326,0.01772292
1699310150532,0.03742654,-0.02746594,0.01503177
1699310150547,0.03346376,-0.0258867,0.01404004
1699310150562,0.02155172,-0.02558155,0.01325739
1699310150577,0.01041033,-0.0229242,0.006105509
1699310150590,0.008473361,-0.01912168,-0.002010874
1699310150604,0.009721405,-0.01235593,-0.0125916
1699310150617,0.006648903,-0.009683321,-0.0166098
1699310150630,0.01260391,-0.002708087,-0.01941416
1699310150644,0.01244192,0.0004310253,-0.01719986
1699310150659,0.01534058,0.005469677,-0.01749483
1699310150673,0.01634067,0.007454642,-0.01611494
1699310150685,0.0194862,0.01252624,-0.0174536
1699310150700,0.01808059,0.01385915,-0.01998138
1699310150714,0.01471405,0.01631954,-0.01858385
1699310150728,0.01236888,0.01863363,-0.01694462
1699310150742,0.01079268,0.01855713,-0.01072643
1699310150756,0.01427697,0.01716227,-0.0120725
1699310150770,0.01891279,0.01443398,-0.009826908
1699310150783,0.02612345,0.01148212,-0.00914842
1699310150797,0.0289684,0.01863249,-0.008343162
1699310150812,0.021988,0.016696,0.005293542
1699310150824,0.01790056,0.02000116,0.0142154
1699310150838,0.01185692,0.02179346,0.01269026
1699310150852,0.001927228,0.02827281,0.01132807
1699310150867,-0.003690412,0.02675135,0.01095684
1699310150882,-0.00550936,0.01719346,0.01369617
1699310150895,0.0007725544,0.0108877,0.02074782
1699310150909,0.007236998,0.003681277,0.0223469
1699310150921,0.01435924,-0.004718065,0.02519403
1699310150935,0.0193185,-0.01167532,0.02418745
1699310150950,0.01899087,-0.01694256,0.02296976
1699310150966,0.01558164,-0.01972959,0.02206938
1699310150979,0.01124864,-0.0213517,0.02094618
1699310150993,0.008357987,-0.02413752,0.01797715
1699310151006,0.003379837,-0.02455579,0.01561843
1699310151019,0.004311555,-0.02332852,0.008155883
1699310151034,0.008114831,-0.02173047,0.01133484
1699310151048,0.01228818,-0.02630055,0.005754549
1699310151061,0.0193632,-0.02582912,-0.0001561547
1699310151076,0.02141225,-0.02382216,-0.00294878
1699310151090,0.02419756,-0.01984301,-0.003322962
1699310151104,0.02250792,-0.01641703,-0.00374808
1699310151117,0.01966055,-0.01180382,-0.003344652
1699310151131,0.01952679,-0.01062511,-0.006665232
1699310151144,0.01745801,-0.008260875,-0.006076572
1699310151157,0.01461915,-0.005776423,-0.006781575
1699310151172,0.01037939,-0.004225914,-0.0067354
1699310151186,0.01037962,-0.004225167,-0.006735516
1699310151201,0.00577058,-0.003595222,-0.01009397
1699310151215,0.005652673,-0.004653049,-0.01012416
1699310151229,0.004274196,-0.007704769,-0.0104692
1699310151242,0.003619254,-0.006648838,-0.007331005
1699310151255,-0.002258022,-0.008158189,-0.006590863
1699310151269,0.001045314,-0.00628866,-0.01015775
1699310151283,0.001025694,-0.004048071,-0.01346095
1699310151297,-0.0004425736,0.001485529,-0.01382001
1699310151312,-0.003032531,0.003840568,-0.01116008
1699310151326,-0.009613243,0.007609227,-0.005087601
1699310151340,-0.01786664,0.01268602,-0.0005286973
1699310151354,-0.02210308,0.01447699,-0.00928057
1699310151367,-0.02093311,0.01342213,-0.0144933
1699310151379,-0.01825303,0.01651184,-0.01932067
1699310151394,-0.01905984,0.01650419,-0.01619161
1699310151409,-0.01725212,0.01639017,-0.01905619
1699310151422,-0.01940544,0.01557739,-0.01960913
1699310151437,-0.01930971,0.01649381,-0.01517311
1699310151450,-0.01919418,0.01528366,-0.01183983
1699310151463,-0.01533299,0.01481358,-0.00977479
1699310151478,-0.01650867,0.01598446,-0.008954433
1699310151492,-0.01582256,0.01268368,-0.008815204
1699310151506,-0.01850335,0.01184678,-0.007308225
1699310151520,-0.01758827,0.01067763,-0.007080975
1699310151533,-0.01663381,0.005121763,-0.004692191
1699310151547,-0.01744168,0.002234703,-0.01153309
1699310151561,-0.01152264,0.00169355,-0.01334443
1699310151575,-0.007551134,-0.002272894,-0.00466706
1699310151588,-0.007441418,-0.005922851,0.006335002
1699310151602,-0.007405504,-0.005751974,0.001937845
1699310151616,-0.005203225,-0.007034049,0.001380393
1699310151631,-0.00945485,-0.005516137,0.001422015
1699310151645,-0.01304172,-0.0125589,-0.0006762584
1699310151658,-0.01598059,-0.01098067,-0.005800906
1699310151671,-0.01824165,-0.01513831,-0.003126287
1699310151685,-0.01682156,-0.01401025,-0.008264409
1699310151700,-0.01106521,-0.01350923,-0.009006292
1699310151714,-0.008359103,-0.01493568,-0.007245494
1699310151729,-0.003113493,-0.01446384,-0.005921612
1699310151744,0.003110311,-0.01200777,-0.003223528
1699310151756,0.001646014,-0.008582388,-0.004639834
1699310151770,-0.002239231,-0.005997031,-0.005573145
1699310151783,-0.001280594,-0.009273904,-0.006483917
1699310151796,0.0001045269,-0.008311347,-0.007224001
1699310151811,-0.004992774,-0.0100105,-0.005220487
1699310151828,-0.008947838,-0.01058809,-0.007315458
1699310151839,-0.006894772,-0.01082033,-0.006808524
1699310151853,-0.006017743,-0.009894109,-0.005476086
1699310151867,-0.006675492,-0.008702101,-0.006723419
1699310151880,-0.002907834,-0.004797712,-0.006824155
1699310151894,-0.0004249133,-0.0007939526,-0.006141888
1699310151909,-0.004318683,0.001600476,-0.002666769
1699310151922,-0.00858683,0.003116567,-0.002616654
1699310151936,-0.01200975,0.007643964,-8.747009e-05
1699310151950,-0.01359115,0.01001075,-0.001537924
1699310151964,-0.01645169,0.01229466,0.002201464
1699310151978,-0.01370102,0.00876357,0.002814307
1699310151990,-0.0119936,0.007480295,0.004327417
1699310152005,-0.01085924,0.008423501,0.004627341
1699310152020,-0.01070797,0.007385542,0.003544395
1699310152035,-0.01232544,0.004109486,0.008579798
1699310152048,-0.01423865,0.003289626,0.007002013
1699310152065,-0.01225244,-9.90096e-05,0.0063303
1699310152076,-0.006086311,-0.0006040286,0.003458299
1699310152089,-0.006127743,0.001491071,0.004591671
1699310152103,-0.004910197,-0.001759384,0.002627399
1699310152117,-0.006654211,0.001234344,0.01106285
1699310152133,-0.01039897,0.002584372,0.01345736
1699310152146,-0.0143441,0.002229795,0.006960057
1699310152160,-0.01475967,0.005962298,-0.002970328
1699310152174,-0.01351369,0.007959832,-0.002614389
1699310152188,-0.01177888,0.004758785,-0.006655037
1699310152199,-0.009481129,0.004325988,-0.002794911
1699310152214,-0.002437777,0.004737856,-0.004322055
1699310152228,-0.001917898,0.004785316,-0.006392363
1699310152243,-0.0005490373,0.008055273,-0.01037729
1699310152257,-0.001709501,0.009215125,-0.009553522
1699310152271,-0.009805318,0.01122363,-0.01154355
1699310152284,-0.01226862,0.01247542,-0.009927257
1699310152297,-0.01575736,0.01383532,-0.008581231
1699310152310,-0.0106089,0.01346488,-0.01169178
1699310152325,-0.005587959,0.01180893,-0.01045662
1699310152340,-0.005479797,0.01286795,-0.01040213
1699310152354,0.00130472,0.01327224,-0.01087293
1699310152372,0.007428236,0.01234458,-0.004933053
1699310152382,0.00937138,0.01375767,0.005513541
1699310152395,0.009504288,0.009783789,-0.001163877
1699310152409,0.007773771,0.01319356,-0.001522277
1699310152424,0.0079325,0.01215986,-0.002609079
1699310152438,0.005879687,0.007152317,-0.005459525
1699310152452,0.00254096,0.007477759,-0.005204699
1699310152464,0.001758814,0.007413085,-0.002104749
1699310152477,0.0031707,0.006071962,0.0004300114
1699310152492,0.00203956,0.005130288,0.0001170312
1699310152506,0.00726875,0.00560581,0.001472022
1699310152520,0.007641579,0.006687853,0.0004912188
1699310152534,0.007159728,0.0120802,0.0005064806
1699310152548,0.003383138,0.0104772,-0.002709476
1699310152563,-0.003028476,0.0111533,-0.003245196
1699310152576,-0.005673054,0.01049293,-0.006149013
1699310152590,-0.01411233,0.00910206,-0.003961922
1699310152604,-0.01336034,0.006024574,-0.008253238
1699310152618,-0.0101818,0.006733692,-0.00741329
1699310152631,-0.001290713,0.004821228,-0.008464459
1699310152644,0.006088606,0.006126251,-0.006517563
1699310152658,0.006094336,0.006122714,-0.006509231
1699310152674,0.004369911,0.007220876,-0.003620667
1699310152688,0.002105,0.00764291,-0.007509067
1699310152701,-0.0009202668,0.01113972,-0.007107554
1699310152715,-0.004260269,0.01146072,-0.006866484
1699310152729,-0.0006432254,0.01116138,-0.00813263
1699310152743,-0.002101728,0.01228381,-0.00627927
1699310152759,0.0005948659,0.01085485,-0.004505739
1699310152771,0.001452304,0.0117731,-0.003154505
1699310152784,-0.002910223,0.009898126,7.050557e-05
1699310152799,-0.003929038,0.01000775,-0.0001844464
1699310152813,-0.002049251,0.01081121,0.001434012
1699310152826,-0.0001067093,0.009522752,0.001913718
1699310152840,-0.0008576975,0.009663468,0.0006149772
1699310152854,0.003298455,0.007112124,0.0005440786
1699310152868,-0.002569925,0.003208694,0.004419053
1699310152882,-0.006806358,-0.0005385801,0.002101587
1699310152896,-0.006424951,0.002856355,-0.002130499
1699310152910,-0.005738964,0.004805723,0.0003094031
1699310152923,-0.004276206,0.003678563,-0.001537472
1699310152937,-0.003113574,0.005459361,0.003233906
1699310152951,-0.01041207,0.005827404,0.01014948
1699310152966,-0.02016521,0.006816093,0.009801535
1699310152980,-0.01974561,0.007300498,-1.129008e-05
1699310152997,-0.01705086,0.005857581,0.001770518
1699310153006,-0.01111656,0.005356579,1.626677e-05
1699310153020,-0.007574226,0.004831342,0.003152196
1699310153035,-0.00563463,0.003538586,0.003631531
1699310153048,-0.006730358,0.003424423,0.007757431
1699310153061,-0.008129158,0.002455203,0.008464436
1699310153076,-0.01054172,0.003925377,0.00565477
1699310153090,-0.0111834,0.00513118,0.004413121
1699310153103,-0.009734652,0.009245575,0.004915849
1699310153118,-0.01162562,0.006131197,0.00653385
1699310153132,-0.006893838,0.004451631,0.008850995
1699310153146,-0.004681759,0.00318487,0.008298324
1699310153160,-0.00261991,0.00527151,0.005593213
1699310153174,0.003543561,0.001650449,0.001604168
1699310153188,0.01155158,0.001721865,0.004847824
1699310153202,0.01113826,0.003530509,0.01141858
1699310153216,0.01274026,0.004290556,0.01407705
1699310153233,0.0100888,0.002827888,0.006696373
1699310153245,0.002437219,0.003023149,-0.001973428
1699310153256,-0.004350741,0.002630447,-0.001582897
1699310153271,-0.005941967,-0.003362127,-0.006595851
1699310153284,-0.003622587,-0.003573797,-0.00708766
1699310153300,0.0007402033,-0.00402508,-0.007040507
1699310153313,0.005043746,-0.002388365,-0.00584583
1699310153328,0.005353404,-0.001535,-0.002430408
1699310153342,0.00465433,0.001758393,-0.00252496
1699310153355,0.002685576,0.005966675,0.00259288
1699310153368,-0.00251141,0.007826904,-0.002059846
1699310153384,-0.006684447,0.009568526,-0.006443975
1699310153397,-0.006027912,0.01068864,-0.008445865
1699310153409,-0.003007796,0.007185875,-0.008841047
1699310153424,0.003162334,0.002061454,-0.005119742
1699310153438,0.01007913,-0.00170904,-0.007792969
1699310153452,0.01682712,-0.004448475,-0.009375956
1699310153464,0.01589274,-0.005592304,-0.006347755
1699310153478,0.01218836,-0.004034005,-0.008403859
1699310153494,0.0006713319,-0.002770179,-0.01034999
1699310153508,-0.00497251,7.76285e-05,-0.01289026
1699310153520,-0.004485269,0.002222441,-0.01380695
1699310153534,-0.005589353,0.00210958,-0.009678929
1699310153549,-0.007059202,0.003227754,-0.007830903
1699310153563,-0.006745444,0.006403188,-0.007657756
1699310153577,-0.00220833,0.004938469,-0.008692831
1699310153591,0.001900976,0.006796469,-0.01085197
1699310153604,0.0004112084,0.005590963,-0.005757612
1699310153618,-0.0008176848,0.003589667,-0.006145239
1699310153632,-0.006688272,0.001991611,-0.005558293
1699310153646,-0.01188322,0.003831958,-0.01022137
1699310153660,-0.01505124,0.003120441,-0.01109539
1699310153674,-0.01467257,0.004213552,-0.01205975
1699310153687,-0.01448529,0.004004558,-0.008695373
1699310153703,-0.01229324,-0.0003941827,-0.01045422
1699310153716,-0.006509142,0.002483842,-0.01433701
1699310153729,-0.0002793467,0.002043515,-0.01710153
1699310153743,-0.004873168,0.007914469,-0.01815734
1699310153758,-0.008797532,0.00581961,-0.01264448
1699310153772,-0.01491295,0.008124668,-0.005371448
1699310153785,-0.02984127,0.01255116,-0.00152671
1699310153799,-0.03290299,0.01519818,-0.005569367
1699310153813,-0.02929443,0.01179652,-0.008035851
1699310153826,-0.02276886,0.01454665,-0.01059784
1699310153841,-0.01805531,0.009754227,-0.00948605
1699310153856,-0.01575029,0.007224532,-0.006734311
1699310153868,-0.01782508,0.002760696,-0.0008217763
1699310153880,-0.01419967,0.002496599,-0.002058213
1699310153895,-0.01632282,0.004013505,-0.005900047
1699310153910,-0.01930177,0.002283133,-0.007890086
1699310153924,-0.02320771,0.002495012,-0.005628038
1699310153941,-0.02486008,0.006963727,-0.005876182
1699310153952,-0.02478128,0.005647454,-0.002597445
1699310153966,-0.01938986,0.005135455,-0.00225772
1699310153980,-0.01612485,0.006137161,-0.005752147
1699310153994,-0.008571275,0.008027431,-0.01247004
1699310154009,-0.001801707,0.006129545,-0.009592094
1699310154020,-0.001817895,0.007666071,-0.0006684653
1699310154034,-0.006766897,0.00562579,0.004536069
1699310154048,-0.01159048,0.006238978,0.002133882
1699310154063,-0.01659871,0.003973618,-0.004871727
1699310154078,-0.01770652,0.006159955,-0.003971049
1699310154091,-0.01270901,0.00140291,-0.003919352
1699310154104,-0.01056778,-0.001653852,-0.009009619
1699310154118,-0.007134126,-0.004018114,-0.01039061
1699310154133,-0.008163575,-0.003151737,-0.006201201
1699310154147,-0.007142224,-0.003265653,-0.005926452
1699310154160,-0.009652248,-0.002075566,-0.004343443
1699310154173,-0.01344833,0.001552435,-0.00521524
1699310154188,-0.01419799,0.002467287,-0.002052758
1699310154201,-0.01885808,-0.0002976881,-0.002349468
1699310154216,-0.01895431,-0.001355881,-0.00242613
1699310154230,-0.01812504,-0.003586337,-0.002306471
1699310154246,-0.01627553,-0.009795679,-0.007633503
1699310154257,-0.01134926,-0.01247989,-0.006429547
1699310154271,-0.01340756,-0.01536773,-0.008239729
1699310154286,-0.01487419,-0.0150471,-0.01085086
1699310154299,-0.01190097,-0.01406141,-0.01330289
1699310154312,-0.01105995,-0.01316846,-0.0119263
1699310154325,-0.01012151,-0.009559873,-0.01813225
1699310154342,-0.01457727,-0.007097919,-0.01700573
1699310154356,-0.01616359,-0.00324364,-0.009473255
1699310154370,-0.01839536,0.003488912,-0.01082537
1699310154383,-0.02369066,0.005056793,-0.01107191
1699310154399,-0.02387091,0.006066336,-0.009967804
1699310154411,-0.02814954,0.007513047,-0.009935018
1699310154424,-0.03242553,0.006568884,-0.006715106
1699310154439,-0.03186797,0.00667873,-0.008771959
1699310154451,-0.03130568,0.001280639,-0.008927345
1699310154466,-0.02618524,-0.005506025,-0.01015645
1699310154482,-0.02125733,-0.01058451,-0.005785106
1699310154493,-0.0197606,-0.01645183,-0.001302378
1699310154506,-0.01276918,-0.02315858,-0.005358862
1699310154520,-0.004598378,-0.02543119,-0.01216165
1699310154535,-0.004015147,-0.02703611,-0.006563563
1699310154550,-0.00457733,-0.02716153,-0.004505283
1699310154563,-0.006047452,-0.02853654,0.0005496219
1699310154577,-0.01579892,-0.02697242,0.004687402
1699310154591,-0.02585455,-0.02374589,0.002199162
1699310154604,-0.03203388,-0.01825112,-0.00572475
1699310154617,-0.03586021,-0.01773573,-0.007813441
1699310154632,-0.03480858,-0.02027659,-0.004370336
1699310154645,-0.03990822,-0.01903533,-0.001211411
1699310154660,-0.03617716,-0.02059297,0.0007793633
1699310154673,-0.03761557,-0.02200339,0.005849509
1699310154687,-0.03166213,-0.0247755,0.00721576
1699310154701,-0.03125861,-0.02920195,0.008122148
1699310154716,-0.03383597,-0.03223433,0.008340486
1699310154729,-0.03226627,-0.03772358,0.008361854
1699310154744,-0.03813497,-0.04293443,0.01201549
1699310154757,-0.03658809,-0.04599848,0.008865391
1699310154771,-0.03303857,-0.05279356,0.009280207
1699310154786,-0.03112733,-0.05429431,0.0007978719
1699310154800,-0.0295886,-0.05735315,-0.002321204
1699310154814,-0.02711652,-0.05581282,0.001732623
1699310154828,-0.02778729,-0.05542731,0.009324238
1699310154842,-0.02472259,-0.05023337,0.008287353
1699310154855,-0.02386566,-0.04937072,0.009657065
1699310154870,-0.02495997,-0.04326029,0.003236186
1699310154882,-0.02798192,-0.04140501,-0.001768255
1699310154897,-0.03215575,-0.03537739,-0.004472369
1699310154909,-0.02768718,-0.0276414,-0.01049701
1699310154924,-0.02246019,-0.02673685,-0.01356588
1699310154939,-0.01090426,-0.01731865,-0.02104537
1699310154953,0.001601881,-0.01459239,-0.01672983
1699310154966,0.01232456,-0.01355411,-0.01519671
1699310154978,0.0178989,-0.0185502,-0.01317983
1699310154994,0.008552932,-0.02209513,-0.01241564
1699310155009,-0.01975863,-0.03089833,-0.01763314
1699310155022,-0.05720474,-0.03302074,-0.02771606
1699310155035,-0.09459919,-0.04222463,-0.0317528
1699310155049,-0.1269604,-0.04642682,-0.03625326
1699310155064,-0.1508565,-0.05253769,-0.03034339
1699310155077,-0.1619335,-0.05477231,-0.03085315
1699310155090,-0.1607052,-0.05128889,-0.03455774
1699310155105,-0.1442203,-0.04481341,-0.03677483
1699310155118,-0.1304159,-0.03743825,-0.03614433
1699310155133,-0.1166955,-0.02483885,-0.03274879
1699310155147,-0.109294,-0.01389989,-0.0309446
1699310155160,-0.09925625,-0.0003864057,-0.02489898
1699310155175,-0.08902627,0.01345811,-0.01431724
1699310155189,-0.08291292,0.02610669,-0.0003244679
1699310155203,-0.06809526,0.03203727,0.01030989
1699310155216,-0.05392481,0.03553911,0.02279571
1699310155230,-0.0448658,0.03762982,0.03285248
1699310155244,-0.03312655,0.03412491,0.04277056
1699310155256,-0.01887765,0.02388515,0.052415
1699310155271,-0.009055984,0.009947778,0.06055094
1699310155285,-0.007699431,-0.002129846,0.06810629
1699310155300,-0.01087649,-0.01785343,0.07415322
1699310155313,-0.01941585,-0.03211224,0.08026592
1699310155328,-0.02650698,-0.04184223,0.07737169
1699310155343,-0.03203626,-0.0542404,0.07009313
1699310155356,-0.04082944,-0.059688,0.06190867
1699310155369,-0.05560756,-0.06483506,0.05570924
1699310155382,-0.06450257,-0.06611398,0.05579811
1699310155397,-0.07899968,-0.0643431,0.04732515
1699310155411,-0.08726858,-0.06362656,0.03463286
1699310155425,-0.08841731,-0.05256699,0.02045184
1699310155441,-0.08602945,-0.0377169,0.007623597
1699310155452,-0.07793544,-0.02219311,-0.006083624
1699310155465,-0.06168383,-0.006890499,-0.01690392
1699310155480,-0.03996293,0.006182992,-0.01805669
1699310155497,-0.01645643,0.01986375,-0.0110249
1699310155509,0.01175973,0.03057641,-0.002280497
1699310155520,0.0399864,0.04128862,0.006431703
1699310155536,0.06176342,0.05077978,0.01373446
1699310155550,0.0735577,0.06676707,0.02080494
1699310155562,0.07807845,0.07992861,0.02371479
1699310155577,0.08202231,0.08806835,0.0312457
1699310155590,0.0892676,0.09653381,0.03409118
1699310155605,0.08547571,0.1000867,0.02820006
1699310155619,0.08568354,0.1083175,0.01717186
1699310155634,0.08543599,0.1201374,0.01100521
1699310155650,0.08521314,0.1310259,0.02449901
1699310155661,0.08352537,0.1407688,0.03308818
1699310155674,0.08420957,0.1559591,0.03959619
1699310155688,0.0891472,0.1724507,0.04833869
1699310155702,0.09306099,0.1958842,0.05542871
1699310155716,0.09057683,0.2220441,0.06343132
1699310155732,0.07648697,0.2443155,0.06240583
1699310155745,0.1094402,0.2616674,0.0739827
1699310155759,0.195863,0.2632626,0.1006404
1699310155773,0.2288721,0.2629195,0.1063255
1699310155786,0.2564328,0.2479379,0.106543
1699310155802,0.2939798,0.2154788,0.1062959
1699310155814,0.305781,0.1806901,0.1130309
1699310155828,0.2781977,0.1514382,0.1069688
1699310155843,0.209205,0.1272106,0.08107349
1699310155855,0.1189914,0.113299,0.05294931
1699310155869,0.05943657,0.104108,0.03709322
1699310155884,0.04271468,0.09507908,0.04211825
1699310155895,0.08149479,0.09142014,0.03919938
1699310155910,0.1373496,0.09597062,0.02700453
1699310155925,0.1702624,0.111204,0.0008047646
1699310155939,0.1621936,0.1354964,-0.04380648
1699310155952,0.1150438,0.1526006,-0.07328978
1699310155967,0.05890062,0.1373199,-0.0758005
1699310155981,0.009738735,0.07437194,-0.07412095
1699310155994,-0.01975575,-0.01915836,-0.09803832
1699310156009,-0.04629655,-0.08493865,-0.1521116
1699310156021,-0.06570047,-0.1123369,-0.1977972
1699310156037,-0.0823472,-0.1227249,-0.2316206
1699310156050,-0.07316712,-0.1309569,-0.2479873
1699310156064,-0.03128668,-0.1355733,-0.2425863
1699310156078,0.030618,-0.1185532,-0.2315458
1699310156091,0.09220582,-0.08312271,-0.2141542
1699310156105,0.1350269,-0.04192277,-0.1937907
1699310156118,0.1611829,0.002544841,-0.1677229
1699310156133,0.1707106,0.04180885,-0.1421342
1699310156147,0.1713544,0.08076154,-0.1173588
1699310156162,0.1703727,0.114398,-0.09013471
1699310156175,0.1648769,0.1398375,-0.06482887
1699310156189,0.1447554,0.1592717,-0.0484947
1699310156202,0.1144704,0.1607422,-0.04561392
1699310156216,0.07141045,0.1510097,-0.04110112
1699310156230,0.02050284,0.1286774,-0.03317373
1699310156244,-0.01647598,0.1048939,-0.03290851
1699310156259,-0.04477867,0.08093335,-0.03749337
1699310156274,-0.05790697,0.06576175,-0.04176269
1699310156286,-0.06585987,0.04941327,-0.04767659
1699310156301,-0.07068621,0.02614576,-0.04810683
1699310156314,-0.07900663,0.007334707,-0.04747466
1699310156328,-0.1003922,-0.00780965,-0.04485945
1699310156342,-0.1297385,-0.01814889,-0.0474087
1699310156355,-0.155344,-0.01887944,-0.04921588
1699310156369,-0.1615501,-0.01543917,-0.0502064
1699310156383,-0.1373182,-0.0154872,-0.0329139
1699310156396,-0.1097879,-0.02161638,-0.01029327
1699310156411,-0.09627523,-0.02628786,0.001362499
1699310156426,-0.09308518,-0.04064663,0.01759196
1699310156439,-0.08812495,-0.05416115,0.02308847
1699310156452,-0.07414126,-0.06910233,0.028391
1699310156467,-0.05280294,-0.08561952,0.03511233
1699310156480,-0.03185061,-0.1069906,0.04807667
1699310156494,-0.009260788,-0.134344,0.05541273
1699310156509,0.01188626,-0.161717,0.06326982
1699310156522,0.03488217,-0.1798244,0.07472083
1699310156536,0.05757422,-0.1876611,0.06622314
1699310156551,0.0488806,-0.1854569,0.04622333
1699310156565,-0.03451628,-0.1801353,-0.002619037
1699310156580,-0.07669505,-0.1758891,-0.03723428
1699310156592,0.001395824,-0.1813826,-0.009260087
1699310156606,0.02134849,-0.1695777,-0.009226344
1699310156620,0.006608812,-0.1441452,-0.0336061
1699310156633,0.01590665,-0.1145698,-0.0350464
1699310156647,0.10461,-0.08955476,0.02029731
1699310156661,0.182383,-0.08325392,0.066952
1699310156674,0.2082819,-0.08143599,0.0961306
1699310156688,0.1949975,-0.07882709,0.1154345
1699310156705,0.1149214,-0.08155068,0.1111707
1699310156716,-0.01607026,-0.09353159,0.08495499
1699310156730,-0.1447446,-0.1155089,0.05526299
1699310156744,-0.190481,-0.1478596,0.05865553
1699310156757,-0.1986751,-0.1789135,0.08270638
1699310156772,-0.2194668,-0.2096047,0.09623142
1699310156786,-0.2597988,-0.2188347,0.08679705
1699310156800,-0.2967409,-0.2093966,0.05877728
1699310156815,-0.3023274,-0.1790934,0.02768954
1699310156827,-0.266943,-0.1419984,0.006596873
1699310156841,-0.1982634,-0.0965101,0.01493344
1699310156855,-0.1299066,-0.05301753,0.03840677
1699310156869,-0.05912402,-0.01351368,0.06417204
1699310156883,-0.008311126,0.02476158,0.08604221
1699310156901,0.01905334,0.05957675,0.08965284
1699310156911,0.03448064,0.08584823,0.08387695
1699310156925,0.04085501,0.103485,0.06622811
1699310156939,0.03891433,0.10828,0.04520351
1699310156952,0.0203542,0.1099109,0.009607102
1699310156966,-0.006323512,0.1069919,-0.02637826
1699310156980,-0.04475503,0.1087943,-0.06522288
1699310156995,-0.07240174,0.1151229,-0.09648792
1699310157009,-0.08264461,0.1229486,-0.1252175
1699310157023,-0.08100309,0.1362469,-0.1546083
1699310157036,-0.08026607,0.1601345,-0.1796566
1699310157052,-0.08636726,0.1833721,-0.195625
1699310157063,-0.08254971,0.2054909,-0.19978
1699310157077,-0.07633977,0.2289199,-0.1694351
1699310157092,-0.06979672,0.2469407,-0.1315422
1699310157105,-0.05827526,0.2650573,-0.09622361
1699310157120,-0.04898521,0.2832826,-0.06943211
1699310157136,-0.03126734,0.300852,-0.04108804
1699310157148,-0.009616593,0.3134906,-0.01728641
1699310157161,0.006609302,0.3218498,0.0009518638
1699310157176,0.0191942,0.3286864,0.001799958
1699310157189,0.03917186,0.3316082,-0.001889443
1699310157203,0.06017107,0.3309128,-0.003181912
1699310157217,0.07500211,0.3303049,-0.003228331
1699310157231,0.08611784,0.3228092,-0.006727215
1699310157245,0.08975635,0.3131498,-0.0005521233
1699310157261,0.09297416,0.3044499,0.006614434
1699310157272,0.0994316,0.2910261,0.01603235
1699310157286,0.1037601,0.2852234,0.0102484
1699310157300,0.1260004,0.2837739,0.006999017
1699310157314,0.1622794,0.2843393,0.0093693
1699310157330,0.1735583,0.2893578,0.001756561
1699310157344,0.08312442,0.3014067,-0.04136359
1699310157356,0.05057507,0.3068367,-0.07103682
1699310157370,0.2673472,0.2899172,0.03779731
1699310157382,0.3520909,0.2826163,0.08071827
1699310157397,0.4506496,0.2820733,0.05973999
1699310157411,0.5831646,0.2727202,0.1128061
1699310157427,0.6355705,0.239246,0.1888074
1699310157442,0.6211165,0.1789771,0.2090583
1699310157452,0.570202,0.1214454,0.1647992
1699310157466,0.4809042,0.1154568,0.1064441
1699310157481,0.3290986,0.162964,0.06212371
1699310157494,0.1505907,0.2271266,0.008954451
1699310157508,0.04766542,0.2677887,-0.04101995
1699310157522,0.06006906,0.273463,-0.03494632
1699310157537,0.09627785,0.2613352,-0.01156329
1699310157552,0.0572892,0.253457,-0.05162247
1699310157564,-0.02783005,0.2560194,-0.1191284
1699310157578,-0.1366221,0.2512872,-0.1731543
1699310157592,-0.2357627,0.222855,-0.2003811
1699310157606,-0.3025026,0.1777705,-0.2152823
1699310157620,-0.3194265,0.1332038,-0.2309897
1699310157634,-0.2861204,0.1057122,-0.2213622
1699310157648,-0.2005546,0.08628765,-0.2014863
1699310157662,-0.09334558,0.07769881,-0.1844527
1699310157676,-0.01392929,0.07503727,-0.1827488
1699310157688,0.02555295,0.08000526,-0.1893498
1699310157703,0.03074322,0.09360681,-0.1979482
1699310157717,0.02016171,0.1131311,-0.2001079
1699310157731,0.006292325,0.1372694,-0.1938647
1699310157746,-0.0244933,0.1565125,-0.1633296
1699310157761,-0.05914146,0.1681564,-0.1150289
1699310157773,-0.07918983,0.1738168,-0.09208743
1699310157786,-0.07010145,0.1887006,-0.1043376
1699310157799,-0.06979901,0.2082733,-0.1077053
1699310157814,-0.06515042,0.2295148,-0.1185968
1699310157830,-0.06629482,0.2349165,-0.1346923
1699310157844,-0.07972363,0.233328,-0.1462295
1699310157856,-0.1016978,0.2276675,-0.1661107
1699310157870,-0.1167458,0.2256614,-0.1739548
1699310157884,-0.1206717,0.2250334,-0.1787079
1699310157896,-0.1037039,0.224569,-0.1602945
1699310157911,-0.08574476,0.2242445,-0.1295916
1699310157924,-0.06455545,0.2234727,-0.09319951
1699310157939,-0.03966106,0.2195343,-0.0664217
1699310157953,-0.02695694,0.215457,-0.04657423
1699310157968,-0.007208857,0.2024812,-0.03054554
1699310157981,0.01689753,0.1916774,-0.02285539
1699310157994,0.03882974,0.1795268,-0.0255318
1699310158008,0.05767159,0.171157,-0.02461722
1699310158021,0.0718585,0.164596,-0.02301341
1699310158036,0.07959922,0.149497,-0.01564769
1699310158050,0.08345544,0.134155,-0.007161432
1699310158067,0.09446337,0.1217143,-0.0004125542
1699310158081,0.08230275,0.1105546,-0.02008248
1699310158092,0.014546,0.1040799,-0.1126295
1699310158105,0.02769052,0.0949175,-0.1143418
1699310158120,0.1595756,0.080135,0.07847784
1699310158135,0.1747644,0.06787237,0.08562973
1699310158150,0.1837801,0.0828063,-0.03214395
1699310158163,0.2720936,0.1197751,-0.01408893
1699310158176,0.3729975,0.1596531,0.1203684
1699310158189,0.4544069,0.1845876,0.234732
1699310158204,0.4770269,0.1986815,0.2558494
1699310158217,0.4331294,0.2208823,0.1783745
1699310158230,0.3252239,0.251282,0.02211088
1699310158244,0.1773234,0.2677432,-0.1537349
1699310158258,0.03729303,0.2709862,-0.3031268
1699310158275,-0.06951327,0.2683547,-0.3994657
1699310158286,-0.1332559,0.2707226,-0.4035189
1699310158300,-0.1770789,0.2888674,-0.3623031
1699310158314,-0.1908349,0.3325328,-0.3137183
1699310158327,-0.1626619,0.3943042,-0.2682993
1699310158342,-0.09977048,0.4739855,-0.208459
1699310158357,-0.01572101,0.5565032,-0.1519295
1699310158372,0.04708442,0.6339433,-0.116251
1699310158387,0.08554035,0.7097253,-0.1001158
1699310158399,0.1027877,0.7808573,-0.106896
1699310158412,0.1184871,0.8451432,-0.1232152
1699310158424,0.1332698,0.9073142,-0.1385215
1699310158439,0.1508102,0.9749341,-0.1721154
1699310158453,0.1596829,1.039163,-0.2026992
1699310158470,0.1572562,1.094592,-0.2520441
1699310158483,0.1532788,1.145484,-0.3063883
1699310158497,0.1486116,1.183184,-0.3540181
1699310158510,0.1291452,1.216347,-0.3935773
1699310158522,0.1028316,1.240219,-0.4210949
1699310158536,0.06409235,1.255143,-0.445072
1699310158550,0.03405204,1.268023,-0.4726524
1699310158564,0.02343719,1.287806,-0.4938617
1699310158579,0.02326862,1.321568,-0.4992206
1699310158593,0.02435348,1.351081,-0.4709419
1699310158607,0.02704271,1.372234,-0.4285958
1699310158622,0.02586911,1.38884,-0.3770827
1699310158634,0.02599556,1.40522,-0.3239825
1699310158646,0.02632568,1.420799,-0.2719848
1699310158661,0.02393148,1.439577,-0.2276708
1699310158676,0.02964117,1.455859,-0.1893002
1699310158688,0.03891972,1.472521,-0.1657392
1699310158704,0.04916563,1.49408,-0.1319642
1699310158717,0.0543662,1.506251,-0.090042
1699310158730,0.05269698,1.514984,-0.05089014
1699310158744,0.05076978,1.513044,-0.0130922
1699310158758,0.04889326,1.500354,0.02194756
1699310158773,0.03965018,1.485428,0.05628613
1699310158786,0.01964589,1.459374,0.07518101
1699310158801,-0.01132992,1.424379,0.08533608
1699310158815,-0.03609794,1.376716,0.09367049
1699310158827,-0.03642112,1.326256,0.08225312
1699310158842,0.02747171,1.270851,0.0109743
1699310158856,0.1796089,1.225591,-0.1346182
1699310158870,0.1793173,1.230974,-0.003075911
1699310158883,0.0373764,1.222979,0.1931022
1699310158899,0.03690679,1.156716,0.1986553
1699310158913,0.04455002,1.080996,0.180063
1699310158929,-0.05346286,1.010787,0.1673342
1699310158940,-0.1946159,0.9621588,0.1475758
1699310158951,-0.2599184,0.9166569,0.06260258
1699310158965,-0.2434408,0.8852278,-0.0650214
1699310158980,-0.1688627,0.8760566,-0.1900467
1699310158995,-0.1096974,0.902694,-0.2371381
1699310159009,-0.0754254,0.9339938,-0.228516
1699310159023,-0.006943639,0.9420868,-0.2313401
1699310159037,0.1284219,0.9279699,-0.26376
1699310159051,0.261131,0.9126984,-0.306622
1699310159063,0.3598606,0.8948332,-0.3414789
1699310159077,0.4108332,0.8638991,-0.3575787
1699310159091,0.4435284,0.821485,-0.3440885
1699310159106,0.4497018,0.7839366,-0.2890815
1699310159120,0.4093806,0.7565783,-0.211485
1699310159134,0.3367557,0.7391685,-0.1392418
1699310159147,0.2784347,0.722284,-0.09403948
1699310159161,0.241236,0.7044466,-0.08710919
1699310159176,0.241081,0.6948035,-0.1108388
1699310159188,0.2568939,0.6915399,-0.1401432
1699310159203,0.2584151,0.6944795,-0.1694232
1699310159217,0.246498,0.689159,-0.1824575
1699310159231,0.2267026,0.6839396,-0.179514
1699310159245,0.1979443,0.6732465,-0.158873
1699310159258,0.1556051,0.6612812,-0.1269401
1699310159271,0.113395,0.6431056,-0.1016847
1699310159285,0.07061684,0.6167902,-0.06745731
1699310159300,0.03765143,0.5851482,-0.02674512
1699310159314,0.0050167,0.5387733,0.01169334
1699310159328,-0.02108249,0.4842568,0.036772
1699310159342,-0.03092401,0.4234251,0.05516931
1699310159356,-0.03900335,0.3580655,0.05881144
1699310159370,-0.03650303,0.2826872,0.04084249
1699310159383,-0.03330123,0.2134954,0.01763931
1699310159400,-0.03466474,0.1397435,0.001124425
1699310159412,-0.04044082,0.0793165,-0.008302864
1699310159426,-0.04534355,0.02825983,-0.01622001
1699310159439,-0.0581343,-0.01239622,-0.02342025
1699310159453,-0.06485159,-0.04731708,-0.02219581
1699310159467,-0.08680537,-0.05947445,0.01388028
1699310159481,-0.09174276,-0.05185246,0.0580481
1699310159493,-0.03544791,-0.03268796,0.09371665
1699310159507,-0.03706776,0.001971297,0.1201238
1699310159522,-0.1700714,0.05115166,0.147698
1699310159536,-0.246765,0.1094044,0.1622639
1699310159550,-0.2075493,0.1715563,0.1752301
1699310159564,-0.1416009,0.2402212,0.169331
1699310159578,-0.1236028,0.2898848,0.1323544
1699310159591,-0.2318208,0.3278162,0.08681886
1699310159606,-0.2331221,0.3396957,0.05424075
1699310159621,-0.04987559,0.3491151,0.05720928
1699310159634,0.1415349,0.3537267,0.04807828
1699310159647,0.2812615,0.3528751,0.01297222
1699310159661,0.379193,0.3210686,-0.02562511
1699310159675,0.4416996,0.2646805,-0.06081105
1699310159688,0.4615593,0.2226286,-0.09813415
1699310159703,0.4436699,0.2031937,-0.1204351
1699310159716,0.3821315,0.2055185,-0.1448277
1699310159731,0.3013379,0.2094948,-0.1801481
1699310159745,0.2173564,0.205283,-0.2159963
1699310159759,0.1499242,0.1994144,-0.2277659
1699310159773,0.09481122,0.2130898,-0.2055912
1699310159788,0.05857295,0.239816,-0.1742806
1699310159800,0.01880663,0.2804338,-0.1452109
1699310159813,-0.01613418,0.3174564,-0.1126668
1699310159828,-0.03216571,0.3391837,-0.08756438
1699310159842,-0.02683045,0.3556355,-0.06147403
1699310159856,-0.00923356,0.3684388,-0.04522959
1699310159871,0.01432541,0.3754741,-0.0359403
1699310159883,0.05274872,0.376063,-0.02279495
1699310159897,0.08540478,0.3748873,-0.005333218
1699310159911,0.1065369,0.3718772,0.003794705
1699310159925,0.1200915,0.3692579,0.0126146
1699310159938,0.1257698,0.3652386,0.01178029
1699310159952,0.1195838,0.3581287,0.001991095
1699310159967,0.09936426,0.3449253,-0.01620636
1699310159981,0.07993988,0.3267569,-0.03978119
1699310159995,0.05093631,0.3134243,-0.05704678
1699310160008,0.01217644,0.3006788,-0.07167534
1699310160021,-0.03248256,0.2966798,-0.08550768
1699310160035,-0.06014356,0.2934836,-0.09696316
1699310160050,-0.07745788,0.2916493,-0.09764565
1699310160066,-0.08208162,0.2914081,-0.09709218
1699310160078,-0.08685943,0.2937513,-0.09528603
1699310160092,-0.08477575,0.2966974,-0.08924369
1699310160108,-0.09381965,0.3006175,-0.08729995
1699310160120,-0.1130511,0.3049957,-0.0922595
1699310160133,-0.1305955,0.3086538,-0.09556407
1699310160147,-0.1503845,0.3080814,-0.09952832
1699310160162,-0.1088346,0.3107135,-0.07801951
1699310160176,0.003130794,0.3144702,-0.03097674
1699310160189,-0.1931145,0.3452557,-0.04025006
1699310160203,-0.2862429,0.3426099,-0.07343457
1699310160216,-0.3074143,0.3210696,-0.1089703
1699310160230,-0.2974031,0.2814001,-0.1280165
1699310160244,-0.312978,0.2511888,-0.1498637
1699310160260,-0.3366373,0.2390082,-0.1865761
1699310160272,-0.3392684,0.2251009,-0.2242404
1699310160286,-0.249963,0.2015165,-0.231795
1699310160301,-0.06476448,0.1833007,-0.1908801
1699310160315,0.08196453,0.1850613,-0.1447021
1699310160328,0.1076811,0.2144696,-0.1239579
1699310160342,0.08861931,0.2571967,-0.0854636
1699310160356,0.1150237,0.294998,-0.003092624
1699310160371,0.1663069,0.327256,0.09193897
1699310160384,0.2036696,0.3398657,0.1379948
1699310160397,0.2106877,0.3331782,0.1605265
1699310160412,0.1917862,0.3171355,0.1692853
1699310160424,0.1289271,0.2987199,0.1811959
1699310160438,0.003787469,0.2790841,0.1757582
1699310160452,-0.1361454,0.2576886,0.1630265
1699310160467,-0.241989,0.2410061,0.1563106
1699310160481,-0.2889183,0.2198283,0.1458064
1699310160495,-0.2816443,0.1980505,0.1253579
1699310160508,-0.2361828,0.174781,0.1074962
1699310160521,-0.1793749,0.1539896,0.08755404
1699310160535,-0.1266818,0.1386636,0.06020637
1699310160550,-0.094817,0.1310409,0.02975515
1699310160564,-0.06867302,0.1245175,0.00513655
1699310160578,-0.03313272,0.1132194,-0.01780654
1699310160592,-0.007519211,0.09321311,-0.03866015
1699310160606,0.01522958,0.07285902,-0.04750604
1699310160620,0.02612285,0.05150533,-0.05620487
1699310160632,0.04724304,0.02333436,-0.04465487
1699310160647,0.06880102,-0.01143897,-0.02764078
1699310160662,0.08905477,-0.05140259,-0.01099162
1699310160676,0.1059926,-0.08650044,0.003988571
1699310160688,0.1172456,-0.1192032,0.008688105
1699310160703,0.1111165,-0.1486791,0.01986781
1699310160717,0.07370799,-0.1692097,0.03300495
1699310160731,0.01435194,-0.1806098,0.05092433
1699310160743,-0.0548322,-0.1835552,0.05275662
1699310160758,-0.1249233,-0.182458,0.03492255
1699310160773,-0.1681283,-0.1803173,0.001403512
1699310160786,-0.1869624,-0.1800653,-0.03642635
1699310160801,-0.1671461,-0.1818566,-0.07149727
1699310160815,-0.06750441,-0.1945029,-0.0716465
1699310160829,0.1442053,-0.2242031,-0.01567065
1699310160842,0.03321131,-0.2285963,-0.1099293
1699310160855,-0.1840359,-0.2415265,-0.2428104
1699310160870,-0.2915542,-0.2397595,-0.232397
1699310160884,-0.3689394,-0.2078103,-0.1448377
1699310160897,-0.4864629,-0.1628511,-0.07959407
1699310160911,-0.5633869,-0.1399334,-0.04247063
1699310160925,-0.4743661,-0.1637952,0.04130419
1699310160939,-0.2472373,-0.2167238,0.1590977
1699310160953,-0.004030274,-0.2747191,0.2372505
1699310160967,0.1804088,-0.324957,0.2692295
1699310160981,0.3311588,-0.3711848,0.2632729
1699310160994,0.4820544,-0.4211908,0.2296568
1699310161008,0.556222,-0.4459673,0.1437012
1699310161020,0.4826441,-0.442579,0.02203908
1699310161035,0.3020105,-0.408951,-0.118834
1699310161049,0.1247134,-0.3596453,-0.2367602
1699310161064,0.02033723,-0.3127286,-0.3154046
1699310161079,-0.02004581,-0.2783939,-0.3462626
1699310161093,-0.03181797,-0.2507528,-0.3429489
1699310161106,-0.04220805,-0.2211055,-0.3173139
1699310161119,-0.06030606,-0.1985918,-0.2922909
1699310161133,-0.06110729,-0.1869328,-0.2717541
1699310161146,-0.03465264,-0.1958843,-0.2380916
1699310161159,0.02486479,-0.2089419,-0.2143331
1699310161174,0.1072042,-0.2272416,-0.1823725
1699310161191,0.1745427,-0.2407933,-0.1541309
1699310161202,0.219495,-0.2398821,-0.1202649
1699310161215,0.2520746,-0.2291724,-0.07689015
1699310161232,0.2561204,-0.2009562,-0.03870236
1699310161245,0.2538244,-0.1648017,-0.03934399
1699310161257,0.24306,-0.1252303,-0.06046197
1699310161272,0.2195505,-0.08299997,-0.07580663
1699310161286,0.1834841,-0.0384545,-0.1030013
1699310161302,0.1512272,0.01557359,-0.1249736
1699310161315,0.1248903,0.07563584,-0.1418987
1699310161328,0.09284954,0.1230809,-0.1414556
1699310161342,0.0406763,0.1672475,-0.1344286
1699310161356,0.001430763,0.2011855,-0.1216076
1699310161369,-0.02122102,0.2329284,-0.09974986
1699310161382,-0.03100724,0.258417,-0.0790614
1699310161397,-0.047585,0.2797611,-0.0642598
1699310161411,-0.07827746,0.2979285,-0.05358851
1699310161427,-0.107519,0.3075589,-0.04760921
1699310161440,-0.1133657,0.305986,-0.03683925
1699310161453,0.008060839,0.2925779,-0.007818669
1699310161467,0.02556359,0.272202,-2.131704e-05
1699310161481,-0.2078698,0.2660655,-0.05487719
1699310161493,-0.2909765,0.2546729,-0.06946903
1699310161510,-0.2732786,0.2537497,-0.04884873
1699310161523,-0.2595138,0.245372,-0.07207523
1699310161536,-0.2881078,0.230441,-0.1276221
1699310161550,-0.3140579,0.2054271,-0.1556934
1699310161564,-0.3383469,0.1924323,-0.1440476
1699310161578,-0.3051698,0.1915089,-0.1079252
1699310161592,-0.148868,0.1938581,-0.0715836
1699310161606,0.06180399,0.1890839,-0.03571032
1699310161618,0.1831847,0.170284,-0.02107005
1699310161634,0.246179,0.1512041,-0.01041909
1699310161647,0.345879,0.1350803,0.0422199
1699310161662,0.455415,0.1372983,0.1038093
1699310161675,0.5008776,0.1431289,0.1497435
1699310161688,0.4180585,0.1425576,0.1622083
1699310161703,0.245247,0.1338198,0.1500357
1699310161716,0.05043018,0.1221226,0.137097
1699310161731,-0.08809909,0.1157056,0.1349596
1699310161744,-0.1599306,0.1148642,0.1402498
1699310161759,-0.1744111,0.1191916,0.1401582
1699310161773,-0.1487883,0.1171621,0.1389517
1699310161787,-0.1111457,0.1175833,0.1354606
1699310161801,-0.06781426,0.1180535,0.124816
1699310161815,-0.03290513,0.1277266,0.1074457
1699310161826,-0.007164145,0.1366328,0.08748464
1699310161842,0.0064289,0.1401565,0.06709547
1699310161855,0.004376733,0.1409326,0.0467728
1699310161869,0.008134226,0.1366746,0.0317121
1699310161883,0.01356787,0.1254007,0.02115769
1699310161899,0.02120012,0.1067293,0.0129509
1699310161912,0.02089198,0.08627024,0.008156015
1699310161924,0.02963041,0.0570702,0.008452589
1699310161938,0.05013868,0.02596179,0.01674332
1699310161953,0.04877625,0.001347638,0.02402462
1699310161967,0.0277886,-0.02645163,0.0321875
1699310161981,0.01300054,-0.04168658,0.04672597
1699310161994,-0.007759101,-0.05855834,0.04923258
1699310162008,-0.03486472,-0.07823217,0.05036815
1699310162021,-0.06953707,-0.09831522,0.05042423
1699310162036,-0.1013078,-0.121907,0.04453538
1699310162051,-0.1258778,-0.1463533,0.04387438
1699310162065,-0.1372505,-0.1681324,0.0482554
1699310162077,-0.146063,-0.1839173,0.0452055
1699310162092,-0.1490572,-0.1920919,0.0284872
1699310162107,-0.1470253,-0.1938386,0.01413657
1699310162119,-0.1116978,-0.1902843,0.00944504
1699310162133,0.06643979,-0.1983223,0.03940253
1699310162146,0.1642249,-0.2208334,0.01374796
1699310162162,-0.07174627,-0.24038,-0.1356051
1699310162176,-0.1461915,-0.2628835,-0.1593385
1699310162189,-0.1916426,-0.2508175,-0.1117447
1699310162203,-0.3145199,-0.2118044,-0.1001068
1699310162217,-0.5112666,-0.1705463,-0.1176123
1699310162229,-0.6077461,-0.1574884,-0.09495687
1699310162241,-0.5488161,-0.1754872,-0.02078706
1699310162256,-0.345716,-0.2069414,0.06987467
1699310162270,-0.09812251,-0.2407527,0.1198701
1699310162285,0.09648582,-0.2801359,0.1295548
1699310162299,0.2293663,-0.3222898,0.1106416
1699310162313,0.3219537,-0.3553536,0.06276955
1699310162326,0.3763136,-0.3724341,-0.01297392
1699310162340,0.3469905,-0.3607401,-0.08927508
1699310162355,0.2425912,-0.3252127,-0.1474515
1699310162371,0.1247,-0.2735485,-0.1858929
1699310162383,0.06331404,-0.2237248,-0.1998194
1699310162398,0.03235768,-0.1824862,-0.2049795
1699310162411,0.02849512,-0.1494036,-0.2065805
1699310162424,0.03761829,-0.1298533,-0.2059408
1699310162439,0.04460184,-0.1143407,-0.191629
1699310162453,0.0602071,-0.1047839,-0.1706748
1699310162467,0.08367921,-0.0990766,-0.1370092
1699310162480,0.1115119,-0.09185132,-0.09433399
1699310162495,0.1395391,-0.07625686,-0.04212533
1699310162509,0.1684481,-0.06515568,-0.005411392
1699310162522,0.1869791,-0.06169467,0.02704686
1699310162535,0.1903619,-0.04791404,0.06994293
1699310162549,0.1786358,-0.02645399,0.09738071
1699310162564,0.1580352,0.005361009,0.1097277
1699310162578,0.1479999,0.03716808,0.1066307
1699310162593,0.1446069,0.07672824,0.1017188
1699310162606,0.1371563,0.1153794,0.1018445
1699310162619,0.1237562,0.1638941,0.09132436
1699310162633,0.1107284,0.2059547,0.07105448
1699310162647,0.1006111,0.2341864,0.05279747
1699310162661,0.08943654,0.2563891,0.04208837
1699310162674,0.08314624,0.2771506,0.04138031
1699310162688,0.07239097,0.3046173,0.03496994
1699310162703,0.05717827,0.3273005,0.03080697
1699310162716,0.03928725,0.3486258,0.02934846
1699310162730,0.01699517,0.3650456,0.02884817
1699310162743,-0.004850647,0.3743355,0.02553297
1699310162758,-0.02961267,0.3874751,0.01772378
1699310162773,-0.05442403,0.4018322,0.01508423
1699310162785,-0.06613176,0.4192058,0.004260991
1699310162799,0.04500248,0.4360259,0.02489302
1699310162814,0.1685637,0.4582218,0.04481735
1699310162828,-0.161134,0.507063,-0.07298647
1699310162841,-0.2909709,0.5400326,-0.1395812
1699310162855,-0.3759832,0.5642229,-0.1736889
1699310162870,-0.3853873,0.5715492,-0.1868318
1699310162883,-0.3653155,0.5620461,-0.2227653
1699310162896,-0.3101543,0.539614,-0.2488196
1699310162912,-0.1519259,0.5048852,-0.2164942
1699310162924,0.07221662,0.4717084,-0.1388173
1699310162938,0.2760804,0.442811,-0.05354337
1699310162951,0.3538244,0.4158266,0.0009679049
1699310162965,0.2880194,0.3776227,0.01348387
1699310162979,0.124679,0.3268265,0.02193387
1699310162994,0.02644986,0.2697055,0.06596204
1699310163008,0.03366385,0.2121401,0.1159077
1699310163022,0.07974076,0.139126,0.1292501
1699310163036,0.08602986,0.06160598,0.116175
1699310163050,0.04202377,-0.003713455,0.1176377
1699310163066,-0.01181754,-0.03591585,0.134173
1699310163077,-0.06657501,-0.04135019,0.1640148
1699310163090,-0.1155669,-0.03320014,0.1851794
1699310163106,-0.1465378,-0.02348638,0.2012147
1699310163120,-0.1346983,-0.01332142,0.2070644
1699310163133,-0.08386197,0.001896068,0.2105236
1699310163148,-0.03008943,0.01462501,0.1977996
1699310163160,0.01473258,0.02287122,0.1614739
1699310163174,0.05002498,0.02949972,0.1039665
1699310163189,0.06701022,0.02513973,0.05625457
1699310163203,0.07441419,0.02396705,0.03111143
1699310163217,0.06882167,0.01839934,0.02014624
1699310163231,0.05867895,0.007533851,0.001054949
1699310163244,0.05051681,-0.01025663,-0.000901295
1699310163257,0.0456759,-0.02842435,-0.002402669
1699310163271,0.04503792,-0.05155393,0.001758021
1699310163285,0.0367911,-0.07079096,0.009858361
1699310163300,0.02659069,-0.08719156,0.02001574
1699310163314,0.02196918,-0.1057053,0.02846014
1699310163327,0.02063358,-0.124408,0.03244236
1699310163340,0.01823775,-0.1465105,0.02354252
1699310163353,0.01244905,-0.171214,0.01624381
1699310163368,0.001883266,-0.1919427,0.009523202
1699310163383,-0.01537838,-0.212032,-0.003706781
1699310163397,-0.03565493,-0.2281338,-0.009339924
1699310163410,-0.04728285,-0.2473162,-0.01387424
1699310163424,-0.04934645,-0.2612144,-0.0132985
1699310163440,-0.04641947,-0.271924,-0.004411858
1699310163453,-0.04666689,-0.2862164,0.00647586
1699310163466,-0.05255846,-0.3048094,0.01978576
1699310163479,-0.04673197,-0.320706,0.03710063
1699310163493,-0.002068998,-0.3455267,0.0584172
1699310163508,-0.02954638,-0.3626207,0.03985618
1699310163520,-0.2175641,-0.3727739,-0.02985837
1699310163536,-0.2933567,-0.3805882,-0.0113995
1699310163549,-0.3060966,-0.3717476,0.03833529
1699310163563,-0.3643177,-0.3464572,0.04985313
1699310163577,-0.3706112,-0.3137887,0.06147878
1699310163591,-0.3358314,-0.2777919,0.08090482
1699310163605,-0.2485948,-0.2396972,0.09424645
1699310163620,-0.1200418,-0.2042135,0.09540188
1699310163634,-0.004623925,-0.1610984,0.09614333
1699310163649,0.07431673,-0.1094389,0.0977381
1699310163662,0.0936467,-0.06081783,0.08468889
1699310163676,0.06040697,-0.01664165,0.06033614
1699310163688,0.004085115,0.01631401,0.02473671
1699310163703,-0.06670732,0.03716101,-0.01737167
1699310163716,-0.1129147,0.04724802,-0.05518182
1699310163732,-0.1171772,0.05165237,-0.08214521
1699310163743,-0.09645694,0.05516464,-0.09563486
1699310163759,-0.06585264,0.04844825,-0.1041398
1699310163772,-0.02655223,0.03287214,-0.09494692
1699310163784,0.008652289,0.01619574,-0.0832194
1699310163799,0.04777094,-0.004010293,-0.07086529
1699310163814,0.07687128,-0.02634314,-0.06633747
1699310163828,0.104484,-0.04500328,-0.06767826
1699310163841,0.1484815,-0.06122408,-0.07094438
1699310163855,0.1924042,-0.07832988,-0.08204737
1699310163869,0.203022,-0.0918811,-0.1004772
1699310163883,0.172317,-0.102745,-0.1209957
1699310163897,0.1274079,-0.1146099,-0.1301733
1699310163912,0.07990431,-0.1294527,-0.1255734
1699310163927,0.03789543,-0.1402107,-0.106751
1699310163938,0.006452349,-0.1449038,-0.08415256
1699310163951,-0.01691869,-0.1506087,-0.06265232
1699310163967,-0.01960218,-0.1538495,-0.03446123
1699310163981,-0.01230764,-0.1464725,-0.002897399
1699310163994,0.008066386,-0.1351895,0.02058903
1699310164008,0.0167803,-0.1147033,0.03498115
1699310164021,0.01052465,-0.08954665,0.04392016
1699310164035,0.002741703,-0.0703382,0.04379441
1699310164050,-0.0007509204,-0.04670956,0.04029136
1699310164065,0.009889066,-0.02794735,0.04080311
1699310164078,0.01565205,-0.006033274,0.04405395
1699310164092,0.02442055,0.01030684,0.04243639
1699310164106,0.03577504,0.02275015,0.0332978
1699310164119,0.0546708,0.03004248,0.02355307
1699310164133,0.06774621,0.03158173,0.00936886
1699310164147,0.07525036,0.03798582,0.006376307
1699310164163,0.07167269,0.04638351,0.01390398
1699310164174,0.07110761,0.05147836,0.0171796
1699310164188,0.07664872,0.05867419,0.02253754
1699310164202,0.08082517,0.06848263,0.02928433
1699310164217,0.08181345,0.07507715,0.03492356
1699310164231,0.07467118,0.09214884,0.03519379
1699310164245,0.05645538,0.1099834,0.04492533
1699310164258,0.03729329,0.1288976,0.05407122
1699310164272,0.01790913,0.1548175,0.06470761
1699310164286,-0.002188903,0.174019,0.06865314
1699310164300,0.003168598,0.1923675,0.07459588
1699310164314,-0.005413408,0.210433,0.06812149
1699310164328,-0.05639684,0.2224103,0.03688761
1699310164341,-0.06892195,0.2268888,0.01956744
1699310164354,-0.06849243,0.2267198,0.01828338
1699310164369,-0.06250044,0.2267189,0.02079542
1699310164384,-0.06518699,0.2207863,0.01098177
1699310164399,-0.082909,0.2017572,-0.002453742
1699310164411,-0.09255696,0.1694848,-0.02291694
1699310164425,-0.09372319,0.139534,-0.03804465
1699310164440,-0.07305764,0.09560083,-0.03746987
1699310164451,-0.04572045,0.05412996,-0.0365386
1699310164467,-0.02029545,0.01305053,-0.02947365
1699310164480,0.00304696,-0.01804815,-0.01742098
1699310164495,0.02756426,-0.04016557,-0.003675355
1699310164509,0.04691667,-0.05539962,0.01373358
1699310164521,0.05393496,-0.05991235,0.02260939
1699310164535,0.04809303,-0.05378417,0.03883578
1699310164550,0.02873657,-0.04027224,0.04589636
1699310164564,0.01443973,-0.02392224,0.04806548
1699310164578,-0.004059179,-0.005694287,0.04620147
1699310164592,-0.01983706,0.01044034,0.03534573
1699310164606,-0.02639871,0.02451765,0.01972902
1699310164621,-0.0139483,0.03540666,0.0106283
1699310164636,0.002858391,0.04892038,-0.00459671
1699310164648,0.01997531,0.05603375,-0.007879283
1699310164661,0.04069124,0.0652556,-0.01501649
1699310164673,0.0555907,0.07113362,-0.01507084
1699310164689,0.06240049,0.07747644,-0.01774465
1699310164703,0.06461378,0.07976948,-0.01056431
1699310164717,0.06469275,0.07816202,-0.007731725
1699310164729,0.06301866,0.07577869,-0.009883688
1699310164744,0.06068323,0.07049188,-0.01045486
1699310164758,0.05484246,0.06954256,-0.0131628
1699310164773,0.04482052,0.06439582,-0.01747526
1699310164786,0.03698885,0.06353286,-0.02094177
1699310164799,0.0313084,0.06565145,-0.03017669
1699310164814,0.02012348,0.0674499,-0.0331801
1699310164829,0.01708456,0.07198495,-0.03980498
1699310164843,0.01961997,0.07542165,-0.04315358
1699310164858,0.02167983,0.07743455,-0.04859528
1699310164870,0.02289135,0.07718395,-0.05496135
1699310164882,0.03125434,0.07202408,-0.05999629
1699310164897,0.02554082,0.0677263,-0.06322902
1699310164911,0.01527639,0.06072098,-0.06052461
1699310164925,0.007498798,0.05046822,-0.06199012
1699310164939,-0.001972834,0.04342613,-0.064812
1699310164951,-0.0001746611,0.02668834,-0.07184957
1699310164967,0.0002277823,0.01144566,-0.07168321
1699310164980,-0.002154287,0.001363249,-0.06326371
1699310164994,-0.004430918,2.782675e-05,-0.06028038
1699310165009,-0.009281051,-0.00305751,-0.0566644
1699310165021,-0.01488215,-0.004678884,-0.05710929
1699310165035,-0.0180702,-0.007188246,-0.06113627
1699310165049,-0.02397702,-0.005821284,-0.06350221
1699310165065,-0.03200896,-0.001455721,-0.06267565
1699310165079,-0.03619735,0.008943786,-0.05606054
1699310165092,-0.03660524,0.01316245,-0.05131932
1699310165106,-0.02724854,0.01592192,-0.04861729
1699310165119,-0.01702913,0.0242996,-0.04448186
1699310165136,0.0005460476,0.03378031,-0.03562102
1699310165148,0.01257567,0.03493286,-0.02806618
1699310165162,0.01957932,0.03963371,-0.02190595
1699310165175,0.02090061,0.04162438,-0.01603441
1699310165188,0.01251515,0.0416315,-0.008637052
1699310165202,-0.001435354,0.04108649,-0.007789786
1699310165216,-0.01326818,0.03765031,-0.01599552
1699310165231,-0.01822563,0.03240258,-0.03057268
1699310165245,-0.02132281,0.02156917,-0.0386638
1699310165258,-0.02133111,0.01712388,-0.03307662
1699310165272,-0.01534274,0.00906386,-0.025706
1699310165285,-0.005677316,0.003808924,-0.01873265
1699310165301,0.005952634,-0.003155439,-0.01415969
1699310165315,0.01092215,-0.007830693,-0.006718945
1699310165330,0.006992369,-0.009380826,-0.005512232
1699310165342,0.005332969,-0.006167499,-0.006796892
1699310165355,0.003673449,-0.002954048,-0.008080925
1699310165369,0.004782043,0.002526959,-0.01346195
1699310165383,0.008787513,0.003991963,-0.008824729
1699310165398,0.02085563,0.006201289,-0.001380335
1699310165412,0.02667943,0.008275021,0.001482631
1699310165426,0.03391207,0.008397168,0.006447414
1699310165438,0.03411127,0.01264489,0.01840586
1699310165453,0.03196763,0.0122141,0.02701483
1699310165466,0.0307297,0.01844556,0.03686224
1699310165480,0.02576176,0.0202948,0.03810715
1699310165493,0.02638919,0.02656924,0.03700841
1699310165507,0.02531135,0.02997969,0.03706222
1699310165523,0.02319836,0.03511195,0.03402635
1699310165537,0.02015482,0.03691174,0.03019595
1699310165550,0.01552888,0.0385868,0.02457632
1699310165565,0.01053671,0.03876893,0.02267816
1699310165578,0.008220321,0.03572126,0.02245885
1699310165591,0.004673522,0.03227896,0.02536065
1699310165606,-0.001332485,0.02642866,0.02553373
1699310165619,-0.007111848,0.02432924,0.02845205
1699310165635,-0.01439589,0.02147925,0.02629799
1699310165649,-0.01884229,0.02084862,0.02006191
1699310165661,-0.01809817,0.02041621,0.01810904
1699310165674,-0.02157957,0.02309319,0.01266225
1699310165688,-0.02764335,0.02565354,0.01091562
1699310165703,-0.02554793,0.03000351,0.006062323
1699310165718,-0.02408586,0.03582169,0.002996738
1699310165731,-0.01788629,0.03769855,-0.0008964691
1699310165745,-0.01143568,0.03828208,0.0002886656
1699310165760,-0.01241856,0.04094344,0.01449652
1699310165774,-0.01124959,0.04463504,0.01763608
1699310165786,-0.007911015,0.04429591,0.01783495
1699310165802,-0.01243295,0.04096602,0.01443818
1699310165814,-0.01457863,0.04166882,0.01693557
1699310165827,-0.01473574,0.04396303,0.01753972
1699310165842,-0.01598163,0.04931624,0.009930901
1699310165856,-0.02025381,0.05140664,0.0065811
1699310165869,-0.02454781,0.05517231,0.006309192
1699310165883,-0.0295664,0.05871733,0.0105177
1699310165897,-0.02506785,0.05769927,0.007853552
1699310165909,-0.0198888,0.05621333,0.009071104
1699310165925,-0.01351496,0.04503632,0.01181092
1699310165939,-0.01096977,0.03942809,0.01881763
1699310165952,-0.009445722,0.03118521,0.02246779
1699310165967,-0.02381608,0.02768166,0.02325035
1699310165981,-0.03266967,0.02681015,0.03041168
1699310165993,-0.03761838,0.02773575,0.02577939
1699310166007,-0.0279138,0.03422627,0.02000892
1699310166021,-0.01632638,0.04225633,0.01822288
1699310166038,-0.00179669,0.04649242,0.02798997
1699310166050,0.00842275,0.05079915,0.02890703
1699310166065,0.004358628,0.05999142,0.02866138
1699310166079,-0.006001806,0.0683298,0.01881069
1699310166091,-0.01998481,0.07199631,0.01677006
1699310166106,-0.02334451,0.07768311,0.009226168
1699310166120,-0.02025322,0.07792398,0.01280957
1699310166134,-0.0119792,0.07765321,0.01760375
1699310166147,-0.0002161595,0.07136793,0.0217295
1699310166163,0.0008398572,0.06436899,0.02622743
1699310166177,0.0002492275,0.06086695,0.024398
1699310166191,-0.003903027,0.05502283,0.02511813
1699310166203,-0.004657021,0.05254591,0.02891893
1699310166216,0.001797801,0.04675142,0.03193089
1699310166230,0.008334921,0.0373758,0.03942966
1699310166244,0.01212784,0.02649964,0.04250933
1699310166260,0.009566654,0.01514871,0.04408408
1699310166271,0.001649218,0.01057895,0.04285936
1699310166287,-0.005487484,0.00581938,0.03484423
1699310166300,-0.003548264,0.003002306,0.0327989
1699310166315,0.001547274,0.00147864,0.03424518
1699310166327,0.008090245,-0.002428741,0.02972075
1699310166341,0.008657836,-0.001609556,0.02858325
1699310166358,0.001074294,-0.003477156,0.02446058
1699310166371,-0.009570334,-0.00618609,0.0192041
1699310166384,-0.01786223,-0.006521564,0.01681199
1699310166399,-0.02660539,-0.009949438,0.01498998
1699310166412,-0.02682719,-0.01830391,0.01695409
1699310166427,-0.02344394,-0.03314225,0.01013873
1699310166439,-0.01594875,-0.05220452,0.001382322
1699310166452,-0.01503394,-0.07129677,-0.000698417
1699310166467,-0.02600954,-0.08568375,-0.004309968
1699310166480,-0.03978792,-0.09674685,-0.00383452
1699310166496,-0.04367264,-0.1080126,0.00335121
1699310166510,-0.0274206,-0.1249441,0.001248291
1699310166521,-0.01097714,-0.1470927,0.0004732623
1699310166535,-0.002441133,-0.1660354,0.005043265
1699310166550,-0.007338071,-0.1810133,0.009114321
1699310166565,-0.01501374,-0.1964434,0.008685383
1699310166579,-0.01667635,-0.211619,0.002211831
1699310166592,-0.01671068,-0.2239629,0.0006264197
1699310166607,-0.01604579,-0.2440977,-0.01303178
1699310166621,-0.01912083,-0.2568784,-0.02519407
1699310166635,-0.02901017,-0.2671579,-0.02848711
1699310166648,-0.03953907,-0.271956,-0.03202163
1699310166661,-0.04133043,-0.2806124,-0.03863067
1699310166675,-0.04594336,-0.2848892,-0.05291588
1699310166689,-0.05574742,-0.2892569,-0.05944969
1699310166704,-0.06081275,-0.2863804,-0.06498703
1699310166716,-0.06431851,-0.2747984,-0.06387201
1699310166731,-0.06175694,-0.2598326,-0.06972502
1699310166745,-0.06004826,-0.2507679,-0.07901476
1699310166759,-0.06543119,-0.2361518,-0.07449546
1699310166773,-0.06812178,-0.2255057,-0.07167255
1699310166787,-0.06517135,-0.2116263,-0.08402435
1699310166799,-0.05928063,-0.2022056,-0.0887526
1699310166815,-0.05586349,-0.1827238,-0.08178023
1699310166827,-0.06114005,-0.1585201,-0.07800573
1699310166840,-0.06737183,-0.1309148,-0.07392915
1699310166855,-0.0647536,-0.1141821,-0.0765809
1699310166869,-0.04572348,-0.1010055,-0.08357504
1699310166883,-0.03185811,-0.08600843,-0.0831717
1699310166899,-0.03284292,-0.0666815,-0.07939389
1699310166911,-0.03385817,-0.04842203,-0.07540721
1699310166926,-0.02531364,-0.03554051,-0.0713928
1699310166940,-0.009461703,-0.02206599,-0.06573857
1699310166952,0.005886531,-0.01114488,-0.06306396
1699310166967,0.01176853,0.001213204,-0.05730508
1699310166981,0.01163434,0.007751163,-0.05075438
1699310166995,0.009044366,0.01847208,-0.04668073
1699310167008,0.00737957,0.02244574,-0.04335506
1699310167022,0.005828274,0.0255525,-0.03202102
1699310167037,0.006134626,0.03503444,-0.0136348
1699310167049,0.005326157,0.04387492,0.0001400562
1699310167062,0.007870865,0.05199313,0.004830037
1699310167077,0.0100352,0.05735116,0.01887598
1699310167093,0.02026179,0.05681236,0.02152429
1699310167107,0.02282299,0.05703472,0.02436822
1699310167121,0.01520358,0.0532447,0.0231803
1699310167134,0.005495328,0.05747755,0.02326095
1699310167147,-0.008363685,0.05861372,0.02173284
1699310167160,-0.006692369,0.06327155,0.02461644
1699310167175,-0.00709307,0.0687934,0.03123954
1699310167190,-0.0003041849,0.07724576,0.04031823
1699310167205,0.01084119,0.0806946,0.04821037
1699310167216,0.01707518,0.08655138,0.05434481
1699310167231,0.02770939,0.08563413,0.05514951
1699310167245,0.04782618,0.07995603,0.05276172
1699310167258,0.06149458,0.07374722,0.04990344
1699310167272,0.06770177,0.06073895,0.0408019
1699310167285,0.06960288,0.05376555,0.03264977
1699310167300,0.06901056,0.04319146,0.02110961
1699310167314,0.06789266,0.04196315,0.01321794
1699310167328,0.0617752,0.03669069,0.01035129
1699310167343,0.05579899,0.03579961,0.007797813
1699310167359,0.04802852,0.03706401,0.004227758
1699310167371,0.04465338,0.03609467,-0.003279074
1699310167383,0.0383496,0.03766315,-0.004256561
1699310167398,0.03476179,0.03462018,-0.01141034
1699310167411,0.03314114,0.03174282,-0.01014148
1699310167427,0.03162151,0.02858302,-0.01669642
1699310167442,0.02186852,0.03078146,-0.009787668
1699310167454,0.01791706,0.02820646,-0.008119993
1699310167468,0.00745338,0.02889923,-0.01019041
1699310167482,0.002403061,0.02867023,-0.008222003
1699310167494,-0.0008937173,0.03188962,-0.004183847
1699310167508,-0.0002660536,0.03481349,-0.005739993
1699310167522,0.003994358,0.03718232,-0.008353483
1699310167538,0.002398514,0.04145787,-0.009689877
1699310167551,0.004328731,0.04031665,-0.008881325
1699310167565,0.00101712,0.0440055,-0.008362116
1699310167578,0.001853019,0.04663799,-0.0177152
1699310167593,0.001044703,0.04209847,-0.01929572
1699310167607,-0.000356044,0.04464854,-0.01796581
1699310167618,-0.007863916,0.04320323,-0.01199424
1699310167633,-0.01634877,0.04847918,-0.005480197
1699310167646,-0.01964995,0.04844765,0.004873321
1699310167662,-0.01337714,0.04691004,0.005981116
1699310167676,0.0005156877,0.04079121,0.01041933
1699310167688,0.006239576,0.03736987,0.01290558
1699310167703,0.002812223,0.03381267,0.009155989
1699310167716,-0.001714913,0.0326066,0.005695181
1699310167732,-0.007984478,0.03415127,0.004545885
1699310167745,-0.001972968,0.0270869,-0.001224522
1699310167760,0.0002972587,0.02621538,-0.004887195
1699310167773,0.005631958,0.01908671,-0.005151011
1699310167786,0.008792756,0.01387544,-0.001931021
1699310167801,0.007448754,0.01079238,-0.001725842
1699310167815,0.003175105,0.005565241,-0.003153175
1699310167828,-0.003793891,0.003620211,-0.006112727
1699310167840,-0.004311891,-0.004455516,-0.009182823
1699310167855,-0.008896776,-0.006138971,-0.009141586
1699310167869,-0.007007465,-0.01061869,-0.008762003
1699310167884,-0.007266765,-0.009850217,-0.004434707
1699310167898,-0.005297424,-0.01043081,-0.0002668479
1699310167915,-0.0009738723,-0.007977846,0.004022607
1699310167924,0.0002444489,-0.009272883,0.003525109
1699310167938,0.007082671,-0.011792,-0.0006460388
1699310167951,0.01189931,-0.01420759,-0.005480607
1699310167967,0.01293943,-0.01711248,-0.009123542
1699310167981,0.01432172,-0.02013819,-0.006934495
1699310167993,0.01387146,-0.01811887,-0.001790599
1699310168006,0.01485727,-0.01863501,0.002033278
1699310168020,0.01527633,-0.02112634,0.0003882308
1699310168035,0.01379693,-0.02534251,-0.006058282
1699310168048,0.01241904,-0.02517367,-0.01221852
1699310168064,-0.0007469327,-0.02455886,-0.01644043
1699310168077,-0.002591786,-0.02284948,-0.01394891
1699310168091,-0.006044722,-0.02021514,-0.01326544
1699310168104,0.005723115,-0.02114118,-0.01171747
1699310168116,0.01992469,-0.02463187,-0.0111906
1699310168132,0.03219654,-0.0303052,-0.01199028
1699310168146,0.0350258,-0.03059478,0.0003379836
1699310168159,0.03228799,-0.02780094,0.002325897
1699310168173,0.02570159,-0.02274573,0.002674605
1699310168187,0.01881426,-0.01700692,0.0005238976
1699310168202,0.01476621,-0.009684583,-0.00334192
1699310168217,0.01427314,-0.0001334701,-0.01112843
1699310168229,0.02015573,0.00801553,-0.01099357
1699310168242,0.02805344,0.01229766,-0.007146845
1699310168257,0.03005717,0.01842516,-0.00207232
1699310168271,0.02424807,0.02419592,0.002929697
1699310168285,0.01865534,0.0258572,0.003159449
1699310168300,0.009232408,0.02642115,0.001267317
1699310168315,-0.0001928704,0.03032655,-0.0001799186
1699310168327,-0.008404129,0.03249012,0.001358854
1699310168338,-0.01867608,0.04095291,0.006630216
1699310168351,-0.02841836,0.05131372,0.01053469
1699310168365,-0.02907565,0.05496313,0.006118045
1699310168380,-0.02457768,0.05943393,0.003175178
1699310168395,-0.01532119,0.06400888,0.009715564
1699310168409,-0.008365394,0.0626646,0.01218853
1699310168424,-0.001216924,0.0600595,0.01390536
1699310168437,-6.291791e-05,0.05162492,0.01601057
1699310168451,-0.001435727,0.04795907,0.01290275
1699310168466,-0.004972733,0.03954061,0.01233129
1699310168479,-0.005899345,0.03671543,0.008037338
1699310168493,-0.008375202,0.03539473,0.005204218
1699310168506,-0.008501536,0.03044006,0.001609929
1699310168520,-0.009177241,0.02694221,-0.0001847992
1699310168534,-0.005621196,0.02534593,-0.0009599312
1699310168548,-0.001807049,0.02307684,0.00076542
1699310168564,0.003462528,0.02274399,0.008320814
1699310168578,0.006249103,0.02386308,0.01015751
1699310168589,0.007137547,0.02277728,0.01067377
1699310168604,0.01026045,0.02368054,0.01154023
1699310168616,0.0004346945,0.02680075,0.01104095
1699310168631,-0.006912593,0.03125028,0.01336929
1699310168646,-0.01271488,0.04088271,0.01510814
1699310168660,-0.006942215,0.04461776,0.01514057
1699310168674,-0.003705024,0.04990409,0.01627807
1699310168687,0.002075427,0.05030104,0.0158599
1699310168700,0.004424243,0.05275808,0.01270584
1699310168716,0.003585105,0.05268899,0.005540282
1699310168728,-0.001303205,0.05453229,-0.005760492
1699310168744,-0.00326578,0.05405779,-0.009769201
1699310168755,-0.005577236,0.05102309,-0.009973276
1699310168770,-0.004508848,0.04925341,-0.006928014
1699310168783,-0.002327337,0.04848268,-0.003669169
1699310168797,-0.001213207,0.04498836,0.0020869
1699310168812,0.001207042,0.04411011,-0.001494262
1699310168825,0.003612949,0.04657286,-0.004585844
1699310168838,-0.003270243,0.04634353,-0.01047356
1699310168852,-0.008042521,0.04154679,-0.02272891
1699310168866,-0.008683038,0.03980221,-0.02721791
1699310168880,-0.02201513,0.04123442,-0.02773331
1699310168895,-0.03041977,0.04082926,-0.02953408
1699310168909,-0.04144906,0.04256473,-0.02700789
1699310168926,-0.05339882,0.04205356,-0.02545366
1699310168939,-0.05366864,0.04855646,-0.032734
1699310168952,-0.05548971,0.05017544,-0.02455432
1699310168967,-0.05765222,0.05694494,-0.01174699
1699310168980,-0.06003741,0.06276694,-0.004613278
1699310169001,-0.06300866,0.07040119,-0.007402785
1699310169008,-0.06688607,0.07577688,-0.01114308
1699310169021,-0.07099144,0.07908535,-0.01456396
1699310169031,-0.07673768,0.08308298,-0.02232379
1699310169045,-0.08361278,0.08278779,-0.03077179
1699310169059,-0.09306821,0.08664474,-0.04335961
1699310169075,-0.1070744,0.08720885,-0.0536282
1699310169089,-0.1156216,0.08757484,-0.06045705
1699310169103,-0.1151467,0.08347317,-0.06768329
1699310169116,-0.1129756,0.07618185,-0.0654835
1699310169131,-0.108517,0.06851378,-0.06344061
1699310169145,-0.1115771,0.06028745,-0.05722801
1699310169159,-0.1140727,0.0562068,-0.05169087
1699310169172,-0.1179951,0.0497964,-0.04045266
1699310169186,-0.1213238,0.04790854,-0.04377702
1699310169200,-0.1111015,0.04561172,-0.05208274
1699310169214,-0.1043521,0.04151659,-0.04403842
1699310169229,-0.09881322,0.04692065,-0.03938361
1699310169242,-0.09196104,0.04941688,-0.03018292
1699310169255,-0.08431141,0.05409838,-0.02800228
1699310169269,-0.08142125,0.05769337,-0.02290917
1699310169283,-0.07435557,0.06296176,-0.0163951
1699310169298,-0.07839211,0.06944904,-0.01344827
1699310169311,-0.07256008,0.07120889,-0.01031682
1699310169326,-0.07392965,0.07382882,-0.009077175
1699310169340,-0.06883593,0.08003719,-0.005851903
1699310169352,-0.06035195,0.07870899,-0.006859387
1699310169366,-0.04899414,0.08262736,-0.00522806
1699310169380,-0.04268213,0.08109596,-0.001244195
1699310169393,-0.04359782,0.08123272,-0.001671675
1699310169408,-0.04581506,0.07856897,0.0001068935
1699310169423,-0.04750051,0.07517361,0.005777078
1699310169436,-0.04434117,0.07286249,0.008648104
1699310169450,-0.04278899,0.06896073,0.01463271
1699310169466,-0.04010642,0.06821308,0.0111394
1699310169477,-0.03482398,0.06444084,0.01406907
1699310169491,-0.03173238,0.06350172,0.009645034
1699310169505,-0.02735757,0.06621914,0.01105284
1699310169519,-0.02351202,0.06579523,0.01276081
1699310169533,-0.01974379,0.0676334,0.01524359
1699310169550,-0.01838121,0.07043204,0.01297415
1699310169561,-0.01463805,0.0753393,0.01373365
1699310169574,-0.01594011,0.07585367,0.01659351
1699310169588,-0.01844485,0.07770458,0.01982801
1699310169602,-0.01583625,0.08167589,0.0202541
1699310169616,-0.007976782,0.08513813,0.0243914
1699310169632,-0.004006054,0.08574667,0.02607249
1699310169645,0.00186888,0.08611731,0.02872472
1699310169657,0.001798842,0.08612524,0.02870711
1699310169671,0.007963863,0.08278918,0.02740482
1699310169685,0.007079262,0.08054471,0.03577009
1699310169700,0.006105668,0.08059181,0.0448317
1699310169713,0.008833217,0.07719848,0.04797141
1699310169727,0.009562679,0.07633057,0.05086736
1699310169741,0.01877571,0.06867495,0.044794
1699310169756,0.02798173,0.06098208,0.04828278
1699310169770,0.03069674,0.05785501,0.05385334
1699310169783,0.02896159,0.05382768,0.05381146
1699310169796,0.02916063,0.0521324,0.04823063
1699310169810,0.0252593,0.04903404,0.04332238
1699310169826,0.02083885,0.04256262,0.03634012
1699310169839,0.02109742,0.03527021,0.02942891
1699310169853,0.02295991,0.02947974,0.02908454
1699310169867,0.02391799,0.01822467,0.02692701
1699310169880,0.02655944,0.01075611,0.0224437
1699310169895,0.02611148,0.005899113,0.02680589
1699310169908,0.02943236,-0.005778487,0.02470771
1699310169922,0.02805546,-0.01131254,0.02146849
1699310169937,0.02216871,-0.01500008,0.01805241
1699310169951,0.016468,-0.01738652,0.0168954
1699310169965,0.01255566,-0.02303318,0.01851962
1699310169978,0.006360886,-0.01991202,0.01724485
1699310169992,0.003071245,-0.01991843,0.01199856
1699310170006,0.005268512,-0.01965266,-0.001500174
1699310170019,0.007418244,-0.0155141,-5.286292e-05
1699310170034,0.006696858,-0.01356014,0.006457373
1699310170047,0.008605675,-0.01323915,0.01217001
1699310170062,0.01021144,-0.01221816,0.01396153
1699310170075,0.008037033,-0.01103656,0.01144742
1699310170088,0.003994411,-0.009367565,0.01033537
1699310170102,0.00076624,-0.006074813,0.005670769
1699310170116,-0.004667019,-0.003835314,0.007388645
1699310170131,-0.004127328,-0.0009828621,0.00467119
1699310170145,-0.007045408,0.001621519,0.003923035
1699310170160,-0.002833913,0.0007222689,0.002545777
1699310170172,-0.003099099,0.002225411,0.005738302
1699310170186,-0.000557629,0.003129611,0.008013009
1699310170200,0.002725451,0.002611089,0.008516866
1699310170214,0.000563373,0.004063269,0.00837077
1699310170228,0.001113663,0.007190456,0.008010396
1699310170243,0.00299248,0.006972984,0.00897934
1699310170256,0.006173916,0.002862332,0.006546343
1699310170269,0.007038472,-0.0002892476,0.008819167
1699310170283,0.00657476,-9.595207e-05,0.009761193
1699310170297,0.004436481,-0.003961118,0.01070168
1699310170311,0.004240787,-0.005276082,0.008453436
1699310170325,0.007607319,-0.002471588,0.009535753
1699310170338,0.01635261,-0.004674739,0.01307906
1699310170352,0.01670879,-0.002863594,0.01046409
1699310170367,0.01733,-0.002563239,0.004660881
1699310170381,0.01245716,-0.002787785,0.004729119
1699310170396,0.01062792,0.0001957131,-0.0003973447
1699310170408,0.008563332,-0.000630061,-0.00124441
1699310170422,0.009504041,-0.0007364557,-0.0007597046
1699310170437,0.01035939,-0.004160199,-0.0008507915
1699310170450,0.009517002,-0.006327604,-0.00203351
1699310170464,0.01281673,-0.006557559,0.0008396608
1699310170479,0.01065442,-0.005108662,0.0006902239
1699310170492,0.004278341,-0.002763834,0.001915752
1699310170506,0.003421426,0.0006615732,0.002004083
1699310170520,0.007998923,0.00184847,0.0003841509
1699310170534,0.01036764,0.002002573,0.005163233
1699310170547,0.01538153,0.002441294,-0.002134198
1699310170563,0.01517304,0.0008442223,-0.006747948
1699310170575,0.01243692,-0.001390711,-0.01126719
1699310170589,0.01842029,-0.006349943,-0.01699511
1699310170604,0.0203968,-0.008842227,-0.01672994
1699310170617,0.01662763,-0.01034978,-0.007389872
1699310170633,0.01201667,-0.008138634,0.004405791
1699310170644,0.005755503,-0.007801436,0.007308826
1699310170658,0.007995772,-0.005922193,0.00803412
1699310170672,0.01085041,-0.003758524,0.002946619
1699310170687,0.01122367,0.0005203544,-0.006207592
1699310170701,0.01427345,0.004013918,-0.009047047
1699310170716,0.01521467,0.003915184,-0.008561684
1699310170728,0.01567742,0.003726558,-0.009511452
1699310170742,0.009341531,0.0007356741,-0.007180833
1699310170756,0.01145167,-0.003739346,-0.005232263
1699310170771,0.009526987,-0.006289581,-0.002031766
1699310170785,0.004670424,-0.006257085,0.0004123975
1699310170798,0.005911902,-0.007305877,0.002450785
1699310170811,0.003797639,-0.00283034,0.0004991305
1699310170826,0.005698474,-0.002749867,0.003833878
1699310170839,0.006963519,-0.001332787,-0.0006711904
1699310170853,0.01262353,0.0002544494,-0.006689246
