time,velocity_x,velocity_y,velocity_z
1699310147788,0.000345027,0.003444015,-0.006797231
1699310147799,0.001627189,0.000768823,-0.00661092
1699310147813,0.001585806,0.0006032785,-0.006480771
1699310147833,0.001089867,0.0008243948,-0.006621765
1699310147853,0.0008891572,0.0009294588,-0.006628021
1699310147873,0.000392587,0.0006802689,-0.006770013
1699310147889,-0.000355383,0.0004060313,-0.006898026
1699310147906,-0.0008168498,-8.927071e-05,-0.007207216
1699310147922,-0.001470041,-0.0001408208,-0.007433669
1699310147939,-0.001824805,-4.930946e-06,-0.007643947
1699310147956,-0.002157843,0.0002510534,-0.007944568
1699310147971,-0.002562607,0.0006968507,-0.008141
1699310147986,-0.003023809,0.001275869,-0.008400656
1699310148003,-0.003142521,0.001744765,-0.008538108
1699310148014,-0.003320308,0.001783806,-0.008843984
1699310148029,-0.003233245,0.001717706,-0.008978385
1699310148047,-0.003258015,0.00165722,-0.009214066
1699310148060,-0.003166676,0.001837949,-0.009376572
1699310148074,-0.00292496,0.001771372,-0.009551509
1699310148088,-0.002944395,0.002117893,-0.009707626
1699310148103,-0.002955902,0.0019682,-0.009593762
1699310148116,-0.002924655,0.002104561,-0.009357618
1699310148129,-0.002999,0.002235532,-0.009227863
1699310148143,-0.002819777,0.002331714,-0.009024173
1699310148158,-0.002915899,0.001936658,-0.009273573
1699310148172,-0.002834958,0.001843018,-0.009325722
1699310148185,-0.003166579,0.00136955,-0.009610865
1699310148200,-0.003501679,0.001027142,-0.009811491
1699310148214,-0.003566186,0.0006880025,-0.009886116
1699310148228,-0.00356837,9.46998e-05,-0.01005234
1699310148243,-0.003527418,-3.50701e-05,-0.01023789
1699310148258,-0.003697535,-0.0001749042,-0.01037128
1699310148273,-0.003843977,-0.0001497734,-0.01058367
1699310148287,-0.003928832,6.190143e-05,-0.01072496
1699310148303,-0.004055079,2.185168e-05,-0.01103978
1699310148317,-0.004034342,-0.0001150562,-0.01143034
1699310148331,-0.003663129,-0.0002975301,-0.01147564
1699310148340,-0.003520551,-0.0001436348,-0.0115678
1699310148353,-0.003135584,-0.0003467624,-0.01153336
1699310148368,-0.002732842,0.0005899519,-0.0114888
1699310148382,-0.00238997,0.0006836092,-0.01137223
1699310148395,-0.002259112,0.001238516,-0.01108896
1699310148408,-0.002115579,0.001974221,-0.01055794
1699310148422,-0.001762208,0.002156649,-0.01014247
1699310148437,-0.001929779,0.002040765,-0.009725939
1699310148451,-0.002081575,0.001694483,-0.009381531
1699310148465,-0.002424426,0.001424522,-0.008904601
1699310148478,-0.00247828,0.0009327031,-0.008366049
1699310148490,-0.002865898,0.001101138,-0.007757318
1699310148504,-0.003210943,0.0009181023,-0.007209681
1699310148518,-0.003584319,0.0006847879,-0.006632231
1699310148533,-0.004228772,0.0005173077,-0.006055229
1699310148548,-0.004670741,0.0004870806,-0.005457937
1699310148561,-0.005221924,0.0001620558,-0.00487744
1699310148575,-0.005477775,-0.000346948,-0.004146329
1699310148588,-0.006064504,-0.0004655647,-0.003511097
1699310148602,-0.006461113,-0.0009409327,-0.002912328
1699310148615,-0.007074826,-0.001756703,-0.002557969
1699310148631,-0.007650128,-0.00210231,-0.002255457
1699310148644,-0.007974175,-0.002566484,-0.001951722
1699310148656,-0.008479556,-0.002227323,-0.001667412
1699310148672,-0.009053076,-0.001996689,-0.001271652
1699310148685,-0.009462769,-0.002135613,-0.0008966292
1699310148699,-0.01001169,-0.002104786,-0.0006516768
1699310148712,-0.01036704,-0.002560002,-0.0004969394
1699310148726,-0.01049984,-0.002802537,-0.0003293899
1699310148741,-0.01061249,-0.002562831,-0.0001956524
1699310148755,-0.01065005,-0.00192301,-6.977236e-06
1699310148769,-0.01063912,-0.001381337,0.0003096911
1699310148783,-0.0105246,-0.001055896,0.0004875155
1699310148796,-0.01032606,-0.0008690069,0.0008358058
1699310148810,-0.01024535,-0.0009720693,0.001147141
1699310148822,-0.009985392,-0.001086101,0.001496893
1699310148837,-0.009563373,-0.001222654,0.002072329
1699310148851,-0.009367079,-0.001442995,0.002488086
1699310148866,-0.008917269,-0.001978568,0.003116786
1699310148880,-0.008658035,-0.002077001,0.003713967
1699310148894,-0.008068598,-0.002063252,0.00444852
1699310148907,-0.007808469,-0.002172262,0.005382205
1699310148920,-0.007695924,-0.002589097,0.006295949
1699310148933,-0.007421424,-0.003237828,0.007433804
1699310148947,-0.007238299,-0.003962683,0.008373593
1699310148964,-0.006845509,-0.00470085,0.009375389
1699310148979,-0.006444726,-0.005193561,0.01006328
1699310148991,-0.00603882,-0.005654722,0.01059294
1699310149005,-0.006164613,-0.006133892,0.01085592
1699310149020,-0.006054296,-0.0066486,0.0111309
1699310149033,-0.005832142,-0.006989025,0.01147435
1699310149046,-0.005722872,-0.007124911,0.01155804
1699310149060,-0.00546477,-0.006973738,0.01166785
1699310149075,-0.005024487,-0.006723315,0.01165874
1699310149088,-0.004732526,-0.006880545,0.01137846
1699310149102,-0.004221099,-0.007259318,0.01110814
1699310149116,-0.003719987,-0.007576108,0.01095986
1699310149130,-0.003135921,-0.007267328,0.01080133
1699310149144,-0.002472902,-0.006627977,0.01063865
1699310149157,-0.001876792,-0.005364086,0.01052202
1699310149171,-0.001285313,-0.004151986,0.01024448
1699310149184,-0.0002199239,-0.003691,0.01006697
1699310149199,0.0004589364,-0.00364934,0.009633228
1699310149213,0.001489423,-0.003411102,0.009541744
1699310149227,0.002235329,-0.0029003,0.009283837
1699310149241,0.003092097,-0.002460558,0.009046321
1699310149255,0.003681747,-0.00209966,0.008737413
1699310149268,0.004286784,-0.001844095,0.008416887
1699310149281,0.005183251,-0.001488732,0.008097135
1699310149297,0.005909242,-0.001335285,0.007788854
1699310149310,0.006645787,-0.001422281,0.007491052
1699310149323,0.007256301,-0.001650978,0.007503968
1699310149337,0.007974226,-0.001762495,0.007408806
1699310149349,0.008580549,-0.001547123,0.007423261
1699310149365,0.009215723,-0.001357475,0.00740244
1699310149380,0.01004692,-0.001729301,0.007305486
1699310149393,0.0104836,-0.001935915,0.007193802
1699310149408,0.01087034,-0.002208454,0.006916122
1699310149421,0.01146983,-0.00195831,0.006795789
1699310149435,0.01197678,-0.001216101,0.006837977
1699310149448,0.01255619,-0.0004117681,0.006809703
1699310149462,0.01302809,0.0005026273,0.006894769
1699310149476,0.01315261,0.001056772,0.00684564
1699310149490,0.01342457,0.001322013,0.006960027
1699310149505,0.01377223,0.001155335,0.006890938
1699310149520,0.01398684,0.001008827,0.007029145
1699310149533,0.0143336,0.000804742,0.007177552
1699310149547,0.01463714,0.001417184,0.007469199
1699310149561,0.01488776,0.00184524,0.007658939
1699310149575,0.01536834,0.002073449,0.007906022
1699310149587,0.01573176,0.002083951,0.008111406
1699310149602,0.01617274,0.001934174,0.00816923
1699310149616,0.01665046,0.001341598,0.008224288
1699310149631,0.01706468,0.0008919752,0.008125646
1699310149644,0.01766227,0.0009029542,0.008167421
1699310149656,0.01803157,0.00107461,0.008057744
1699310149671,0.01831756,0.001162307,0.007723769
1699310149685,0.0187725,0.001144142,0.007323508
1699310149700,0.01900911,0.001124013,0.007032785
1699310149714,0.0191197,0.001079379,0.006869589
1699310149728,0.01892235,0.001173019,0.00700593
1699310149742,0.01857467,0.001109855,0.007139661
1699310149755,0.01825782,0.0007432807,0.007144255
1699310149769,0.01800775,0.0004241107,0.00698396
1699310149783,0.0175714,3.51221e-05,0.006529076
1699310149797,0.01742255,-0.0001500477,0.006010331
1699310149810,0.01665402,0.0002374696,0.00526323
1699310149825,0.01577793,0.000852492,0.004516255
1699310149839,0.01526959,0.001484736,0.00389245
1699310149852,0.01466019,0.001800493,0.003263357
1699310149866,0.01393269,0.001729535,0.002509189
1699310149880,0.01326128,0.001332088,0.001886655
1699310149893,0.01265438,0.00109635,0.001427679
1699310149908,0.0121642,0.0008873077,0.00120504
1699310149921,0.01122011,0.0008917979,0.001040448
1699310149936,0.01071589,0.0008104398,0.001044914
1699310149951,0.01023092,0.001090061,0.001021699
1699310149964,0.009747784,0.001537016,0.0009275709
1699310149977,0.009652145,0.001978479,0.0009442712
1699310149991,0.009593324,0.002261276,0.0009603522
1699310150006,0.009522649,0.002366893,0.0009513861
1699310150019,0.009678061,0.002456766,0.0008657339
1699310150033,0.0100044,0.001991698,0.0009939284
1699310150047,0.01051476,0.001890546,0.001056341
1699310150061,0.01066379,0.002155916,0.00115567
1699310150075,0.01054993,0.001780652,0.0008983143
1699310150087,0.01076086,0.001749061,0.0007815904
1699310150102,0.01078877,0.001775417,0.0004800736
1699310150116,0.0110993,0.001583874,0.0003232545
1699310150130,0.01142794,0.001501092,0.0002454411
1699310150145,0.01138756,0.001080914,-9.744545e-06
1699310150159,0.01141851,0.001024524,-6.760168e-05
1699310150172,0.01149337,0.001002687,-0.0001451069
1699310150187,0.01149122,0.0009084807,-0.0002294549
1699310150198,0.01129974,0.0008645701,-0.0004426179
1699310150214,0.01116549,0.0008462088,-0.0006455092
1699310150227,0.0109119,0.001304749,-0.0009187664
1699310150242,0.0105306,0.00169981,-0.001191702
1699310150256,0.01031726,0.001911047,-0.001399415
1699310150268,0.01020106,0.001688428,-0.001688791
1699310150282,0.009928396,0.001521745,-0.002017467
1699310150296,0.009728384,0.001470871,-0.00243578
1699310150311,0.009307423,0.001294342,-0.002952925
1699310150325,0.009102001,0.001369686,-0.003377823
1699310150340,0.008875932,0.001597467,-0.003769542
1699310150353,0.008442311,0.001848528,-0.00424341
1699310150367,0.008219828,0.002043719,-0.004780469
1699310150380,0.007853901,0.00186431,-0.005475501
1699310150393,0.007571524,0.001840747,-0.006228512
1699310150408,0.006990054,0.001896017,-0.007115846
1699310150421,0.006739055,0.002002091,-0.008022531
1699310150440,0.006397702,0.002787591,-0.008790853
1699310150449,0.005956744,0.003416817,-0.009510349
1699310150463,0.005370826,0.004319063,-0.01007933
1699310150476,0.004957328,0.004965958,-0.01062734
1699310150490,0.00400096,0.005335425,-0.01107272
1699310150505,0.003431647,0.005344706,-0.01100594
1699310150518,0.002424268,0.005014286,-0.01074238
1699310150532,0.001271959,0.004429929,-0.01053728
1699310150546,0.0005645809,0.003562557,-0.01012955
1699310150562,-0.0004142543,0.002531435,-0.009725031
1699310150577,-0.001409105,0.001746986,-0.009298982
1699310150590,-0.002357006,0.0009202191,-0.009101328
1699310150604,-0.003213914,0.0005900791,-0.008845246
1699310150617,-0.004403406,0.0005263623,-0.008937757
1699310150630,-0.005017762,0.0002270526,-0.008872421
1699310150644,-0.005661306,0.0001592432,-0.0088084
1699310150659,-0.0061195,-2.012265e-05,-0.008784972
1699310150673,-0.006586663,-0.0002665937,-0.00872878
1699310150685,-0.006746747,-0.0006176797,-0.008544767
1699310150700,-0.006845374,-0.0006282276,-0.008567565
1699310150714,-0.006781587,-0.0005785802,-0.008569271
1699310150728,-0.006449303,-0.0003899942,-0.008556276
1699310150742,-0.005985166,-5.729395e-05,-0.008697582
1699310150756,-0.00541139,0.0006130119,-0.008853959
1699310150770,-0.004853368,0.001298436,-0.008791259
1699310150783,-0.004429714,0.001797297,-0.008814575
1699310150797,-0.003528804,0.001873866,-0.008448965
1699310150812,-0.003354462,0.001637494,-0.008279089
1699310150824,-0.002750877,0.0009872032,-0.008018115
1699310150838,-0.002187423,0.000434446,-0.007858878
1699310150852,-0.001385061,-0.0002942909,-0.00768369
1699310150867,-0.0008768975,-0.0008883518,-0.007592045
1699310150881,-0.0005794215,-0.000752053,-0.007650303
1699310150895,0.0001501675,-0.0001831274,-0.00756115
1699310150909,0.0005329289,0.000719896,-0.007460341
1699310150921,0.0006860237,0.0011118,-0.007533076
1699310150935,0.000690984,0.00119856,-0.007503808
1699310150950,0.000691867,0.001077329,-0.007450134
1699310150965,0.0006299505,0.0009264892,-0.007268568
1699310150979,0.0003635791,0.0007397751,-0.007138981
1699310150993,-0.0002644791,0.0002829586,-0.007122006
1699310151006,-0.0008078341,0.0001582351,-0.007019551
1699310151019,-0.001468201,0.0002611965,-0.006794754
1699310151034,-0.0021654,0.0004553232,-0.006583417
1699310151048,-0.003180328,0.001218544,-0.006440251
1699310151061,-0.003749541,0.001646477,-0.006165845
1699310151076,-0.004399041,0.001804508,-0.005892641
1699310151089,-0.004956583,0.001559161,-0.005799344
1699310151104,-0.005609138,0.001412487,-0.005519671
1699310151117,-0.006085449,0.001266105,-0.005240115
1699310151130,-0.006443486,0.001074062,-0.004878214
1699310151144,-0.006732234,0.0007652796,-0.004400766
1699310151157,-0.006862579,0.0004646997,-0.003909256
1699310151172,-0.006981437,0.0002671157,-0.0034154
1699310151186,-0.007136617,-6.690389e-05,-0.002956114
1699310151201,-0.007200223,-4.348306e-05,-0.00242548
1699310151214,-0.007437756,-0.000593411,-0.001871214
1699310151229,-0.007702161,-0.0008307322,-0.001339222
1699310151242,-0.007620118,-0.001071943,-0.0007322348
1699310151255,-0.007849726,-0.001010918,-7.313769e-05
1699310151269,-0.007931924,-0.001232188,0.0005595951
1699310151283,-0.008301634,-0.001341395,0.001428148
1699310151297,-0.008621872,-0.001399655,0.002244905
1699310151312,-0.008895934,-0.00153776,0.00304466
1699310151326,-0.009088169,-0.001939365,0.003628437
1699310151339,-0.009235337,-0.002355172,0.004305063
1699310151354,-0.009600557,-0.0023392,0.004694184
1699310151367,-0.01005286,-0.002370954,0.0049862
1699310151379,-0.0100144,-0.002456909,0.005208413
1699310151394,-0.009977189,-0.002743822,0.005262745
1699310151409,-0.00977839,-0.00277144,0.005450835
1699310151422,-0.009770115,-0.002605244,0.005707107
1699310151437,-0.009563734,-0.002654616,0.005799185
1699310151450,-0.009306426,-0.002678991,0.005849991
1699310151463,-0.008871839,-0.002799019,0.005872144
1699310151477,-0.008318868,-0.002651135,0.005887223
1699310151492,-0.008129395,-0.002754468,0.005631765
1699310151506,-0.007749184,-0.002566713,0.005409863
1699310151519,-0.007404369,-0.002543849,0.005102968
1699310151533,-0.007292543,-0.00246002,0.00491141
1699310151546,-0.006867369,-0.001795909,0.00471657
1699310151561,-0.006255607,-0.001437812,0.004622383
1699310151575,-0.005930669,-0.001415221,0.004358416
1699310151588,-0.005611106,-0.00149555,0.004276159
1699310151602,-0.005055088,-0.001334497,0.003971837
1699310151616,-0.004929911,-0.001814454,0.003692058
1699310151630,-0.004836061,-0.001876497,0.003347345
1699310151645,-0.004882202,-0.002171042,0.003036884
1699310151658,-0.004293634,-0.002521047,0.002910981
1699310151671,-0.004421807,-0.002460374,0.002686178
1699310151685,-0.00441522,-0.001732818,0.002662775
1699310151700,-0.004364119,-0.001153634,0.002450741
1699310151714,-0.004415024,-0.0004128602,0.002193389
1699310151729,-0.004453944,-5.267034e-05,0.002131229
1699310151744,-0.00430789,-0.0002181545,0.001958682
1699310151756,-0.004208335,-0.0002957934,0.001952229
1699310151770,-0.00405465,-0.0003606964,0.002083956
1699310151783,-0.0040278,-0.0003706774,0.002253107
1699310151796,-0.003612078,-0.0003195218,0.002587263
1699310151811,-0.003471935,-9.335922e-05,0.002771534
1699310151828,-0.003181761,-0.0001151623,0.002908102
1699310151839,-0.002815467,-0.0004969275,0.003093742
1699310151853,-0.002468564,-0.0005925325,0.003496104
1699310151867,-0.002301923,-0.0003924504,0.003923869
1699310151880,-0.001885145,-0.0005178339,0.004273399
1699310151894,-0.001610457,-0.0006430362,0.004597349
1699310151909,-0.001460267,-0.0007565555,0.004811911
1699310151922,-0.001305105,-0.0009463574,0.004940449
1699310151936,-0.0008981095,-0.001169817,0.005084699
1699310151950,-0.0006148195,-0.001210948,0.004990073
1699310151964,-0.0002923834,-0.001266452,0.005043244
1699310151977,-0.0001081823,-0.001054118,0.004991063
1699310151990,0.0004385693,-0.0005026282,0.00479712
1699310152005,0.001113591,-0.0002223281,0.004539959
1699310152020,0.001534842,-0.0001258994,0.004371291
1699310152035,0.001746652,-1.523801e-05,0.004012654
1699310152048,0.001994072,0.0001955633,0.003938281
1699310152065,0.002095667,5.073165e-05,0.003844396
1699310152076,0.002185156,-0.0002771273,0.003861905
1699310152089,0.002170061,-0.0001126059,0.003938257
1699310152103,0.001949733,0.0003754979,0.004084342
1699310152117,0.002039661,0.0004263985,0.004290854
1699310152132,0.001907997,0.0002763208,0.004457734
1699310152146,0.001683991,0.0002405516,0.004285876
1699310152160,0.001527654,0.0003519745,0.004224515
1699310152174,0.001353306,2.590328e-05,0.003971699
1699310152188,0.001102322,-0.0001031401,0.003708782
1699310152199,0.001170484,-0.0004555033,0.003633397
1699310152214,0.00121462,-0.0007481275,0.003506402
1699310152228,0.001128647,-0.000847612,0.003362041
1699310152243,0.001052144,-0.0009284986,0.003233213
1699310152256,0.0008957301,-0.001325073,0.002918748
1699310152271,0.0007851467,-0.001506618,0.002721154
1699310152284,0.0008729578,-0.001811577,0.002390031
1699310152297,0.0009441093,-0.001408308,0.002082647
1699310152310,0.001098976,-0.0007712846,0.001672128
1699310152325,0.001284838,-0.0003073386,0.00148163
1699310152340,0.00162916,0.0003370231,0.001241916
1699310152354,0.001867187,0.000815046,0.001055292
1699310152369,0.001993268,0.001116821,0.0008335336
1699310152381,0.00233086,0.001265401,0.0009535432
1699310152394,0.002454503,0.001557028,0.0007931493
1699310152409,0.002766139,0.001388269,0.0008746672
1699310152424,0.002671369,0.001237148,0.0005949686
1699310152437,0.002688384,0.001403958,0.0005511771
1699310152451,0.003246122,0.001520373,0.0007745906
1699310152464,0.003480494,0.001283051,0.000843683
1699310152477,0.003443301,0.000752261,0.0008322903
1699310152492,0.003286566,0.0006014899,0.0008425096
1699310152506,0.003275204,0.0002671667,0.001044957
1699310152520,0.003236454,0.0003355182,0.00134145
1699310152534,0.003425035,0.0002505431,0.001657931
1699310152548,0.003132226,8.455435e-06,0.001607825
1699310152562,0.003147567,-0.0004714959,0.001694966
1699310152576,0.00323977,-0.0009081281,0.001765783
1699310152590,0.003284418,-0.0008948607,0.001799414
1699310152604,0.003148693,-0.0009085402,0.001766075
1699310152617,0.003132974,-0.0006059923,0.001800679
1699310152631,0.003024834,2.554609e-05,0.001912668
1699310152644,0.003091824,0.0006018775,0.002040178
1699310152658,0.002958863,0.001130611,0.002016913
1699310152674,0.002747362,0.0008183969,0.001942555
1699310152688,0.002529773,0.0005154677,0.00187379
1699310152701,0.002606485,0.0002263875,0.002016798
1699310152715,0.002550045,0.0003551013,0.00221064
1699310152729,0.002528142,0.0003882865,0.002228754
1699310152743,0.002572374,0.0007781267,0.00234477
1699310152758,0.00264151,0.0009375868,0.002315885
1699310152771,0.002924035,0.0007865725,0.00231468
1699310152784,0.003027722,0.0007253252,0.00226022
1699310152799,0.003232392,0.0005387145,0.002159289
1699310152813,0.003460034,0.000257881,0.002153997
1699310152826,0.003564456,0.000134893,0.002129148
1699310152840,0.003763153,0.0002705127,0.002291548
1699310152853,0.00391067,-7.7769e-05,0.002392962
1699310152868,0.004083811,-0.0001881749,0.002592691
1699310152882,0.004166697,-0.0003398128,0.002718517
1699310152896,0.004501153,-0.0006497607,0.003176801
1699310152909,0.004385339,-0.0008335326,0.003470817
1699310152923,0.00422144,-0.0004458599,0.003958887
1699310152937,0.004448259,-0.0003434115,0.004213022
1699310152951,0.00437039,-0.0003352687,0.004306654
1699310152966,0.004398597,-0.0003328798,0.004181167
1699310152980,0.004413029,-0.0003045779,0.003953404
1699310152997,0.004282641,-0.0003340209,0.003691454
1699310153006,0.004270825,-0.0001514743,0.003416455
1699310153020,0.004456172,-9.916531e-05,0.003219155
1699310153034,0.004632321,-2.164283e-05,0.002938119
1699310153048,0.004722487,-0.0004041175,0.002576754
1699310153061,0.004545408,-0.0008594231,0.001992112
1699310153076,0.004466223,-0.001105711,0.001510312
1699310153090,0.004267977,-0.001209898,0.001021996
1699310153103,0.004284942,-0.001170582,0.0008245552
1699310153118,0.004128899,-0.0008875734,0.0003742508
1699310153132,0.004044313,-0.0007022624,-0.0001951344
1699310153145,0.003913938,-0.0002300622,-0.0006922568
1699310153160,0.003923511,0.0003622828,-0.001056402
1699310153174,0.003558014,0.000979174,-0.001571624
1699310153188,0.003450825,0.001012404,-0.001775423
1699310153202,0.003278361,0.001416034,-0.001725622
1699310153216,0.003238061,0.001326065,-0.001720201
1699310153233,0.002974816,0.001035354,-0.001761159
1699310153245,0.002651826,0.0008076682,-0.001741832
1699310153256,0.002480347,0.0004304298,-0.001682831
1699310153270,0.002294142,0.0002986534,-0.001595049
1699310153284,0.002443905,0.0002703298,-0.001333297
1699310153300,0.002172239,0.0003313362,-0.001153354
1699310153313,0.00190829,0.0005052069,-0.0009792222
1699310153328,0.001546338,0.0007140895,-0.0006445056
1699310153342,0.001374088,0.0007424063,-0.0003401602
1699310153355,0.001123843,0.000262825,-7.087962e-05
1699310153368,0.00060197,2.982454e-05,0.0001659323
1699310153384,0.0002215865,-0.000187051,0.0003004497
1699310153397,-0.0001036192,-0.0004478725,0.0005220819
1699310153409,-0.0003496616,-0.0002801947,0.0009018202
1699310153424,-0.0004445736,4.950177e-05,0.001291173
1699310153438,-0.000483668,0.0005940858,0.001685446
1699310153452,-0.0006002319,0.0008991284,0.002080237
1699310153464,-0.0007917981,0.00114855,0.002497463
1699310153478,-0.0009644079,0.0009561069,0.002649395
1699310153494,-0.00121343,0.0005929085,0.002798869
1699310153508,-0.001595296,0.0002172854,0.002939147
1699310153519,-0.001829993,-3.568083e-05,0.003162799
1699310153534,-0.002095149,-0.0003784586,0.003264238
1699310153549,-0.002238633,-0.0005439264,0.00349487
1699310153562,-0.002287477,-0.000473112,0.003769373
1699310153577,-0.002578989,-0.0002127802,0.003997141
1699310153591,-0.002647562,0.0002055162,0.004378097
1699310153604,-0.002781816,0.000164992,0.004536493
1699310153618,-0.002851581,-0.0001983859,0.004761921
1699310153632,-0.003168687,-0.0006564624,0.004903418
1699310153646,-0.003357398,-0.001138104,0.005098281
1699310153660,-0.003677397,-0.001435083,0.005268858
1699310153674,-0.00375624,-0.001423375,0.005507205
1699310153687,-0.003843662,-0.00135316,0.005546051
1699310153703,-0.004305592,-0.001220915,0.005561236
1699310153716,-0.004397679,-0.001074058,0.005985784
1699310153729,-0.004900882,-0.001441976,0.00640698
1699310153743,-0.0050006,-0.001349811,0.007094192
1699310153758,-0.005196332,-0.001651934,0.007545712
1699310153772,-0.005128921,-0.002190758,0.007916011
1699310153785,-0.005123969,-0.002158978,0.008235724
1699310153799,-0.005199543,-0.002151714,0.008398871
1699310153813,-0.005372166,-0.001854272,0.008389005
1699310153826,-0.005240267,-0.001366628,0.008468276
1699310153841,-0.005323349,-0.001255329,0.008493986
1699310153856,-0.005116084,-0.00128835,0.00867667
1699310153867,-0.005096073,-0.001555678,0.008788608
1699310153880,-0.00500882,-0.002060013,0.008858088
1699310153895,-0.005001035,-0.002379365,0.009057201
1699310153910,-0.005410746,-0.002775827,0.009105187
1699310153924,-0.005770017,-0.002891064,0.009193116
1699310153941,-0.006076069,-0.002499666,0.009476464
1699310153952,-0.006561502,-0.002093077,0.009595959
1699310153966,-0.007037358,-0.001750363,0.009643847
1699310153980,-0.007593934,-0.00142115,0.01010981
1699310153994,-0.008067258,-0.0009092441,0.01035564
1699310154008,-0.008651912,-0.0007532685,0.01077436
1699310154020,-0.00911119,-0.000709094,0.01112763
1699310154034,-0.00959655,-0.0006622727,0.01175821
1699310154048,-0.009796839,-0.0008795224,0.01218316
1699310154063,-0.01044548,-0.0008540103,0.01257501
1699310154078,-0.01089717,-0.0007666337,0.0130151
1699310154091,-0.01153907,-0.0005289976,0.01357122
1699310154104,-0.01205678,0.0001401984,0.01416162
1699310154118,-0.01282241,0.0004230042,0.01489285
1699310154133,-0.01361056,0.0003752146,0.01562954
1699310154147,-0.01447467,-2.014218e-05,0.01625052
1699310154160,-0.01513488,-0.0002603569,0.01699938
1699310154173,-0.01570922,-0.0004398037,0.01801863
1699310154188,-0.01642665,-0.0008990486,0.0188916
1699310154201,-0.01745163,-0.0008933535,0.01973852
1699310154216,-0.01822564,-0.001229703,0.02058065
1699310154230,-0.01897818,-0.001409081,0.02169712
1699310154246,-0.01975498,-0.001094145,0.02276531
1699310154257,-0.02032222,-0.001299136,0.0236238
1699310154271,-0.02124174,-0.001204414,0.02453099
1699310154286,-0.02211211,-0.001347292,0.02545292
1699310154299,-0.02309708,-0.001880708,0.0263268
1699310154312,-0.02426416,-0.002247125,0.0272792
1699310154325,-0.02529517,-0.002421171,0.0283462
1699310154342,-0.02640511,-0.00276055,0.02944135
1699310154355,-0.0273603,-0.003335279,0.03036862
1699310154370,-0.02813943,-0.003621679,0.03151712
1699310154383,-0.02909541,-0.003650627,0.03264857
1699310154397,-0.03005487,-0.003947868,0.03367736
1699310154410,-0.03086742,-0.004241569,0.03468607
1699310154424,-0.03157971,-0.004561917,0.03563533
1699310154439,-0.03213102,-0.004595441,0.03668127
1699310154451,-0.03279107,-0.004346894,0.03757943
1699310154466,-0.03352982,-0.00410206,0.03867479
1699310154482,-0.03396633,-0.003592875,0.04008076
1699310154493,-0.03450815,-0.003156784,0.04168059
1699310154506,-0.035174,-0.002653228,0.04311817
1699310154520,-0.03599831,-0.002492139,0.04503043
1699310154535,-0.03696474,-0.002239061,0.04710745
1699310154550,-0.03777231,-0.001778698,0.04945069
1699310154563,-0.03873007,-0.002276008,0.05166982
1699310154577,-0.03990542,-0.003153522,0.05378961
1699310154591,-0.04110114,-0.004033434,0.05585116
1699310154604,-0.04225343,-0.004526162,0.05801973
1699310154617,-0.04368346,-0.00473109,0.06015848
1699310154632,-0.04509055,-0.005042857,0.06227832
1699310154645,-0.04601987,-0.004986321,0.06457839
1699310154660,-0.04699954,-0.005445794,0.06658307
1699310154673,-0.04798776,-0.005581432,0.06861402
1699310154687,-0.0488694,-0.005839637,0.07065923
1699310154701,-0.05003054,-0.006206873,0.07294833
1699310154716,-0.05125874,-0.006988068,0.07523348
1699310154729,-0.05272195,-0.007930909,0.07742193
1699310154744,-0.05413052,-0.008010949,0.07998043
1699310154757,-0.05546539,-0.008090041,0.08249675
1699310154771,-0.05693573,-0.008502281,0.0850918
1699310154785,-0.05832675,-0.008550423,0.08776224
1699310154800,-0.06002917,-0.008668982,0.09052613
1699310154814,-0.06173344,-0.009000835,0.09339574
1699310154828,-0.06345921,-0.009232031,0.09640399
1699310154841,-0.06485779,-0.00944697,0.09981908
1699310154855,-0.06657863,-0.00986875,0.1031133
1699310154870,-0.06822472,-0.01053798,0.1063158
1699310154882,-0.06990587,-0.01162982,0.1093183
1699310154897,-0.0711861,-0.0127072,0.1124271
1699310154909,-0.07213003,-0.01392454,0.1153232
1699310154924,-0.0731433,-0.01583871,0.1176622
1699310154939,-0.0730826,-0.0184437,0.1199189
1699310154952,-0.07259239,-0.02141045,0.122004
1699310154965,-0.07132363,-0.02402005,0.1245615
1699310154978,-0.06959917,-0.02685774,0.1274103
1699310154994,-0.06704009,-0.02992983,0.1302737
1699310155008,-0.06429965,-0.03279675,0.1330833
1699310155022,-0.06083311,-0.03484199,0.1359988
1699310155035,-0.0574731,-0.03660022,0.1384046
1699310155049,-0.05370909,-0.0374472,0.1409831
1699310155064,-0.04998662,-0.03768439,0.1432798
1699310155077,-0.04652792,-0.03705022,0.1455041
1699310155090,-0.04291744,-0.03514216,0.1481812
1699310155105,-0.03977026,-0.03249807,0.1509633
1699310155118,-0.03674617,-0.02917846,0.1537647
1699310155133,-0.03407134,-0.02670606,0.1563232
1699310155147,-0.03140249,-0.02400048,0.1590877
1699310155160,-0.02856804,-0.0212115,0.1621004
1699310155175,-0.02575014,-0.01773181,0.1657776
1699310155189,-0.02305359,-0.01361717,0.1697684
1699310155203,-0.02050924,-0.009804941,0.1738445
1699310155216,-0.01756772,-0.006575757,0.1785575
1699310155230,-0.01479244,-0.003677793,0.1838799
1699310155244,-0.01198285,-0.0006739328,0.1900434
1699310155256,-0.009315629,0.002003765,0.1967994
1699310155271,-0.006925721,0.003365978,0.2040372
1699310155285,-0.004234336,0.003288974,0.2121906
1699310155300,-0.001954377,0.001871294,0.2207195
1699310155313,-8.47429e-05,-0.0002583853,0.2296184
1699310155328,0.001429681,-0.002890372,0.2383523
1699310155343,0.002176221,-0.006308386,0.2473621
1699310155355,0.002733704,-0.01002352,0.2557348
1699310155369,0.003018193,-0.01394171,0.2645136
1699310155382,0.003302738,-0.01742475,0.2733276
1699310155397,0.003338892,-0.01920421,0.2823662
1699310155410,0.002756324,-0.02023551,0.2903038
1699310155425,0.002243496,-0.02052707,0.2977545
1699310155441,0.001580652,-0.01980111,0.3050773
1699310155452,0.001187589,-0.0184281,0.3118003
1699310155465,0.001135144,-0.01729834,0.317964
1699310155480,0.001378112,-0.01649383,0.3246117
1699310155497,0.002400152,-0.01501899,0.3317032
1699310155509,0.00389998,-0.0124422,0.339398
1699310155520,0.00564909,-0.01050662,0.3467428
1699310155536,0.007388514,-0.00960087,0.354057
1699310155550,0.009777598,-0.009933271,0.3616333
1699310155562,0.01236792,-0.01046307,0.368871
1699310155577,0.01558452,-0.01060414,0.3770352
1699310155590,0.01934343,-0.01068416,0.3849621
1699310155605,0.02324292,-0.01084711,0.3931184
1699310155619,0.02697571,-0.01088057,0.4012614
1699310155634,0.03060991,-0.01019392,0.4095264
1699310155650,0.03424525,-0.009788688,0.418278
1699310155661,0.03766366,-0.009295286,0.426529
1699310155674,0.04088851,-0.008929046,0.4336486
1699310155688,0.04357782,-0.008614529,0.4405686
1699310155702,0.04578317,-0.006709483,0.4479765
1699310155716,0.04761827,-0.0001569586,0.4572213
1699310155731,0.04918959,0.01572749,0.4688164
1699310155745,0.05116783,0.04061261,0.4824564
1699310155759,0.05294654,0.05916199,0.4931434
1699310155772,0.0546113,0.07015903,0.5028202
1699310155786,0.05683735,0.07742035,0.5116795
1699310155801,0.05856134,0.08402815,0.5211514
1699310155814,0.05958012,0.08967731,0.5302054
1699310155828,0.0597043,0.09111184,0.5371496
1699310155842,0.05873549,0.08726104,0.5412499
1699310155855,0.05656802,0.07926973,0.5431063
1699310155869,0.05304345,0.07267789,0.5432751
1699310155884,0.04725409,0.06833125,0.5434985
1699310155895,0.04020933,0.06356289,0.5429249
1699310155910,0.03193583,0.05417956,0.5400771
1699310155925,0.02201794,0.03753681,0.5344154
1699310155939,0.01178145,0.01758838,0.5272471
1699310155952,0.001781024,-0.001431061,0.5194107
1699310155967,-0.005438678,-0.01526479,0.512568
1699310155981,-0.008639798,-0.02101175,0.5065337
1699310155994,-0.01051902,-0.02143735,0.5001951
1699310156009,-0.01352094,-0.01842521,0.4925062
1699310156020,-0.01879558,-0.01507062,0.4834351
1699310156036,-0.02474745,-0.01034659,0.473994
1699310156050,-0.03032561,-0.003315902,0.4653722
1699310156064,-0.0359247,0.005742742,0.458747
1699310156078,-0.04217187,0.015811,0.4538989
1699310156091,-0.04926116,0.02418488,0.4502046
1699310156105,-0.05633333,0.02941326,0.4470142
1699310156118,-0.06214639,0.03081067,0.4448642
1699310156133,-0.0673615,0.02889649,0.4435918
1699310156147,-0.07165521,0.02484863,0.4438527
1699310156162,-0.07514632,0.01984147,0.4455103
1699310156175,-0.07825564,0.01343772,0.4484134
1699310156189,-0.07994298,0.005759517,0.452665
1699310156202,-0.08097675,-0.002790376,0.45733
1699310156216,-0.08139267,-0.01171974,0.4624184
1699310156230,-0.08202827,-0.01990504,0.4677268
1699310156244,-0.08277559,-0.02767667,0.4735825
1699310156259,-0.08465019,-0.03376371,0.4797575
1699310156274,-0.08709586,-0.03810893,0.4862224
1699310156286,-0.08975422,-0.04106246,0.4927524
1699310156301,-0.09290992,-0.04342432,0.4996587
1699310156314,-0.09592187,-0.04553942,0.505881
1699310156327,-0.09913087,-0.04819511,0.5108568
1699310156341,-0.1032172,-0.05162026,0.5151967
1699310156354,-0.1078714,-0.0532954,0.5189072
1699310156369,-0.1133744,-0.05153146,0.5227941
1699310156383,-0.1191673,-0.047589,0.5266435
1699310156396,-0.1253484,-0.04312624,0.5307528
1699310156411,-0.1309486,-0.04005967,0.5344173
1699310156425,-0.137087,-0.03788118,0.5375423
1699310156439,-0.1431067,-0.03560351,0.5409222
1699310156452,-0.1489426,-0.03271288,0.5443408
1699310156467,-0.1542979,-0.03031872,0.5480809
1699310156480,-0.1591324,-0.02863197,0.5514774
1699310156494,-0.1636635,-0.02790546,0.5551273
1699310156509,-0.1686549,-0.02834789,0.5587464
1699310156522,-0.174068,-0.02969095,0.5622519
1699310156536,-0.1799923,-0.0319469,0.5654202
1699310156551,-0.1856263,-0.03228644,0.5685375
1699310156565,-0.1901855,-0.02210607,0.574141
1699310156578,-0.1932302,0.006203215,0.5836244
1699310156592,-0.1944613,0.03013988,0.5896537
1699310156606,-0.1945768,0.04380809,0.5943103
1699310156619,-0.1937492,0.05223082,0.5970012
1699310156633,-0.1918203,0.06351081,0.6013824
1699310156647,-0.1873316,0.07442379,0.6066801
1699310156661,-0.1814873,0.07625178,0.6092533
1699310156674,-0.174036,0.06624686,0.6082779
1699310156688,-0.1659634,0.04572588,0.6029007
1699310156705,-0.1568534,0.01793046,0.5946891
1699310156716,-0.1479839,-0.003366056,0.5872319
1699310156730,-0.1378353,-0.01357218,0.5817673
1699310156744,-0.1280781,-0.01214279,0.5777163
1699310156757,-0.1185955,-0.006191764,0.5738655
1699310156772,-0.1103635,-0.001434957,0.5681158
1699310156786,-0.1043562,0.001054863,0.5610058
1699310156800,-0.1006501,0.005914736,0.5537892
1699310156814,-0.09863396,0.01523695,0.5468397
1699310156827,-0.09811805,0.02616512,0.5411847
1699310156841,-0.09805742,0.03655159,0.5360352
1699310156855,-0.09787739,0.04275071,0.5318487
1699310156869,-0.09714539,0.0439066,0.5284862
1699310156883,-0.09613332,0.03966958,0.5264662
1699310156900,-0.09547462,0.03182201,0.5258254
1699310156911,-0.09498074,0.02223268,0.5265
1699310156925,-0.09416101,0.011503,0.5285063
1699310156939,-0.09315163,-0.0003876894,0.5310693
1699310156952,-0.09187945,-0.01235019,0.534393
1699310156966,-0.09072948,-0.02437901,0.5377181
1699310156980,-0.08942006,-0.0352084,0.5416451
1699310156995,-0.08825152,-0.04280279,0.5456082
1699310157009,-0.08698064,-0.04804588,0.5500907
1699310157023,-0.08514726,-0.05188956,0.5546999
1699310157036,-0.08251372,-0.05547066,0.559561
1699310157050,-0.07956358,-0.05815208,0.5641542
1699310157063,-0.07619289,-0.05982765,0.568863
1699310157077,-0.07196178,-0.06062581,0.5739815
1699310157092,-0.06784102,-0.06087911,0.5786737
1699310157105,-0.06342048,-0.06103503,0.5831666
1699310157120,-0.05944107,-0.06042294,0.5877821
1699310157136,-0.05543659,-0.05938332,0.5929849
1699310157147,-0.05190936,-0.05868258,0.5980216
1699310157161,-0.0480873,-0.05790077,0.603649
1699310157175,-0.04425281,-0.05564214,0.6102833
1699310157189,-0.04067548,-0.05221664,0.6176417
1699310157203,-0.03731894,-0.04901834,0.6252921
1699310157217,-0.03343765,-0.04623338,0.6334639
1699310157231,-0.0296151,-0.04331243,0.6416888
1699310157245,-0.02548976,-0.03931255,0.6506981
1699310157261,-0.02132617,-0.03478149,0.6594423
1699310157272,-0.01767857,-0.03098662,0.6672982
1699310157285,-0.0146565,-0.02710783,0.6747325
1699310157299,-0.0124341,-0.02340735,0.6816089
1699310157314,-0.01094183,-0.02026998,0.6878541
1699310157330,-0.01031329,-0.01470902,0.6939395
1699310157343,-0.01082791,0.007850847,0.7043629
1699310157356,-0.01190266,0.05269077,0.7182278
1699310157369,-0.01315444,0.08865265,0.7271523
1699310157382,-0.01607519,0.1117333,0.7358412
1699310157397,-0.01817969,0.1340651,0.7414302
1699310157411,-0.02041911,0.1455011,0.7456595
1699310157427,-0.02158143,0.1464844,0.7474076
1699310157440,-0.02093048,0.1362942,0.7447678
1699310157452,-0.02162545,0.1137907,0.7369101
1699310157466,-0.02698064,0.08077622,0.7240809
1699310157481,-0.03752483,0.04168991,0.7083004
1699310157494,-0.04915009,0.01472186,0.6955568
1699310157508,-0.05962609,0.00649528,0.6853156
1699310157522,-0.06768358,0.0136905,0.6784809
1699310157537,-0.07428554,0.02147322,0.6728843
1699310157552,-0.08059943,0.02382044,0.6650526
1699310157564,-0.08586036,0.0221288,0.6569336
1699310157578,-0.09008813,0.01965008,0.6483716
1699310157592,-0.09280054,0.01838729,0.6397759
1699310157606,-0.09496631,0.01871296,0.6327507
1699310157620,-0.09776301,0.02053519,0.6266565
1699310157634,-0.1015614,0.02285713,0.6219545
1699310157647,-0.1067347,0.02680658,0.6178585
1699310157661,-0.1118952,0.0286582,0.6147596
1699310157675,-0.1169503,0.02655653,0.6115424
1699310157688,-0.1218134,0.02033124,0.6085099
1699310157702,-0.1261907,0.0107084,0.6060032
1699310157717,-0.1301633,7.720292e-05,0.6041914
1699310157731,-0.1340608,-0.01139826,0.6033452
1699310157745,-0.1376284,-0.02204528,0.6032568
1699310157761,-0.1406697,-0.03194875,0.6040844
1699310157773,-0.1439981,-0.04104252,0.605537
1699310157786,-0.1487479,-0.04904546,0.6075175
1699310157799,-0.154699,-0.05551951,0.6092461
1699310157813,-0.1614073,-0.06173959,0.6113672
1699310157830,-0.1674978,-0.06832957,0.6134547
1699310157844,-0.1727619,-0.07605382,0.6149986
1699310157856,-0.1775506,-0.08170976,0.6160986
1699310157869,-0.18221,-0.08503591,0.617045
1699310157884,-0.1869534,-0.08474361,0.6179591
1699310157896,-0.1920906,-0.08275411,0.6190905
1699310157911,-0.1976497,-0.07940474,0.6206888
1699310157924,-0.2036408,-0.07505263,0.6227106
1699310157939,-0.2098708,-0.06993434,0.625092
1699310157953,-0.2156935,-0.06405579,0.6281947
1699310157967,-0.2218907,-0.05775734,0.6318492
1699310157981,-0.2282136,-0.05144256,0.6361105
1699310157994,-0.2346193,-0.04616819,0.639958
1699310158008,-0.241196,-0.04154778,0.6440671
1699310158021,-0.2474051,-0.03679565,0.6484524
1699310158036,-0.253464,-0.03294179,0.6521837
1699310158050,-0.2585283,-0.03036483,0.6551667
1699310158067,-0.2632949,-0.02921596,0.6571519
1699310158080,-0.2679653,-0.02475419,0.6590083
1699310158092,-0.2728679,-0.005313465,0.6651096
1699310158105,-0.2780314,0.03278609,0.6732987
1699310158119,-0.2811995,0.05209418,0.676071
1699310158134,-0.2833548,0.05711546,0.6774653
1699310158149,-0.2845992,0.06898539,0.6791696
1699310158162,-0.2871261,0.08924871,0.6840315
1699310158175,-0.2896588,0.1104609,0.6909463
1699310158189,-0.2897768,0.1170833,0.6945363
1699310158203,-0.2879806,0.1025445,0.6935485
1699310158217,-0.2859435,0.07725096,0.690339
1699310158230,-0.2835831,0.04689755,0.6845214
1699310158244,-0.280659,0.02409827,0.6782098
1699310158258,-0.2763754,0.01189182,0.6721663
1699310158275,-0.2710097,0.01066321,0.6657348
1699310158286,-0.2668878,0.01378725,0.6581585
1699310158299,-0.265124,0.01710379,0.6489544
1699310158314,-0.2660993,0.02278287,0.6381634
1699310158327,-0.2702147,0.03352105,0.6281464
1699310158342,-0.2767341,0.0486496,0.6182546
1699310158356,-0.2846416,0.06107,0.608156
1699310158372,-0.2931565,0.06585295,0.5974854
1699310158386,-0.3024217,0.06354503,0.5860762
1699310158399,-0.3111777,0.05638673,0.5756181
1699310158412,-0.3200557,0.04627491,0.5655761
1699310158424,-0.3284798,0.03444148,0.5567345
1699310158439,-0.3378059,0.02027636,0.5476053
1699310158453,-0.3465817,0.005378607,0.5398187
1699310158470,-0.3554614,-0.01048781,0.5323233
1699310158483,-0.3630526,-0.02553626,0.5258836
1699310158497,-0.369361,-0.03660106,0.5207496
1699310158510,-0.3748965,-0.04561893,0.516474
1699310158522,-0.3792197,-0.05300975,0.5128012
1699310158536,-0.3823157,-0.05939542,0.509847
1699310158550,-0.3846329,-0.06419633,0.506749
1699310158564,-0.3871294,-0.06649178,0.5037282
1699310158579,-0.3901753,-0.06577872,0.5010353
1699310158593,-0.393221,-0.06389643,0.498751
1699310158606,-0.3959719,-0.06077188,0.4967368
1699310158622,-0.3985165,-0.05701303,0.4950238
1699310158634,-0.4015644,-0.05301294,0.4931523
1699310158646,-0.4050946,-0.04901727,0.4909397
1699310158661,-0.4086592,-0.04566678,0.4888395
1699310158676,-0.4123746,-0.04388094,0.4862949
1699310158688,-0.416082,-0.04220422,0.4843838
1699310158703,-0.4199379,-0.0404145,0.4830395
1699310158717,-0.4236906,-0.03925293,0.4821362
1699310158730,-0.4268068,-0.03752279,0.4829481
1699310158744,-0.4300017,-0.03479967,0.4850669
1699310158758,-0.4331758,-0.03180414,0.488108
1699310158773,-0.4363315,-0.03013656,0.4922997
1699310158785,-0.4393091,-0.02994204,0.4964386
1699310158801,-0.4413189,-0.03145095,0.5011793
1699310158815,-0.442506,-0.03455136,0.5062674
1699310158827,-0.4435765,-0.0365543,0.5109224
1699310158842,-0.4480683,-0.02769009,0.5163672
1699310158856,-0.4604149,0.01250448,0.5253009
1699310158869,-0.4736478,0.0685913,0.5343367
1699310158883,-0.480037,0.08915818,0.5389311
1699310158898,-0.4843943,0.09367587,0.5434191
1699310158912,-0.4888459,0.09924003,0.5480207
1699310158927,-0.4966333,0.1078485,0.5510474
1699310158940,-0.5043845,0.1081421,0.5503103
1699310158951,-0.5101564,0.09775665,0.5451198
1699310158965,-0.5173197,0.0801674,0.5358844
1699310158980,-0.5282243,0.06594741,0.5225713
1699310158995,-0.5424707,0.0611822,0.5078255
1699310159009,-0.5568328,0.06045376,0.4930603
1699310159023,-0.5698087,0.05462208,0.4770682
1699310159037,-0.5801648,0.04500816,0.4608009
1699310159051,-0.5883281,0.03453637,0.4443476
1699310159062,-0.5945821,0.02473914,0.4282645
1699310159077,-0.599103,0.01399732,0.413075
1699310159091,-0.603032,0.001972225,0.3984964
1699310159106,-0.6075515,-0.00878514,0.3856634
1699310159120,-0.6135327,-0.01740534,0.3729106
1699310159134,-0.6195973,-0.0237865,0.3613955
1699310159146,-0.6249304,-0.02985035,0.3503581
1699310159161,-0.6292363,-0.03891003,0.3383352
1699310159176,-0.6330313,-0.05031072,0.3251367
1699310159188,-0.6362516,-0.06100503,0.3121405
1699310159202,-0.6399222,-0.0700059,0.2993325
1699310159217,-0.6445067,-0.07670883,0.2867793
1699310159231,-0.6504878,-0.08081416,0.2748253
1699310159245,-0.6570348,-0.08234373,0.2633348
1699310159257,-0.6638415,-0.08342738,0.2520396
1699310159271,-0.6704165,-0.08413693,0.2413259
1699310159285,-0.677863,-0.08479987,0.2313811
1699310159300,-0.6859758,-0.08465797,0.223644
1699310159314,-0.6951778,-0.08414292,0.2172683
1699310159328,-0.7050812,-0.08415307,0.2124067
1699310159342,-0.7145954,-0.08463302,0.2084047
1699310159356,-0.7243127,-0.08525531,0.2048362
1699310159369,-0.7353639,-0.08421842,0.201351
1699310159383,-0.7458398,-0.08157927,0.1986136
1699310159399,-0.757418,-0.07691298,0.1953214
1699310159412,-0.7683492,-0.07084437,0.1917032
1699310159426,-0.7789074,-0.06372291,0.1871002
1699310159439,-0.7887941,-0.05735651,0.1815545
1699310159453,-0.7981972,-0.05031005,0.1750386
1699310159467,-0.8073813,-0.04221691,0.1675292
1699310159481,-0.8159397,-0.03265581,0.160143
1699310159493,-0.8285549,-0.01141082,0.1530978
1699310159507,-0.8446831,0.02390779,0.1477911
1699310159522,-0.8592243,0.05719912,0.1426469
1699310159536,-0.8664288,0.0727952,0.1380723
1699310159550,-0.8681714,0.07605249,0.1347845
1699310159563,-0.8689381,0.07682184,0.1334316
1699310159578,-0.8715479,0.08139889,0.1341202
1699310159591,-0.8712459,0.07765819,0.1370361
1699310159606,-0.8668646,0.06172049,0.1405575
1699310159621,-0.8622506,0.04421495,0.14473
1699310159634,-0.8570113,0.03329249,0.1480733
1699310159647,-0.8515726,0.02806286,0.1528522
1699310159661,-0.8446425,0.02613871,0.1591775
1699310159675,-0.8356726,0.0266575,0.1653592
1699310159687,-0.8267689,0.02875965,0.1694608
1699310159703,-0.8173975,0.03509302,0.1704007
1699310159716,-0.808489,0.04359273,0.1686693
1699310159731,-0.7994453,0.05263994,0.1648136
1699310159744,-0.7889954,0.05843401,0.15988
1699310159759,-0.7764338,0.05937508,0.1538616
1699310159773,-0.7644603,0.05547408,0.1466698
1699310159788,-0.7539056,0.0498127,0.1373877
1699310159800,-0.7451918,0.04247731,0.1278213
1699310159813,-0.7378535,0.03263547,0.1185301
1699310159828,-0.7319766,0.02011611,0.1101681
1699310159842,-0.726727,0.005988476,0.1023537
1699310159856,-0.7227588,-0.007171438,0.09624362
1699310159871,-0.720189,-0.01957171,0.09120832
1699310159883,-0.718944,-0.03015338,0.08756824
1699310159897,-0.7190133,-0.03866915,0.08518647
1699310159911,-0.7198517,-0.04472373,0.08414528
1699310159925,-0.721204,-0.04705237,0.084164
1699310159938,-0.7225368,-0.04658138,0.08600242
1699310159952,-0.7238045,-0.04458599,0.08908859
1699310159967,-0.7252269,-0.04232499,0.0924903
1699310159981,-0.7272744,-0.03993151,0.09634731
1699310159995,-0.7302634,-0.03729741,0.1003708
1699310160008,-0.7335031,-0.03461392,0.1038918
1699310160021,-0.7376543,-0.0332753,0.1078044
1699310160035,-0.7414933,-0.03341467,0.1114562
1699310160050,-0.7456656,-0.03487935,0.1151286
1699310160066,-0.7501052,-0.03633442,0.1190009
1699310160078,-0.7547331,-0.03762426,0.1228067
1699310160092,-0.7591242,-0.0378402,0.1258602
1699310160108,-0.7645563,-0.037282,0.1287909
1699310160120,-0.7693619,-0.03668233,0.1313328
1699310160133,-0.7735623,-0.03597186,0.1337239
1699310160147,-0.7776552,-0.03423022,0.1358813
1699310160162,-0.7836716,-0.0250207,0.1371472
1699310160176,-0.7982756,0.009960032,0.1375645
1699310160188,-0.8101145,0.04569672,0.1377855
1699310160203,-0.8184193,0.06716646,0.1365679
1699310160216,-0.8217928,0.08149155,0.136143
1699310160230,-0.824431,0.09038337,0.1338216
1699310160244,-0.8274407,0.09946243,0.1285319
1699310160259,-0.8274979,0.1007145,0.1208231
1699310160272,-0.821865,0.08727507,0.1112323
1699310160286,-0.812578,0.0623297,0.09981443
1699310160301,-0.8047507,0.0394468,0.08613851
1699310160315,-0.7992613,0.02892783,0.06848758
1699310160328,-0.7963795,0.02907102,0.049495
1699310160342,-0.7933735,0.03228214,0.02975775
1699310160355,-0.7883714,0.03521799,0.0123584
1699310160371,-0.7815663,0.03887903,-0.00375025
1699310160384,-0.7733943,0.04281567,-0.01681466
1699310160397,-0.7645772,0.04622487,-0.02649818
1699310160411,-0.7544056,0.04924342,-0.03473422
1699310160424,-0.7469041,0.05277647,-0.04069577
1699310160438,-0.7415861,0.05619234,-0.04615121
1699310160452,-0.7388957,0.0582133,-0.05048135
1699310160467,-0.7377937,0.05555069,-0.05363222
1699310160481,-0.7374645,0.04662626,-0.05631154
1699310160495,-0.7380984,0.03186334,-0.05816399
1699310160508,-0.7401583,0.01418407,-0.05953611
1699310160521,-0.7433844,-0.003129375,-0.06070187
1699310160535,-0.7482883,-0.018615,-0.06261398
1699310160549,-0.7549115,-0.03138005,-0.06527317
1699310160564,-0.7620476,-0.04212434,-0.06799652
1699310160578,-0.7702608,-0.05186702,-0.07081772
1699310160592,-0.7775781,-0.05980803,-0.07364359
1699310160606,-0.7845173,-0.06522847,-0.07668495
1699310160620,-0.7907166,-0.07007853,-0.07978459
1699310160632,-0.7967826,-0.07444169,-0.08305697
1699310160647,-0.8028308,-0.0785066,-0.08626871
1699310160662,-0.8081568,-0.08172907,-0.08972563
1699310160675,-0.8126373,-0.0837248,-0.09342751
1699310160688,-0.8165445,-0.08464637,-0.09751078
1699310160703,-0.8203396,-0.08351082,-0.1014187
1699310160717,-0.8247208,-0.08043224,-0.1049446
1699310160731,-0.8291516,-0.07482981,-0.1083232
1699310160742,-0.8335315,-0.06900786,-0.1115111
1699310160758,-0.8380133,-0.06461143,-0.1152117
1699310160772,-0.8418517,-0.06299011,-0.1183609
1699310160786,-0.8438482,-0.06355058,-0.1209871
1699310160800,-0.8438931,-0.06532997,-0.1231693
1699310160815,-0.8437645,-0.06153646,-0.1243958
1699310160828,-0.8514373,-0.02941371,-0.1258918
1699310160842,-0.8592594,0.01865207,-0.1261936
1699310160855,-0.8652142,0.0482641,-0.1261743
1699310160870,-0.8671368,0.06414051,-0.1244567
1699310160884,-0.8691108,0.07303312,-0.122458
1699310160897,-0.8721626,0.07818218,-0.1197362
1699310160911,-0.8735132,0.07407006,-0.1145227
1699310160925,-0.873422,0.06077617,-0.1063182
1699310160939,-0.8728004,0.04959627,-0.09711654
1699310160952,-0.8705497,0.04277758,-0.0863539
1699310160967,-0.8664229,0.03942295,-0.07472314
1699310160981,-0.8589158,0.03467793,-0.06168564
1699310160994,-0.8488886,0.0315955,-0.04917523
1699310161008,-0.8400512,0.03461892,-0.03754914
1699310161020,-0.8314008,0.04836842,-0.02758303
1699310161035,-0.8248034,0.06592672,-0.02070732
1699310161048,-0.818364,0.07794116,-0.01655364
1699310161063,-0.8090972,0.07880549,-0.01413727
1699310161078,-0.7997945,0.06912333,-0.01362336
1699310161093,-0.7924213,0.05403496,-0.01505202
1699310161106,-0.7886007,0.03978513,-0.01718998
1699310161119,-0.78692,0.02436351,-0.01992208
1699310161133,-0.7863299,0.007456782,-0.02165803
1699310161146,-0.7862505,-0.01324423,-0.02301669
1699310161159,-0.7868678,-0.03351879,-0.02311243
1699310161174,-0.7880177,-0.0533639,-0.02304587
1699310161189,-0.7895702,-0.0692537,-0.02238348
1699310161202,-0.7914828,-0.08019114,-0.02112044
1699310161215,-0.7936974,-0.08627128,-0.01993179
1699310161231,-0.7966261,-0.08915768,-0.01903929
1699310161245,-0.8001153,-0.08846336,-0.01837717
1699310161257,-0.803968,-0.08514861,-0.01705897
1699310161272,-0.8079233,-0.08010434,-0.01547974
1699310161285,-0.8115393,-0.07476947,-0.01436287
1699310161302,-0.8143631,-0.07057752,-0.01373461
1699310161315,-0.8168815,-0.06694853,-0.01320197
1699310161328,-0.819777,-0.06255947,-0.0127257
1699310161341,-0.8234282,-0.05791038,-0.01146838
1699310161356,-0.826959,-0.05381207,-0.009768322
1699310161369,-0.8302716,-0.05105472,-0.007720158
1699310161382,-0.8334682,-0.04876733,-0.005695984
1699310161396,-0.8371468,-0.04583993,-0.003491029
1699310161411,-0.8409193,-0.04297071,-0.0009777099
1699310161427,-0.8447006,-0.03998496,0.00157094
1699310161439,-0.8497279,-0.03358301,0.00456515
1699310161453,-0.8598323,-0.01126235,0.007344693
1699310161467,-0.8773764,0.03824975,0.01074374
1699310161481,-0.8876805,0.06927509,0.01405932
1699310161493,-0.8924205,0.07978341,0.01475197
1699310161510,-0.8923244,0.08384287,0.01344523
1699310161523,-0.891391,0.08874802,0.009746253
1699310161536,-0.8905326,0.09080525,0.005747393
1699310161550,-0.8872284,0.08632032,0.001052767
1699310161564,-0.8793203,0.06888768,-0.0054162
1699310161577,-0.8669431,0.04123789,-0.01463765
1699310161592,-0.8541165,0.01327239,-0.02586839
1699310161606,-0.8424906,-0.00297991,-0.0376855
1699310161618,-0.8316389,-0.006540926,-0.04797752
1699310161634,-0.8194742,-0.006542076,-0.05731551
1699310161647,-0.8040184,-0.006354612,-0.06748055
1699310161662,-0.7887056,-0.002960874,-0.07682517
1699310161675,-0.7727774,0.008364792,-0.08659227
1699310161688,-0.7591099,0.02631206,-0.09396768
1699310161703,-0.7482146,0.04764447,-0.09942453
1699310161716,-0.7390255,0.06718467,-0.1039342
1699310161731,-0.7305604,0.07743518,-0.1082011
1699310161744,-0.722641,0.07836938,-0.1123133
1699310161759,-0.714967,0.07076721,-0.1158336
1699310161773,-0.7085635,0.05762658,-0.1190926
1699310161787,-0.7036713,0.0430732,-0.1213903
1699310161800,-0.6998235,0.02649988,-0.1236776
1699310161814,-0.6979142,0.01181566,-0.1255928
1699310161826,-0.6973209,-0.000531433,-0.1279769
1699310161842,-0.6977061,-0.01173766,-0.1307297
1699310161855,-0.698711,-0.02313922,-0.1336789
1699310161869,-0.7005153,-0.03302744,-0.136627
1699310161883,-0.7030295,-0.04078584,-0.1396198
1699310161899,-0.7060848,-0.04696026,-0.1428837
1699310161911,-0.7089323,-0.05222894,-0.1461642
1699310161924,-0.7112201,-0.0577451,-0.1498144
1699310161938,-0.7140927,-0.06169934,-0.1538661
1699310161953,-0.7172022,-0.0632735,-0.1577555
1699310161967,-0.7203569,-0.06381597,-0.162728
1699310161981,-0.7239692,-0.06342715,-0.1676907
1699310161994,-0.7273912,-0.06278738,-0.1726504
1699310162007,-0.7317423,-0.06123343,-0.177672
1699310162021,-0.7370912,-0.05893608,-0.182305
1699310162036,-0.7429425,-0.05656157,-0.1864215
1699310162051,-0.7491596,-0.0547505,-0.1906492
1699310162064,-0.754923,-0.05386085,-0.1946489
1699310162077,-0.7602933,-0.05357869,-0.1983711
1699310162092,-0.7650174,-0.05422085,-0.2019234
1699310162107,-0.7674971,-0.05641977,-0.2052223
1699310162119,-0.7674208,-0.0581582,-0.2071356
1699310162133,-0.7707754,-0.04413442,-0.2075288
1699310162146,-0.7790883,0.003071285,-0.2069972
1699310162162,-0.7817096,0.03772978,-0.204752
1699310162175,-0.7836366,0.0637359,-0.2019287
1699310162189,-0.7849423,0.09164363,-0.198994
1699310162203,-0.7900039,0.1185368,-0.1964081
1699310162216,-0.7946122,0.1351684,-0.1912957
1699310162229,-0.7954159,0.1326577,-0.1833046
1699310162241,-0.7938908,0.1178055,-0.1741099
1699310162256,-0.7905735,0.09633064,-0.1632202
1699310162270,-0.7870066,0.07928953,-0.1523177
1699310162285,-0.7815087,0.06566699,-0.139229
1699310162299,-0.774475,0.05469938,-0.1248198
1699310162313,-0.7667459,0.046258,-0.111725
1699310162326,-0.7595657,0.04289269,-0.1006119
1699310162340,-0.7541472,0.04687699,-0.09220843
1699310162355,-0.7495635,0.05624715,-0.08585783
1699310162370,-0.7453274,0.06302247,-0.08171507
1699310162383,-0.7405292,0.06438202,-0.07917035
1699310162397,-0.7357743,0.06009804,-0.07764149
1699310162411,-0.7315573,0.05147829,-0.07672447
1699310162424,-0.728551,0.04141793,-0.07652633
1699310162439,-0.7261634,0.02872739,-0.07681038
1699310162453,-0.7242584,0.01357419,-0.07777569
1699310162467,-0.7227117,-0.001213557,-0.0797912
1699310162480,-0.7213423,-0.01491333,-0.08265766
1699310162495,-0.7195857,-0.02768613,-0.08530346
1699310162508,-0.7177379,-0.03892092,-0.08751921
1699310162522,-0.7156685,-0.04894686,-0.08902753
1699310162535,-0.7139959,-0.05696113,-0.08909505
1699310162549,-0.7125494,-0.06245079,-0.08864623
1699310162564,-0.7111721,-0.06669811,-0.0878219
1699310162578,-0.7097453,-0.07045514,-0.0866873
1699310162592,-0.7082001,-0.07334942,-0.08480777
1699310162606,-0.7066734,-0.07547747,-0.08344271
1699310162619,-0.7052933,-0.07747557,-0.08143468
1699310162633,-0.7039549,-0.07916863,-0.07858232
1699310162647,-0.702691,-0.08026612,-0.07449643
1699310162661,-0.7013451,-0.08083232,-0.06926388
1699310162674,-0.7007279,-0.08047167,-0.06444432
1699310162688,-0.7008267,-0.07923438,-0.05962347
1699310162703,-0.7016723,-0.07639215,-0.05468399
1699310162716,-0.7032878,-0.07252249,-0.04914295
1699310162729,-0.7047899,-0.06800237,-0.04295234
1699310162743,-0.7057376,-0.0637726,-0.03678754
1699310162758,-0.7058593,-0.05952369,-0.03012497
1699310162773,-0.70457,-0.05549463,-0.02418565
1699310162785,-0.7018098,-0.05123358,-0.01920006
1699310162799,-0.7032898,-0.03268596,-0.01643684
1699310162814,-0.7160114,0.02295166,-0.01526342
1699310162828,-0.7263269,0.07315437,-0.01439981
1699310162841,-0.7347667,0.1048448,-0.01501263
1699310162855,-0.7373234,0.123352,-0.01536444
1699310162870,-0.7392074,0.1307961,-0.01655584
1699310162882,-0.7382877,0.1294933,-0.01853716
1699310162896,-0.7313116,0.1141629,-0.02171548
1699310162911,-0.7176173,0.08446899,-0.0270647
1699310162924,-0.7003193,0.05242653,-0.03471807
1699310162938,-0.6833497,0.02923764,-0.04429884
1699310162950,-0.6700991,0.0220291,-0.05355095
1699310162965,-0.6601137,0.03059196,-0.06153386
1699310162979,-0.6520244,0.04271617,-0.06741299
1699310162994,-0.6410487,0.04887993,-0.07155449
1699310163008,-0.628572,0.05072774,-0.07423004
1699310163022,-0.6158699,0.05242584,-0.07535374
1699310163036,-0.6049044,0.05504702,-0.07500998
1699310163050,-0.5952016,0.0575106,-0.07497778
1699310163064,-0.5865048,0.05951148,-0.07610106
1699310163077,-0.5793217,0.0613937,-0.07855622
1699310163090,-0.5732901,0.06059046,-0.08074135
1699310163105,-0.5676157,0.05566398,-0.0814703
1699310163120,-0.5625106,0.04681806,-0.08075961
1699310163133,-0.5576754,0.03599484,-0.07935064
1699310163147,-0.5536711,0.02606584,-0.07773469
1699310163160,-0.5501533,0.01667863,-0.07597013
1699310163174,-0.5475011,0.00823989,-0.07368054
1699310163189,-0.5449249,0.0003021145,-0.07180791
1699310163203,-0.5425401,-0.007465944,-0.06996757
1699310163217,-0.5400711,-0.01365227,-0.06940695
1699310163231,-0.5372298,-0.01991297,-0.06968249
1699310163244,-0.5341786,-0.02586755,-0.07025567
1699310163257,-0.531477,-0.03075686,-0.0710232
1699310163271,-0.5282192,-0.03558117,-0.07243914
1699310163285,-0.5251788,-0.03953139,-0.07441527
1699310163300,-0.5219074,-0.04362286,-0.07688367
1699310163314,-0.5180163,-0.04807254,-0.0793455
1699310163327,-0.5147611,-0.05126195,-0.08143443
1699310163340,-0.5112692,-0.05420917,-0.08338412
1699310163353,-0.5076284,-0.0563152,-0.08552492
1699310163368,-0.5046095,-0.0574048,-0.08754818
1699310163383,-0.5016234,-0.05833394,-0.08976088
1699310163397,-0.498922,-0.05933305,-0.09227363
1699310163410,-0.4959176,-0.0610281,-0.09518812
1699310163424,-0.4926259,-0.06289412,-0.09809851
1699310163440,-0.4885692,-0.06480039,-0.1008646
1699310163453,-0.483741,-0.06657171,-0.1033044
1699310163466,-0.4789639,-0.06693055,-0.1051927
1699310163479,-0.4753997,-0.06286474,-0.1062037
1699310163493,-0.4750018,-0.04464643,-0.1073261
1699310163508,-0.4787183,-0.0109319,-0.1076877
1699310163520,-0.4804465,0.01304359,-0.1074608
1699310163535,-0.480705,0.02692696,-0.107555
1699310163549,-0.4818318,0.04154575,-0.1078434
1699310163563,-0.4840134,0.05142032,-0.1085902
1699310163577,-0.4874099,0.05866268,-0.1084673
1699310163591,-0.4898472,0.06198253,-0.1077428
1699310163605,-0.490861,0.06108891,-0.1068114
1699310163620,-0.4889589,0.05760795,-0.1060023
1699310163634,-0.4847963,0.05376007,-0.1047155
1699310163648,-0.4785781,0.05120686,-0.1023476
1699310163662,-0.4714125,0.04913687,-0.09912463
1699310163675,-0.4637433,0.04729996,-0.09509976
1699310163688,-0.4566081,0.04648407,-0.08986175
1699310163703,-0.4481932,0.04578814,-0.08347332
1699310163716,-0.4394446,0.04226325,-0.07771353
1699310163732,-0.4292826,0.03656277,-0.07200506
1699310163743,-0.4188044,0.02954668,-0.06598127
1699310163759,-0.4094779,0.02275341,-0.06023867
1699310163772,-0.4005023,0.01800865,-0.0544197
1699310163784,-0.3934806,0.01626303,-0.04908309
1699310163799,-0.3870443,0.01809567,-0.04350095
1699310163814,-0.3809547,0.0222663,-0.03827313
1699310163828,-0.3738165,0.02364094,-0.03341811
1699310163841,-0.3642711,0.02229539,-0.02902191
1699310163854,-0.3534161,0.02147081,-0.02564368
1699310163869,-0.342532,0.02294389,-0.0226771
1699310163883,-0.3310794,0.0253362,-0.02007022
1699310163896,-0.3197181,0.0271172,-0.0183604
1699310163911,-0.3075497,0.02753571,-0.01752816
1699310163925,-0.2952667,0.02677285,-0.01732385
1699310163938,-0.2846417,0.02581256,-0.01727324
1699310163951,-0.2740383,0.02412601,-0.01737951
1699310163967,-0.2632085,0.02123067,-0.0174154
1699310163981,-0.2529786,0.01703913,-0.01750807
1699310163994,-0.243404,0.01319614,-0.01762373
1699310164008,-0.2349859,0.01101108,-0.01724765
1699310164021,-0.2273629,0.01059318,-0.01620805
1699310164035,-0.2203177,0.01050766,-0.01470126
1699310164049,-0.2129471,0.008952997,-0.01214601
1699310164065,-0.2061495,0.007786924,-0.009331886
1699310164078,-0.1992761,0.006928327,-0.0058681
1699310164092,-0.1926296,0.005090175,-0.002169199
1699310164106,-0.185429,0.001905355,0.002156407
1699310164119,-0.1781749,-0.001341523,0.006669274
1699310164133,-0.1707968,-0.004385713,0.01096425
1699310164147,-0.163605,-0.006193873,0.015524
1699310164163,-0.1566462,-0.007555785,0.01959847
1699310164174,-0.1489574,-0.009945093,0.02319619
1699310164188,-0.1406498,-0.0133292,0.02683969
1699310164202,-0.1318735,-0.01720414,0.03046126
1699310164217,-0.1225002,-0.02023077,0.03359795
1699310164231,-0.1137916,-0.02127895,0.03661766
1699310164245,-0.1049139,-0.02173406,0.03942342
1699310164257,-0.09588643,-0.02239544,0.04233474
1699310164271,-0.0863051,-0.02296541,0.04573499
1699310164286,-0.07688928,-0.02321154,0.04867736
1699310164300,-0.06831207,-0.02049547,0.05204669
1699310164313,-0.06215106,-0.01285372,0.05571394
1699310164328,-0.05579121,-0.006255222,0.05952142
1699310164341,-0.04962289,-0.001345091,0.0636348
1699310164354,-0.04430508,0.002434979,0.06739926
1699310164369,-0.04004702,0.008141015,0.07140368
1699310164384,-0.03755027,0.01474263,0.07538137
1699310164399,-0.03631919,0.01972598,0.07922565
1699310164411,-0.03470253,0.02012013,0.08292392
1699310164425,-0.03319167,0.01600887,0.08690299
1699310164440,-0.03125931,0.009052221,0.09069534
1699310164451,-0.02977613,0.002323956,0.09377995
1699310164467,-0.02865089,-0.002515977,0.0958291
1699310164480,-0.02782358,-0.0057192,0.09724924
1699310164495,-0.02658326,-0.007242336,0.09776247
1699310164509,-0.0244773,-0.007537741,0.09698262
1699310164521,-0.02205762,-0.00721277,0.09548458
1699310164535,-0.0194401,-0.005914609,0.09324276
1699310164549,-0.01658459,-0.004548813,0.09087612
1699310164564,-0.01414711,-0.002650024,0.08874439
1699310164578,-0.01230759,-0.0008122001,0.0870112
1699310164592,-0.01061094,0.0006433925,0.08550299
1699310164606,-0.009052468,0.001247392,0.08430418
1699310164621,-0.007843236,0.001375941,0.0834166
1699310164635,-0.006380962,0.0001659017,0.08288027
1699310164648,-0.00495206,-0.001219873,0.08200651
1699310164660,-0.003651847,-0.00277089,0.08112507
1699310164673,-0.002276225,-0.003833215,0.07994994
1699310164689,-0.0008484889,-0.00494347,0.07913437
1699310164703,0.0006177519,-0.005318282,0.07853987
1699310164716,0.00229897,-0.005239566,0.07817271
1699310164729,0.004023385,-0.005173297,0.07814861
1699310164744,0.005969372,-0.004421784,0.07830841
1699310164758,0.007739821,-0.003793665,0.07894462
1699310164773,0.01000064,-0.003362085,0.07918367
1699310164785,0.01189772,-0.003084947,0.07893851
1699310164799,0.01361909,-0.003026036,0.07859446
1699310164814,0.01540988,-0.002991527,0.07800236
1699310164828,0.01681477,-0.002811077,0.07753438
1699310164842,0.01826078,-0.002578019,0.07699607
1699310164857,0.01969881,-0.002713481,0.07642468
1699310164870,0.02122067,-0.002965197,0.07586143
1699310164882,0.02245307,-0.002864966,0.07523182
1699310164897,0.02341145,-0.002835958,0.07475306
1699310164911,0.02388982,-0.00174311,0.07399209
1699310164925,0.02413006,-0.0003083269,0.07314776
1699310164939,0.02402326,0.0005572608,0.07250606
1699310164951,0.02400254,0.001173532,0.07143927
1699310164967,0.02407854,0.001361292,0.07022524
1699310164980,0.02401258,0.001858566,0.06873664
1699310164993,0.02344839,0.002743089,0.06701313
1699310165009,0.02306315,0.003468683,0.06468289
1699310165021,0.02263473,0.003679668,0.06226364
1699310165035,0.02184031,0.003924299,0.05976059
1699310165049,0.02052818,0.004353001,0.05697879
1699310165065,0.01886704,0.00461642,0.0538093
1699310165079,0.01687851,0.004489052,0.05077005
1699310165092,0.01491002,0.00384272,0.04729331
1699310165106,0.01300126,0.003033566,0.04369145
1699310165119,0.01114762,0.00161,0.04037754
1699310165136,0.009181881,-0.0002726572,0.03664836
1699310165148,0.007860294,-0.00121959,0.03362882
1699310165162,0.006353163,-0.001521357,0.03086631
1699310165174,0.004783599,-0.001111174,0.02804734
1699310165188,0.003133535,-0.0003169956,0.02552711
1699310165202,0.001547354,0.0008887746,0.02320348
1699310165216,-0.0002716808,0.001942948,0.02100949
1699310165231,-0.002163738,0.002970524,0.01916881
1699310165244,-0.004048932,0.00331099,0.01741553
1699310165258,-0.005683276,0.003235233,0.01591655
1699310165272,-0.006998083,0.002677956,0.01391485
1699310165285,-0.008186957,0.001726718,0.01223595
1699310165301,-0.009651918,0.000567458,0.01069518
1699310165315,-0.01125168,0.0001942191,0.00875183
1699310165329,-0.01275779,-0.0002036518,0.006719934
1699310165342,-0.01429108,-0.0003831656,0.004747432
1699310165355,-0.01585099,-0.0004592266,0.002703233
1699310165369,-0.01719462,-0.001102185,0.00104782
1699310165383,-0.01828233,-0.001836512,-0.0008961747
1699310165398,-0.01895578,-0.0024065,-0.002843837
1699310165412,-0.01928979,-0.003653051,-0.004823261
1699310165425,-0.01942768,-0.00435341,-0.006766019
1699310165438,-0.01955207,-0.004734342,-0.008501032
1699310165452,-0.01938881,-0.005081855,-0.01029784
1699310165466,-0.01918314,-0.004937124,-0.01211555
1699310165480,-0.01856889,-0.005161924,-0.0140576
1699310165493,-0.0180681,-0.005151984,-0.01522443
1699310165507,-0.01729367,-0.004826786,-0.01617506
1699310165523,-0.01641187,-0.004581578,-0.01694477
1699310165536,-0.01511651,-0.004113027,-0.01771113
1699310165549,-0.01402324,-0.003867422,-0.01805168
1699310165565,-0.01298644,-0.003553248,-0.01820951
1699310165577,-0.01176622,-0.003226718,-0.0181811
1699310165591,-0.01059617,-0.002876485,-0.01803756
1699310165605,-0.009295851,-0.002351514,-0.01795451
1699310165619,-0.008155045,-0.001531454,-0.01783642
1699310165634,-0.007121475,-0.0008871981,-0.01774645
1699310165649,-0.006164043,-0.0002629767,-0.01764193
1699310165661,-0.005204418,0.0001279565,-0.01761255
1699310165674,-0.004286689,0.000183278,-0.01768161
1699310165688,-0.003791791,0.000533396,-0.01783939
1699310165703,-0.003567646,0.001078368,-0.01793917
1699310165717,-0.003229729,0.001068244,-0.01789288
1699310165731,-0.002496216,0.0008726024,-0.01827029
1699310165745,-0.001700728,0.0008211873,-0.0187541
1699310165760,-0.0008087696,0.001139826,-0.01894782
1699310165774,-7.753447e-05,0.001352846,-0.01889052
1699310165786,0.0006845132,0.001635382,-0.01903457
1699310165802,0.00186214,0.001425949,-0.01924755
1699310165814,0.002851723,0.001465518,-0.01930854
1699310165827,0.003747514,0.001823199,-0.01942712
1699310165842,0.004346094,0.002214794,-0.01941844
1699310165856,0.004896806,0.002802741,-0.01967528
1699310165869,0.00528578,0.00328399,-0.02000272
1699310165883,0.005838629,0.003324522,-0.02020177
1699310165897,0.006300158,0.003223109,-0.02009469
1699310165909,0.006665105,0.002845698,-0.01976503
1699310165925,0.007234077,0.00217515,-0.01959227
1699310165939,0.007548428,0.00157186,-0.01913288
1699310165951,0.007749468,0.001800729,-0.01905898
1699310165967,0.007632442,0.001843614,-0.01891744
1699310165981,0.00756527,0.002773168,-0.01890515
1699310165993,0.007556436,0.002850738,-0.01929715
1699310166007,0.007728212,0.002585526,-0.01985492
1699310166021,0.007753765,0.001284915,-0.0199799
1699310166038,0.008057131,0.0002813571,-0.02010606
1699310166050,0.008357701,-0.0001465463,-0.02072669
1699310166065,0.008344114,0.0005701747,-0.0214226
1699310166079,0.00804418,0.001829068,-0.02183511
1699310166091,0.007928107,0.003314163,-0.02234739
1699310166106,0.007649343,0.003692881,-0.02245578
1699310166120,0.007759688,0.003152178,-0.02266091
1699310166133,0.007558054,0.001924756,-0.02272841
1699310166147,0.007394267,0.0007461664,-0.02290778
1699310166163,0.00724128,0.0001333867,-0.02286121
1699310166177,0.006843102,3.457628e-05,-0.02258231
1699310166191,0.006835928,7.039934e-05,-0.02251991
1699310166203,0.006841406,-0.0003840422,-0.02212669
1699310166216,0.007060593,-0.001225375,-0.02169512
1699310166230,0.007182188,-0.002162224,-0.02109872
1699310166244,0.007273199,-0.003063504,-0.02030256
1699310166260,0.007309269,-0.003175992,-0.01964168
1699310166271,0.007096182,-0.002597256,-0.01893988
1699310166286,0.007262218,-0.00220385,-0.01846876
1699310166300,0.007708039,-0.001957071,-0.0178589
1699310166315,0.008272462,-0.002097654,-0.01722675
1699310166327,0.009048035,-0.002468775,-0.01671241
1699310166341,0.009683679,-0.002127079,-0.01604813
1699310166357,0.0104107,-0.0013007,-0.01542466
1699310166371,0.01121138,-3.217609e-05,-0.01497074
1699310166384,0.01198872,0.001246768,-0.01421973
1699310166398,0.01315343,0.001595538,-0.01320176
1699310166411,0.01434837,0.001852965,-0.01179821
1699310166427,0.01570576,0.0013713,-0.01004886
1699310166439,0.01690774,0.0007164439,-0.008144041
1699310166451,0.01783867,0.0007618453,-0.006313424
1699310166466,0.01840308,0.0009028151,-0.004652564
1699310166480,0.0189823,0.001436837,-0.00288961
1699310166495,0.01993277,0.001538355,-0.000994792
1699310166510,0.02150952,0.0003837683,0.001592677
1699310166521,0.02324128,-0.0009979201,0.004396708
1699310166535,0.02481874,-0.001575044,0.007519729
1699310166550,0.02627738,-0.001363,0.01063567
1699310166565,0.0279603,-0.0007711484,0.01364352
1699310166579,0.02985082,-0.0008574571,0.01716338
1699310166592,0.03167177,-0.0012323,0.02077849
1699310166607,0.03372559,-0.001577989,0.02449959
1699310166620,0.03528955,-0.001245369,0.02816068
1699310166635,0.03642495,-0.0003149859,0.03184628
1699310166648,0.03730656,0.0004197061,0.03532031
1699310166661,0.03811425,0.001183604,0.03835229
1699310166675,0.0384225,0.001838145,0.04135979
1699310166689,0.03830739,0.002827074,0.04377205
1699310166704,0.03804965,0.003623988,0.04589215
1699310166716,0.03770003,0.003881743,0.04738238
1699310166731,0.03696221,0.003990644,0.04829554
1699310166745,0.03620834,0.004181478,0.04883298
1699310166759,0.03433936,0.004639297,0.0497597
1699310166773,0.03237503,0.005416299,0.04983799
1699310166786,0.03029314,0.005842655,0.04961395
1699310166799,0.0286477,0.005741965,0.04856407
1699310166815,0.026696,0.005862056,0.04713625
1699310166827,0.024178,0.006551734,0.04484143
1699310166840,0.02149807,0.007074284,0.04294557
1699310166855,0.01909532,0.006784636,0.04048419
1699310166869,0.01708384,0.005676087,0.03820159
1699310166883,0.01494024,0.004626515,0.03582423
1699310166898,0.0127152,0.0042252,0.03348579
1699310166911,0.01071079,0.004052261,0.03067499
1699310166926,0.009333899,0.002763151,0.02788602
1699310166940,0.007984459,0.0009678265,0.02534534
1699310166952,0.007032697,-0.0003368644,0.02282121
1699310166967,0.005791247,-0.001267132,0.02002989
1699310166981,0.004733854,-0.001237273,0.01716385
1699310166995,0.003517763,-0.00105954,0.01475611
1699310167008,0.002865585,-0.001044415,0.01221567
1699310167022,0.002670542,-0.001402427,0.009488472
1699310167036,0.002292984,-0.001265058,0.006767601
1699310167049,0.001992542,-0.001020508,0.004019497
1699310167062,0.001741314,-0.00121071,0.001589303
1699310167077,0.001495349,-0.001792473,-0.0005065706
1699310167092,0.001206916,-0.002360108,-0.002182917
1699310167107,0.0006067287,-0.002461347,-0.003346949
1699310167120,-0.0002514783,-0.00183902,-0.004535262
1699310167134,-0.001638525,-0.0004088032,-0.005419115
1699310167147,-0.002718528,0.0004496391,-0.006589571
1699310167160,-0.003864416,0.001027626,-0.00754259
1699310167175,-0.004777712,0.0002795711,-0.008591834
1699310167189,-0.005568531,-0.000688101,-0.009187656
1699310167205,-0.006341807,-0.00190396,-0.009932333
1699310167216,-0.007306891,-0.003355312,-0.01000458
1699310167231,-0.008073745,-0.004850614,-0.009566712
1699310167245,-0.008774579,-0.006570626,-0.008680472
1699310167258,-0.009484884,-0.008060972,-0.007306849
1699310167272,-0.01006328,-0.00912242,-0.006095614
1699310167285,-0.0105884,-0.00941661,-0.004550734
1699310167300,-0.01101765,-0.009470793,-0.003416983
1699310167314,-0.01155368,-0.008610164,-0.002147053
1699310167328,-0.01148815,-0.00723108,-0.001669201
1699310167343,-0.01097322,-0.005741589,-0.001252288
1699310167358,-0.01018963,-0.004839781,-0.0009780689
1699310167371,-0.009411521,-0.004273602,-0.0005404031
1699310167383,-0.008770627,-0.003869072,0.0001236171
1699310167398,-0.007765071,-0.003388392,0.0005001676
1699310167411,-0.006834063,-0.002927366,0.0006058968
1699310167427,-0.00576237,-0.003095591,0.0007163906
1699310167442,-0.00474872,-0.002836249,0.0009794903
1699310167454,-0.003837303,-0.00205217,0.0007846429
1699310167468,-0.002707246,-0.00167443,0.0004626543
1699310167482,-0.001558796,-0.001185147,-0.0001541577
1699310167494,-0.0007713395,-0.0008328012,-0.0003089293
1699310167508,-0.0001320869,-0.0006744747,-0.0004436602
1699310167522,0.0006574021,-0.0005574939,-0.0005302897
1699310167538,0.00146344,-0.0009012333,-0.0007450751
1699310167551,0.002266772,-0.0007642046,-0.001238479
1699310167564,0.00261306,-0.0009330426,-0.001406045
1699310167578,0.002980866,-0.001263821,-0.001480516
1699310167593,0.003113295,-0.001264867,-0.002011639
1699310167606,0.003230284,-0.001251718,-0.002200502
1699310167618,0.003088008,-0.0008314078,-0.002868576
1699310167633,0.002694663,-0.0003171476,-0.00317044
1699310167646,0.002675331,-0.0001809415,-0.003611816
1699310167662,0.003005213,-0.001178704,-0.003591145
1699310167676,0.003442316,-0.002136734,-0.00355688
1699310167688,0.003480724,-0.002598517,-0.003164961
1699310167702,0.002971851,-0.002329195,-0.002744823
1699310167716,0.002252491,-0.001511957,-0.002431286
1699310167732,0.001688195,-0.001168221,-0.002030271
1699310167744,0.001572568,-0.001065167,-0.001893339
1699310167760,0.001412192,-0.001634838,-0.001187735
1699310167773,0.001199923,-0.001912739,-0.0007292198
1699310167786,0.0009541835,-0.002029323,-0.0001960642
1699310167801,0.0005907636,-0.002015915,0.000361294
1699310167815,0.0004438874,-0.00144172,0.0006470395
1699310167827,0.0002388704,-0.000828065,0.001205792
1699310167840,0.0001174758,-0.0002561118,0.001472626
1699310167855,6.877456e-05,-0.0003885346,0.001967108
1699310167869,0.000154909,-0.0004444559,0.00209686
1699310167884,0.0001725011,-0.0008497314,0.002320527
1699310167898,3.990269e-05,-0.001368961,0.002459498
1699310167915,-0.0001150803,-0.001775706,0.00276422
1699310167924,0.000129133,-0.002343429,0.003096198
1699310167938,0.0005497941,-0.002611094,0.003587087
1699310167951,0.0008460843,-0.002753538,0.004039032
1699310167967,0.001292771,-0.002798765,0.004620262
1699310167981,0.001723551,-0.002669894,0.004915077
1699310167992,0.002021357,-0.002655611,0.00513039
1699310168006,0.002530299,-0.002643141,0.005398633
1699310168020,0.002930002,-0.002525719,0.005828529
1699310168035,0.003317136,-0.002264662,0.006296626
1699310168048,0.003408586,-0.00126115,0.006866637
1699310168064,0.003402767,-0.0009020802,0.006814564
1699310168077,0.003227038,-0.00019685,0.006568741
1699310168091,0.00306251,-0.0005326264,0.006763848
1699310168104,0.003210413,-0.001246091,0.006988955
1699310168116,0.00335288,-0.002222763,0.007159716
1699310168132,0.003605834,-0.003119272,0.007338349
1699310168146,0.003537985,-0.003164735,0.007414069
1699310168159,0.003501994,-0.003362717,0.007136264
1699310168173,0.003480558,-0.003248454,0.006697317
1699310168187,0.003496025,-0.0026739,0.006134207
1699310168202,0.003777404,-0.001974626,0.005416036
1699310168216,0.004377796,-0.002318892,0.004829603
1699310168229,0.005196351,-0.002888332,0.00417061
1699310168242,0.005907797,-0.003368549,0.003392028
1699310168256,0.006433589,-0.003464006,0.002937774
1699310168271,0.006978176,-0.002931412,0.002322924
1699310168285,0.00750293,-0.001910057,0.001476563
1699310168300,0.008220426,-0.001057324,0.0006970232
1699310168315,0.009166465,-7.393787e-05,0.0001774736
1699310168327,0.00963206,0.0009815855,-0.0004900167
1699310168338,0.009938838,0.001970427,-0.000792402
1699310168351,0.01008998,0.00279706,-0.001204352
1699310168365,0.01032823,0.003046792,-0.001978539
1699310168380,0.01029171,0.002904664,-0.002402968
1699310168395,0.01051002,0.002610917,-0.002233456
1699310168409,0.01083854,0.001864225,-0.002084554
1699310168424,0.01111014,0.001545504,-0.001890068
1699310168437,0.01108699,0.001448642,-0.001706287
1699310168451,0.01083297,0.00132989,-0.0009377009
1699310168466,0.0106749,0.001226498,-0.0004671373
1699310168479,0.01035216,0.001022747,0.0001353316
1699310168493,0.01004885,0.000896228,0.0006222131
1699310168506,0.0096918,0.001018607,0.000848549
1699310168520,0.009456036,0.0009193791,0.001038319
1699310168534,0.009213911,0.0007665256,0.0011205
1699310168548,0.00904674,0.0002706808,0.0008835484
1699310168563,0.009029163,-0.0001897863,0.0006353236
1699310168577,0.009242631,-0.001030515,0.0005016364
1699310168589,0.009437568,-0.001665381,0.0001981306
1699310168603,0.009294295,-0.001295123,5.461311e-05
1699310168616,0.009018891,-0.0007355125,-0.0001841581
1699310168631,0.008667976,5.226914e-05,-0.0004836256
1699310168646,0.008623963,-0.0001462957,-0.0005784665
1699310168660,0.008799175,-0.0003914794,-0.0008138295
1699310168674,0.008892147,-0.001085421,-0.0006624962
1699310168687,0.009081885,-0.001404139,-0.0006017293
1699310168700,0.00911498,-0.001358642,-0.0003647711
1699310168716,0.009137996,-0.0008123695,5.465117e-06
1699310168728,0.008816714,-0.0002774466,0.0008026158
1699310168744,0.008456118,0.0004860362,0.001511573
1699310168755,0.008644981,0.0005241617,0.001745073
1699310168770,0.008944693,0.0001110668,0.001958343
1699310168783,0.00940208,-0.0003526945,0.002282569
1699310168797,0.009982511,-0.0005273643,0.002281186
1699310168812,0.01044085,-0.0004972537,0.002541226
1699310168825,0.0108929,0.0003515043,0.002999639
1699310168838,0.01140128,0.0008920745,0.003359977
1699310168852,0.01217913,0.001282897,0.003490909
1699310168866,0.0128083,0.00203363,0.003649822
1699310168880,0.01303468,0.002749953,0.003598159
1699310168895,0.01315534,0.003720391,0.003175042
1699310168909,0.01315605,0.004936473,0.002648768
1699310168926,0.01300108,0.006097719,0.001760508
1699310168939,0.01260555,0.007281959,0.0009289079
1699310168952,0.01244165,0.00804885,-1.185993e-05
1699310168967,0.01212823,0.008120625,-0.0005349257
1699310168980,0.01197116,0.008134665,-0.001024568
1699310168993,0.01163345,0.007965389,-0.001416017
1699310169008,0.01115113,0.008017628,-0.001386988
1699310169021,0.01069807,0.008184882,-0.001188223
1699310169031,0.010421,0.008061212,-0.0009034277
1699310169045,0.01021485,0.008644903,-0.0006826732
1699310169059,0.009967403,0.009972655,-9.28822e-05
1699310169075,0.01011714,0.01174419,0.0002393562
1699310169089,0.01048669,0.01338446,0.0007134002
1699310169103,0.01105708,0.01404533,0.00122985
1699310169116,0.01191292,0.01403747,0.001740967
1699310169131,0.01261165,0.01379366,0.002322405
1699310169145,0.01306706,0.01361916,0.002492908
1699310169158,0.0130725,0.01362307,0.002670333
1699310169172,0.01287248,0.01367832,0.002546767
1699310169186,0.01260659,0.01266835,0.002594632
1699310169200,0.01209816,0.01193245,0.002435494
1699310169214,0.01196811,0.01154588,0.00187822
1699310169228,0.01173043,0.01092499,0.001445947
1699310169242,0.01186101,0.01055149,0.0003647835
1699310169255,0.01170194,0.01018797,-0.0004638814
1699310169269,0.01148803,0.00968753,-0.00104265
1699310169283,0.01069384,0.00943977,-0.001527134
1699310169298,0.009969722,0.008668578,-0.002123033
1699310169311,0.009218089,0.008565839,-0.00274634
1699310169326,0.008435695,0.00792419,-0.003174496
1699310169340,0.007558184,0.007332131,-0.003240646
1699310169352,0.007131464,0.006630998,-0.003860054
1699310169366,0.006542336,0.005457259,-0.004013739
1699310169380,0.006002836,0.00475014,-0.004414979
1699310169393,0.005370029,0.004449792,-0.004553562
1699310169408,0.004853788,0.004343393,-0.004783687
1699310169422,0.004497762,0.004098094,-0.004829044
1699310169436,0.004206655,0.003702,-0.004700777
1699310169450,0.004102081,0.003331868,-0.00493338
1699310169464,0.004012917,0.002723777,-0.005046349
1699310169477,0.003802702,0.002698641,-0.005315919
1699310169491,0.003347609,0.002383289,-0.005592624
1699310169505,0.002650522,0.002486105,-0.005750915
1699310169519,0.001989809,0.002581851,-0.006178442
1699310169533,0.001208883,0.002837679,-0.006764188
1699310169550,0.0006361461,0.002649636,-0.007472876
1699310169561,-4.396506e-05,0.002772046,-0.008128854
1699310169574,-0.0005235844,0.002932941,-0.008999806
1699310169588,-0.00104311,0.003082185,-0.00973375
1699310169602,-0.00149525,0.002957542,-0.01044768
1699310169616,-0.001887312,0.00257646,-0.01125474
1699310169632,-0.002370115,0.001783325,-0.01192146
1699310169645,-0.003125596,0.001577015,-0.01258612
1699310169657,-0.003781305,0.001091204,-0.01311206
1699310169671,-0.004503679,0.0005449728,-0.01373287
1699310169685,-0.005249753,8.946063e-05,-0.01418651
1699310169700,-0.006263299,-0.000536274,-0.01463291
1699310169713,-0.007041704,-0.0006637633,-0.01495499
1699310169727,-0.007668275,-0.0008327924,-0.01498214
1699310169741,-0.008094914,-0.001392753,-0.01486243
1699310169756,-0.00839417,-0.00201089,-0.01460945
1699310169770,-0.008563181,-0.002456901,-0.01410274
1699310169783,-0.008523562,-0.002598311,-0.01381229
1699310169796,-0.008643801,-0.00230192,-0.01310731
1699310169810,-0.008863057,-0.002309616,-0.01225976
1699310169825,-0.008900381,-0.002447906,-0.01118006
1699310169839,-0.008988213,-0.002675483,-0.01018566
1699310169852,-0.009059956,-0.002581681,-0.009110965
1699310169867,-0.008819773,-0.002706838,-0.008300272
1699310169880,-0.008529129,-0.003011829,-0.007233759
1699310169895,-0.008192925,-0.002967277,-0.006159177
1699310169908,-0.007638562,-0.002428836,-0.005472721
1699310169922,-0.007256836,-0.001827516,-0.004572885
1699310169937,-0.006653204,-0.001258175,-0.003726779
1699310169951,-0.006050553,-0.0006017951,-0.002976113
1699310169965,-0.005324326,9.390875e-06,-0.002590689
1699310169978,-0.004707541,0.0001390715,-0.001913112
1699310169991,-0.004003218,0.0001292998,-0.001693511
1699310170006,-0.00348729,0.0002434035,-0.001779594
1699310170019,-0.003109473,0.0003814308,-0.001539944
1699310170034,-0.002397444,0.0002732227,-0.001533217
1699310170047,-0.001354441,-9.414763e-05,-0.001841391
1699310170062,-0.0003677256,-0.0003575579,-0.001853097
1699310170075,0.0003063758,-0.0003192044,-0.001782242
1699310170088,0.0008366138,-6.74894e-05,-0.001757966
1699310170102,0.001304441,0.000265871,-0.001897104
1699310170116,0.001707348,0.0007469223,-0.002193966
1699310170131,0.001937017,0.000868763,-0.002306305
1699310170145,0.002202634,0.0007308983,-0.002467301
1699310170160,0.00242642,0.0007107184,-0.002640381
1699310170172,0.002654106,0.0005570481,-0.002790877
1699310170186,0.002744895,0.0005253345,-0.002811221
1699310170200,0.002710844,0.0004590305,-0.003013184
1699310170214,0.00276179,0.0001507124,-0.003067211
1699310170228,0.002694674,-3.060847e-05,-0.002874507
1699310170243,0.002682773,1.228805e-05,-0.002701383
1699310170256,0.002733455,-0.0001832757,-0.002448582
1699310170269,0.002766381,-0.0004161757,-0.002141393
1699310170283,0.002659209,-0.0005554641,-0.001638613
1699310170297,0.002647788,-0.0005821432,-0.001654474
1699310170311,0.002762014,-0.0006986299,-0.001620627
1699310170325,0.002711184,-0.0008807686,-0.001269475
1699310170338,0.002678691,-0.0009608243,-0.00111495
1699310170352,0.002825964,-0.001421751,-0.0008744312
1699310170367,0.002905933,-0.001626892,-0.0006765608
1699310170381,0.002995186,-0.00140818,-0.0005598542
1699310170395,0.002825217,-0.001166156,-0.0002030797
1699310170408,0.002708284,-0.0009936561,7.188445e-05
1699310170422,0.002664753,-0.0009314625,0.0003228777
1699310170436,0.002925364,-0.0009413151,0.0004038348
1699310170450,0.003057743,-0.001154444,0.0006176338
1699310170464,0.002990182,-0.0009337244,0.0008210786
1699310170479,0.002965651,-0.0008050127,0.0009560885
1699310170492,0.002854966,-0.0006848802,0.001067359
1699310170506,0.002745101,-0.0005640762,0.001343033
1699310170519,0.002801404,-0.0006982579,0.001607987
1699310170533,0.002810736,-0.0008341779,0.001892099
1699310170547,0.002613566,-0.001231178,0.00219649
1699310170563,0.002358042,-0.001104095,0.002631926
1699310170575,0.002056895,-0.0008399395,0.003039538
1699310170589,0.001917948,-0.0005904199,0.003090203
1699310170604,0.001837946,-0.0007190349,0.003146317
1699310170617,0.001862709,-0.0007514472,0.003159393
1699310170633,0.001806858,-0.0005888953,0.003251093
1699310170644,0.002101062,-0.0009056658,0.003079579
1699310170658,0.002150567,-0.0006785205,0.003262714
1699310170672,0.002258104,-0.0004981761,0.003469837
1699310170687,0.002301343,-0.0007414689,0.003772912
1699310170701,0.002353991,-0.00074783,0.0041801
1699310170716,0.002474841,-0.0005430575,0.00454723
1699310170728,0.002491081,-0.0005708054,0.005101784
1699310170742,0.002698517,-0.0007655647,0.005515497
1699310170756,0.0026921,-0.0005902004,0.005851155
1699310170771,0.002795645,-0.0004462379,0.006301856
1699310170785,0.00266056,-0.0004734586,0.00666813
1699310170798,0.002570158,-0.0001858498,0.007008063
1699310170811,0.002157052,-0.0002014816,0.007618343
1699310170826,0.001874555,0.0001141946,0.00810663
1699310170839,0.001330285,-5.897196e-05,0.008691031
1699310170853,0.0008023584,-0.0001860025,0.008941317
